id,part_code,part_name,locator_id,created_at
000dbfda-d2e3-4a26-9b3e-b05a7063975c,SKU-10439,Body Shell W41,CTRA1-D-031-2,2026-07-21 02:30:02.965479+00
0020f426-8ef7-42d4-b609-9d17802808bd,SKU-11550,Gearbox R14,CTRA1-M-020-1,2026-07-21 02:30:02.965479+00
004100af-decc-4fe5-9ea0-07554de03db2,SKU-12692,Body Shell N98,CTRA1-V-024-1,2026-07-21 02:30:02.965479+00
00515da0-d3bd-492d-bac3-bc1439b70c44,SKU-12117,Wheel Axle H26,CTRA1-Q-051-2,2026-07-21 02:30:02.965479+00
00559877-e1e0-49a8-9db3-a8d0cdf24549,SKU-10625,Wheel Axle T60,CTRA1-E-061-2,2026-07-21 02:30:02.965479+00
006a61de-e7c6-4d7e-b0bd-d35150103c83,SKU-11682,Wheel Axle Q93,CTRA1-N-023-1,2026-07-21 02:30:02.965479+00
0085fb24-0ecc-4a9f-a5f2-282fa666778b,SKU-11946,Sensor Component N45,CTRA1-P-029-1,2026-07-21 02:30:02.965479+00
008ffac4-936f-4840-b5ae-fa05209e9dbc,SKU-10626,Motor F39,CTRA1-E-062-1,2026-07-21 02:30:02.965479+00
00a2ff85-9a7e-49c0-a725-aab32ee903fd,SKU-10654,Casing E33,CTRA1-F-013-1,2026-07-21 02:30:02.965479+00
00bf07e7-a22f-4d9e-9ee6-8ab400dceea8,SKU-12135,Casing T11,CTRA1-Q-060-2,2026-07-21 02:30:02.965479+00
00d72a73-f634-4b48-b1f4-ddbccd281da0,SKU-12170,Casing R63,CTRA1-R-015-1,2026-07-21 02:30:02.965479+00
00ee947c-d66d-441c-ac6c-a34556bf57a9,SKU-12815,Casing C70,CTRA1-W-022-2,2026-07-21 02:30:02.965479+00
01090910-ee2f-48a6-baaa-36ab5382898b,SKU-12759,Sensor Component N9,CTRA1-V-057-2,2026-07-21 02:30:02.965479+00
0118d18d-f1e6-4982-9ef7-259bfa421f09,SKU-10385,Panel C54,CTRA1-D-004-2,2026-07-21 02:30:02.965479+00
01219e69-c0da-4c0c-9a97-585440ea2705,SKU-10146,Gearbox B58,CTRA1-B-011-1,2026-07-21 02:30:02.965479+00
013ba783-7d3b-4970-b075-582860f52647,SKU-10377,Body Shell E26,CTRA1-C-063-2,2026-07-21 02:30:02.965479+00
013f362a-82bb-49ed-a448-f83d2f8d27db,SKU-10208,Casing B93,CTRA1-B-042-1,2026-07-21 02:30:02.965479+00
0142f2f2-e241-4fb4-b28c-219b208398c3,SKU-11307,Body Shell Q11,CTRA1-K-024-2,2026-07-21 02:30:02.965479+00
015217da-ef01-4f3e-a129-6f973afd45e3,SKU-10101,Casing O51,CTRA1-A-051-2,2026-07-21 02:30:02.965479+00
01783cb6-8525-4e36-bbdc-a21318baee1d,SKU-11337,Panel N50,CTRA1-K-039-2,2026-07-21 02:30:02.965479+00
0182c593-a42e-4e05-8e6f-1f4a6fabacf0,SKU-10964,Gearbox D75,CTRA1-H-042-1,2026-07-21 02:30:02.965479+00
01844a36-bf47-4bb9-975a-649495ca93f3,SKU-10362,Panel K92,CTRA1-C-056-1,2026-07-21 02:30:02.965479+00
01d9055a-7bdc-48b8-8e09-1d64046852c1,SKU-10573,Sensor Component W41,CTRA1-E-035-2,2026-07-21 02:30:02.965479+00
01dcd0c7-7971-4fea-8a7a-44e797190a3d,SKU-11374,Body Shell M20,CTRA1-K-058-1,2026-07-21 02:30:02.965479+00
01f4afb0-526a-4d6e-abd9-c967337d644a,SKU-11189,Body Shell I20,CTRA1-J-028-2,2026-07-21 02:30:02.965479+00
01f88f21-6885-40a7-bf1f-b5c5d3cf71bc,SKU-12545,Sensor Component X92,CTRA1-U-013-2,2026-07-21 02:30:02.965479+00
01ff4baa-4826-4e27-8e0b-80536c059f53,SKU-11821,Motor P9,CTRA1-O-029-2,2026-07-21 02:30:02.965479+00
020018e1-ad2b-48e3-b7b7-ef75857cdece,SKU-11508,Sensor Component R47,CTRA1-L-062-1,2026-07-21 02:30:02.965479+00
02015c06-d0cf-4f0e-8458-b77951d079b7,SKU-12174,Panel V44,CTRA1-R-017-1,2026-07-21 02:30:02.965479+00
023f20d9-b680-4336-a326-65c02077c2b6,SKU-12530,Wheel Axle C50,CTRA1-U-006-1,2026-07-21 02:30:02.965479+00
0248748f-35db-4894-a946-31ae65017711,SKU-11279,Sensor Component F65,CTRA1-K-010-2,2026-07-21 02:30:02.965479+00
024addc8-ccf1-49db-8092-92f79b4badcd,SKU-12310,Panel R67,CTRA1-S-022-1,2026-07-21 02:30:02.965479+00
0262c898-320c-464b-b0a5-de48fe0aa502,SKU-11997,Body Shell M86,CTRA1-P-054-2,2026-07-21 02:30:02.965479+00
0277f592-c08f-4385-99ad-6f3db2a81d72,SKU-10174,Body Shell P68,CTRA1-B-025-1,2026-07-21 02:30:02.965479+00
02911722-ff74-454c-8385-869351fbbd44,SKU-12551,Body Shell V10,CTRA1-U-016-2,2026-07-21 02:30:02.965479+00
02ae65ae-c50e-4301-a0eb-186c85456697,SKU-10409,Body Shell U70,CTRA1-D-016-2,2026-07-21 02:30:02.965479+00
02b2cd40-f78c-43e1-8dae-a6e8062a6b6e,SKU-11177,Panel B73,CTRA1-J-022-2,2026-07-21 02:30:02.965479+00
02c784bb-f046-458c-8478-60291f71c68f,SKU-12781,Gearbox W42,CTRA1-W-005-2,2026-07-21 02:30:02.965479+00
02e01703-d475-41cf-95b4-75cbe0b00631,SKU-11332,Gearbox Y17,CTRA1-K-037-1,2026-07-21 02:30:02.965479+00
02e1ef8a-9a8b-4cc3-8022-9a7042337b5a,SKU-10068,Body Shell R26,CTRA1-A-035-1,2026-07-21 02:30:02.965479+00
03003f51-2096-46d2-aa5e-95a920843f92,SKU-11330,Panel M62,CTRA1-K-036-1,2026-07-21 02:30:02.965479+00
034b1398-ae9c-4e8d-8f02-b9edfb50b19a,SKU-10169,Sensor Component J10,CTRA1-B-022-2,2026-07-21 02:30:02.965479+00
03651613-8115-4ba7-b06e-c7c2fd5ade64,SKU-12618,Casing X42,CTRA1-U-050-1,2026-07-21 02:30:02.965479+00
0369eafc-cdb9-4662-a0af-40517dae6f93,SKU-12328,Panel G27,CTRA1-S-031-1,2026-07-21 02:30:02.965479+00
036ecdba-4b08-46e1-80d4-0e5b4684babd,SKU-11700,Casing Q7,CTRA1-N-032-1,2026-07-21 02:30:02.965479+00
0373ea84-4898-4ad0-9f57-a8f28fc0fd32,SKU-10083,Motor B73,CTRA1-A-042-2,2026-07-21 02:30:02.965479+00
0396daea-e91c-44f3-8972-b4ac029eda4f,SKU-11601,Panel J35,CTRA1-M-045-2,2026-07-21 02:30:02.965479+00
03b3b3fe-d3fa-44cc-930d-2bb60a0bd610,SKU-10928,Wheel Axle K30,CTRA1-H-024-1,2026-07-21 02:30:02.965479+00
03ca8d9f-4968-4207-8b40-a5b0ca032cdc,SKU-12647,Motor K51,CTRA1-U-064-2,2026-07-21 02:30:02.965479+00
03ec92a1-d36c-446b-928a-2b3c63d7d7c0,SKU-12249,Motor X30,CTRA1-R-054-2,2026-07-21 02:30:02.965479+00
04065a95-77a6-41b2-8059-f8549edbd6d7,SKU-10862,Wheel Axle E49,CTRA1-G-054-1,2026-07-21 02:30:02.965479+00
0413cd56-9f41-48d2-806f-6a53a5b02b03,SKU-12646,Casing J83,CTRA1-U-064-1,2026-07-21 02:30:02.965479+00
0421fe8b-7b8c-4815-8eb8-03bad0ef4534,SKU-10109,Gearbox Y42,CTRA1-A-055-2,2026-07-21 02:30:02.965479+00
042f6c0e-888f-487a-843b-ba8abb70c4e1,SKU-11537,Casing F46,CTRA1-M-013-2,2026-07-21 02:30:02.965479+00
0431e684-540d-4234-b042-40799147a7e9,SKU-11680,Casing S93,CTRA1-N-022-1,2026-07-21 02:30:02.965479+00
0433b5ae-9a0f-4696-88fc-736a8dd8d3d5,SKU-10420,Casing H80,CTRA1-D-022-1,2026-07-21 02:30:02.965479+00
043ed22f-bc53-45b7-80fd-b11be7053e9d,SKU-10257,Panel L91,CTRA1-C-003-2,2026-07-21 02:30:02.965479+00
0450fce4-f867-436c-bae7-83359c93596a,SKU-13021,Wheel Axle P31,CTRA1-X-062-2,2026-07-21 02:30:02.965479+00
0461b8bd-2bb0-44f9-901e-5959ec0ae319,SKU-10696,Casing R70,CTRA1-F-034-1,2026-07-21 02:30:02.965479+00
0465c664-04dd-45c2-8ac3-ad90ab84f98c,SKU-11209,Casing C47,CTRA1-J-038-2,2026-07-21 02:30:02.965479+00
04a2e4d5-fb3e-4e7c-83dd-000b1823de7e,SKU-11049,Casing D19,CTRA1-I-021-2,2026-07-21 02:30:02.965479+00
04be72f4-4b9e-4b9a-a2bb-ec8d5ba50649,SKU-12625,Motor M31,CTRA1-U-053-2,2026-07-21 02:30:02.965479+00
04c28b62-668a-42d4-9481-023868f716c8,SKU-11231,Body Shell H24,CTRA1-J-049-2,2026-07-21 02:30:02.965479+00
04c5c4d7-8151-4534-904d-4cfa002cef5f,SKU-12046,Casing Y67,CTRA1-Q-016-1,2026-07-21 02:30:02.965479+00
04d4bd9c-ab20-44d3-b7c9-07728c4639f9,SKU-12321,Body Shell S32,CTRA1-S-027-2,2026-07-21 02:30:02.965479+00
04d767d8-93a9-41f7-9fb6-8dfd424228c8,SKU-10285,Wheel Axle T56,CTRA1-C-017-2,2026-07-21 02:30:02.965479+00
04fe69bc-1d83-4c48-ad67-91556f10db5f,SKU-11871,Casing E37,CTRA1-O-054-2,2026-07-21 02:30:02.965479+00
04fe6cdb-a8a9-4f62-bc37-6c071a6373d4,SKU-10347,Motor S4,CTRA1-C-048-2,2026-07-21 02:30:02.965479+00
051f1c7d-210c-43b7-9a39-d7e98670c483,SKU-10218,Wheel Axle O85,CTRA1-B-047-1,2026-07-21 02:30:02.965479+00
052419d3-e3f9-4ccf-80a8-795d277c0249,SKU-12887,Casing C30,CTRA1-W-058-2,2026-07-21 02:30:02.965479+00
05409af9-4830-4d9a-8744-c20846e182a7,SKU-12555,Casing O49,CTRA1-U-018-2,2026-07-21 02:30:02.965479+00
055b9bf0-f824-4464-93d2-9f34d47257a8,SKU-10849,Casing X77,CTRA1-G-047-2,2026-07-21 02:30:02.965479+00
0572ff34-bd94-45a1-814e-7959ee7f41ff,SKU-11571,Gearbox Z7,CTRA1-M-030-2,2026-07-21 02:30:02.965479+00
057895ee-ef15-47b2-b021-422aee55c5a1,SKU-12905,Wheel Axle I75,CTRA1-X-004-2,2026-07-21 02:30:02.965479+00
057cc2ed-96e2-482e-9241-5af97af67f50,SKU-12772,Body Shell Y7,CTRA1-W-001-1,2026-07-21 02:30:02.965479+00
058335c9-9b52-40e1-9b58-4b6f04859bcf,SKU-12436,Sensor Component S65,CTRA1-T-022-1,2026-07-21 02:30:02.965479+00
058860c9-7c55-41e6-b1ea-55c7d2a5644d,SKU-11195,Motor E28,CTRA1-J-031-2,2026-07-21 02:30:02.965479+00
05893141-6d8a-47f3-8473-a15dc4a9954b,SKU-12402,Gearbox W89,CTRA1-T-005-1,2026-07-21 02:30:02.965479+00
05935151-a91b-422f-8e52-baab6b6f4919,SKU-10791,Gearbox Y45,CTRA1-G-018-2,2026-07-21 02:30:02.965479+00
0596e82c-5019-40ab-8cc8-d74e5ab9453f,SKU-11346,Panel M99,CTRA1-K-044-1,2026-07-21 02:30:02.965479+00
05a14b2f-1ba1-44af-a7e6-323968cbefbd,SKU-10502,Casing C92,CTRA1-D-063-1,2026-07-21 02:30:02.965479+00
05a4b950-2078-4fc5-86a7-dd33952ba362,SKU-11591,Gearbox T89,CTRA1-M-040-2,2026-07-21 02:30:02.965479+00
05bbe944-ff77-4f51-9040-d057958ca240,SKU-11083,Casing N47,CTRA1-I-038-2,2026-07-21 02:30:02.965479+00
05cea298-10de-4a4b-b360-975adc446207,SKU-10313,Casing N50,CTRA1-C-031-2,2026-07-21 02:30:02.965479+00
05d073a3-0a54-4856-bab9-9ed9bf9fe3f9,SKU-12808,Gearbox R58,CTRA1-W-019-1,2026-07-21 02:30:02.965479+00
060219ae-74a8-4fbc-8acc-47bc47530052,SKU-12605,Wheel Axle T80,CTRA1-U-043-2,2026-07-21 02:30:02.965479+00
060ee97a-234c-4982-a308-bea447914ca6,SKU-10510,Casing E27,CTRA1-E-004-1,2026-07-21 02:30:02.965479+00
063e5fd3-05a7-4acb-bf1a-5b5003bd3831,SKU-10039,Chassis O93,CTRA1-A-020-2,2026-07-21 02:30:02.965479+00
066fe356-aff9-4710-9621-32f88c7daa53,SKU-12233,Sensor Component Q97,CTRA1-R-046-2,2026-07-21 02:30:02.965479+00
0675e14c-a5ab-405a-9540-e7d1a3e13145,SKU-12355,Chassis M70,CTRA1-S-044-2,2026-07-21 02:30:02.965479+00
067f5c0a-6672-4d94-a810-ddf452cd585e,SKU-10713,Wheel Axle O67,CTRA1-F-042-2,2026-07-21 02:30:02.965479+00
069f7682-7600-46d0-8f88-2540487f22aa,SKU-10875,Chassis S18,CTRA1-G-060-2,2026-07-21 02:30:02.965479+00
06af583b-8193-4517-88d1-43850963dfcc,SKU-10664,Wheel Axle X32,CTRA1-F-018-1,2026-07-21 02:30:02.965479+00
06baf798-8184-45fd-80b3-07bbee4003b0,SKU-11606,Wheel Axle T62,CTRA1-M-048-1,2026-07-21 02:30:02.965479+00
06cccc66-afca-43da-b5b3-3c26a4521b06,SKU-12474,Wheel Axle Y38,CTRA1-T-041-1,2026-07-21 02:30:02.965479+00
06ce1919-5042-49c5-b050-3fa663187ffc,SKU-12408,Gearbox H5,CTRA1-T-008-1,2026-07-21 02:30:02.965479+00
06e8bcea-5f54-44c6-9bc4-ff30b3c3740d,SKU-12430,Wheel Axle V86,CTRA1-T-019-1,2026-07-21 02:30:02.965479+00
06fa9d69-da18-485a-8593-893268e79a17,SKU-12775,Motor X1,CTRA1-W-002-2,2026-07-21 02:30:02.965479+00
07134f80-539b-491b-b5fd-65134f351377,SKU-10595,Gearbox M95,CTRA1-E-046-2,2026-07-21 02:30:02.965479+00
07324fc6-dfdd-484e-85c1-b13782380969,SKU-13014,Casing H58,CTRA1-X-059-1,2026-07-21 02:30:02.965479+00
0738af25-c2db-47ac-ae3d-96cf8066d81c,SKU-12131,Panel B99,CTRA1-Q-058-2,2026-07-21 02:30:02.965479+00
074b92de-32c3-4378-b420-0a224f3ed273,SKU-12022,Casing O67,CTRA1-Q-004-1,2026-07-21 02:30:02.965479+00
0789e9ad-bc79-44dd-9c05-3e1a0bd4c938,SKU-12919,Chassis L26,CTRA1-X-011-2,2026-07-21 02:30:02.965479+00
079d1f4b-f945-46cd-8c07-9d81f06afd20,SKU-10090,Chassis T34,CTRA1-A-046-1,2026-07-21 02:30:02.965479+00
07c79a64-9789-4013-b5ad-274132289168,SKU-11493,Body Shell J73,CTRA1-L-054-2,2026-07-21 02:30:02.965479+00
07e56ea5-92d8-4c45-9a85-786ad625ed67,SKU-11401,Gearbox O16,CTRA1-L-008-2,2026-07-21 02:30:02.965479+00
07e73ce4-4ac8-4eaa-97cf-19afebca9d5f,SKU-10337,Body Shell S48,CTRA1-C-043-2,2026-07-21 02:30:02.965479+00
07f2e1db-01e3-4f36-a44e-a1b87bef6a37,SKU-11121,Panel W46,CTRA1-I-057-2,2026-07-21 02:30:02.965479+00
080cd4a4-a0f4-4506-9311-913409ac92a5,SKU-11215,Body Shell J49,CTRA1-J-041-2,2026-07-21 02:30:02.965479+00
08176fdf-4b32-4c99-a083-84cec75a3fcc,SKU-12820,Wheel Axle I92,CTRA1-W-025-1,2026-07-21 02:30:02.965479+00
08186138-7b11-43fb-a262-d9ac188a11d2,SKU-12599,Casing W28,CTRA1-U-040-2,2026-07-21 02:30:02.965479+00
0818f671-f409-44a1-b96a-617e09af6be9,SKU-11592,Panel D45,CTRA1-M-041-1,2026-07-21 02:30:02.965479+00
0832aa9d-7931-481f-97ec-e2d7db968938,SKU-11931,Chassis G93,CTRA1-P-021-2,2026-07-21 02:30:02.965479+00
08444d90-1dd7-46f8-a484-7de8dd1b2074,SKU-11426,Gearbox H27,CTRA1-L-021-1,2026-07-21 02:30:02.965479+00
085ca0d1-1da9-4fa6-87ec-948a5e47267a,SKU-12785,Body Shell U18,CTRA1-W-007-2,2026-07-21 02:30:02.965479+00
08600b30-40d2-4d09-a363-958bcd7d7d9e,SKU-11658,Panel B93,CTRA1-N-011-1,2026-07-21 02:30:02.965479+00
086687cb-d52d-497d-aa02-777ddeed7916,SKU-10705,Panel W80,CTRA1-F-038-2,2026-07-21 02:30:02.965479+00
0873f820-141a-4a36-bceb-0f6527343aca,SKU-12362,Wheel Axle P28,CTRA1-S-048-1,2026-07-21 02:30:02.965479+00
0882aabf-ba9c-4745-b9fd-caf5f1535f9f,SKU-12152,Wheel Axle K3,CTRA1-R-006-1,2026-07-21 02:30:02.965479+00
089d9758-4751-4f9c-99f9-de31160acc94,SKU-12245,Wheel Axle K50,CTRA1-R-052-2,2026-07-21 02:30:02.965479+00
08d428c7-e79d-4114-b7c3-cd7a47a55f6e,SKU-11472,Motor Q10,CTRA1-L-044-1,2026-07-21 02:30:02.965479+00
08e4ccd1-b37b-4d0e-be62-8ac78ffc7905,SKU-11681,Wheel Axle O8,CTRA1-N-022-2,2026-07-21 02:30:02.965479+00
09125b28-22ff-47bd-ad4b-ed87a421f3a3,SKU-10939,Sensor Component G46,CTRA1-H-029-2,2026-07-21 02:30:02.965479+00
091a34a2-22cb-4b0e-bc4f-13e53102a58e,SKU-12226,Casing F77,CTRA1-R-043-1,2026-07-21 02:30:02.965479+00
093a5652-18fe-4f9e-81ae-3c214cdee163,SKU-11869,Gearbox W3,CTRA1-O-053-2,2026-07-21 02:30:02.965479+00
094b6aef-c673-460c-a906-e715f8be4a75,SKU-11410,Motor D9,CTRA1-L-013-1,2026-07-21 02:30:02.965479+00
0969a41e-5675-42d7-b775-bf3cf8a7e6c6,SKU-10048,Panel A29,CTRA1-A-025-1,2026-07-21 02:30:02.965479+00
0989327c-a818-41f2-8df4-3db6ad40e563,SKU-12717,Gearbox E74,CTRA1-V-036-2,2026-07-21 02:30:02.965479+00
098966bc-2418-4331-ba49-0f912c76bedd,SKU-12893,Panel H75,CTRA1-W-061-2,2026-07-21 02:30:02.965479+00
09a3d14e-b9dd-451d-9cf8-5e1bc29bc4f1,SKU-10310,Casing C29,CTRA1-C-030-1,2026-07-21 02:30:02.965479+00
09a4937e-09cf-4b01-89db-bf7a4f584874,SKU-11450,Motor S42,CTRA1-L-033-1,2026-07-21 02:30:02.965479+00
09c7810f-803b-45b3-be50-34b1905cba90,SKU-11805,Casing I0,CTRA1-O-021-2,2026-07-21 02:30:02.965479+00
09cbb54e-da0f-4bbe-95c9-899b8fd3f4fa,SKU-10247,Panel N83,CTRA1-B-061-2,2026-07-21 02:30:02.965479+00
09cf73cd-a32c-47ce-8ba9-87a43cb0fcb8,SKU-11264,Body Shell U39,CTRA1-K-003-1,2026-07-21 02:30:02.965479+00
09d26cdd-0630-41f4-870f-2f4a7d395732,SKU-12854,Chassis W90,CTRA1-W-042-1,2026-07-21 02:30:02.965479+00
0a09888d-0839-484e-a3e0-4b8604095489,SKU-12903,Motor N39,CTRA1-X-003-2,2026-07-21 02:30:02.965479+00
0a59f785-43a7-425f-acee-3e5375301006,SKU-10743,Panel G67,CTRA1-F-057-2,2026-07-21 02:30:02.965479+00
0a63b982-5d98-4c88-a142-49614794d8da,SKU-10085,Wheel Axle O66,CTRA1-A-043-2,2026-07-21 02:30:02.965479+00
0a684928-969d-4315-9497-3f960a560ad3,SKU-10429,Casing O33,CTRA1-D-026-2,2026-07-21 02:30:02.965479+00
0a82ce8b-7f89-4da8-912e-88f85cd4e214,SKU-12227,Motor K93,CTRA1-R-043-2,2026-07-21 02:30:02.965479+00
0aadea66-c345-4795-8584-6b6a48a07656,SKU-10463,Gearbox E65,CTRA1-D-043-2,2026-07-21 02:30:02.965479+00
0ab2a294-21a3-4184-a7b1-b63bab1eda79,SKU-10074,Body Shell S45,CTRA1-A-038-1,2026-07-21 02:30:02.965479+00
0af2339c-2ed7-4278-ac50-729999b9903c,SKU-10018,Sensor Component O2,CTRA1-A-010-1,2026-07-21 02:30:02.965479+00
0afbd533-26e6-48e7-b2e7-6636b33fdd0a,SKU-11962,Sensor Component O89,CTRA1-P-037-1,2026-07-21 02:30:02.965479+00
0b162790-5e0e-47e9-85f7-ed8c37bacfc1,SKU-12156,Panel W33,CTRA1-R-008-1,2026-07-21 02:30:02.965479+00
0b1dcc79-f730-49bf-99c0-7fbf48a0eb8e,SKU-10656,Body Shell J13,CTRA1-F-014-1,2026-07-21 02:30:02.965479+00
0b27594c-96d9-4219-bbe6-3a0cd768ec2d,SKU-11239,Motor K53,CTRA1-J-053-2,2026-07-21 02:30:02.965479+00
0b8271ce-f944-49b4-98af-8a77fe9d2e82,SKU-12032,Body Shell V42,CTRA1-Q-009-1,2026-07-21 02:30:02.965479+00
0b8dfb86-028f-491f-82fd-beaa48343e80,SKU-10711,Sensor Component C61,CTRA1-F-041-2,2026-07-21 02:30:02.965479+00
0b987d23-1591-4fab-b5cb-62879c66a62a,SKU-10027,Gearbox W77,CTRA1-A-014-2,2026-07-21 02:30:02.965479+00
0b9dbc2d-7265-4755-a6cf-f117bd88cb35,SKU-10521,Body Shell J66,CTRA1-E-009-2,2026-07-21 02:30:02.965479+00
0bab0802-0e9b-41c8-879f-2b938ab56e2f,SKU-10681,Gearbox D3,CTRA1-F-026-2,2026-07-21 02:30:02.965479+00
0bb19e16-7c07-4a46-aa4b-526a640523d3,SKU-11172,Wheel Axle Y60,CTRA1-J-020-1,2026-07-21 02:30:02.965479+00
0bb9701e-5ee1-4ef7-bc72-763a1533b5c6,SKU-12210,Panel O4,CTRA1-R-035-1,2026-07-21 02:30:02.965479+00
0bc66054-8fc1-4b76-9c10-17347840eaeb,SKU-12228,Wheel Axle V80,CTRA1-R-044-1,2026-07-21 02:30:02.965479+00
0c06d1bb-13fc-4eaf-9d8c-85e51f3977e6,SKU-12009,Wheel Axle M96,CTRA1-P-060-2,2026-07-21 02:30:02.965479+00
0c43ea2e-ec9d-421f-a1bc-7698f1461b4d,SKU-10845,Wheel Axle Q60,CTRA1-G-045-2,2026-07-21 02:30:02.965479+00
0c6133c1-d42e-4177-836f-dda19217e297,SKU-12986,Body Shell Q98,CTRA1-X-045-1,2026-07-21 02:30:02.965479+00
0c96c5a9-0981-402d-969d-5de2be73b584,SKU-12832,Chassis C42,CTRA1-W-031-1,2026-07-21 02:30:02.965479+00
0c988caa-c1d1-4339-a982-de82846b35d4,SKU-11208,Gearbox O99,CTRA1-J-038-1,2026-07-21 02:30:02.965479+00
0ca4ef49-12cd-420f-88cf-f6aa8ca5060b,SKU-10934,Motor F54,CTRA1-H-027-1,2026-07-21 02:30:02.965479+00
0caac227-a1f7-4098-89c3-6a8e0fcd41d1,SKU-10209,Casing Q9,CTRA1-B-042-2,2026-07-21 02:30:02.965479+00
0cbd2e1d-2ac5-4f9e-a1b0-9c59ff264f7b,SKU-12679,Casing J42,CTRA1-V-017-2,2026-07-21 02:30:02.965479+00
0cc5d36f-dba0-4936-bd09-fdf2f8fce86f,SKU-10602,Gearbox U74,CTRA1-E-050-1,2026-07-21 02:30:02.965479+00
0ce24a03-b241-4c07-ab4b-de412194b514,SKU-10379,Motor M66,CTRA1-C-064-2,2026-07-21 02:30:02.965479+00
0cf9ce56-5104-4cfd-90cc-7b21008df64e,SKU-10905,Motor C88,CTRA1-H-012-2,2026-07-21 02:30:02.965479+00
0d292ff6-7403-4df3-809a-349c169aebd7,SKU-10979,Body Shell I42,CTRA1-H-049-2,2026-07-21 02:30:02.965479+00
0d737746-e212-4b57-983f-e799ea3267bb,SKU-12344,Body Shell P37,CTRA1-S-039-1,2026-07-21 02:30:02.965479+00
0d741fba-94ce-4890-b385-f1068101be87,SKU-11353,Panel O15,CTRA1-K-047-2,2026-07-21 02:30:02.965479+00
0d7425a0-c749-4dae-a1d0-2c1f5932fbe9,SKU-12034,Body Shell M47,CTRA1-Q-010-1,2026-07-21 02:30:02.965479+00
0d92e9bb-2c0e-4f74-be07-077599ce4a6f,SKU-12066,Sensor Component H3,CTRA1-Q-026-1,2026-07-21 02:30:02.965479+00
0d995d5a-db64-40e9-aa87-383f08b4d5f3,SKU-10716,Body Shell T74,CTRA1-F-044-1,2026-07-21 02:30:02.965479+00
0da5ec6e-af58-48dc-a469-268cf0bb3ab4,SKU-10731,Gearbox K11,CTRA1-F-051-2,2026-07-21 02:30:02.965479+00
0dcf308b-89b6-4936-9411-cf5079582bb1,SKU-10341,Gearbox G71,CTRA1-C-045-2,2026-07-21 02:30:02.965479+00
0e115231-b335-4474-b2be-205cefb2439d,SKU-12332,Casing D48,CTRA1-S-033-1,2026-07-21 02:30:02.965479+00
0e540f5a-19f6-4af8-bb81-03ad3587e65d,SKU-10162,Casing V34,CTRA1-B-019-1,2026-07-21 02:30:02.965479+00
0e7004e4-55f6-43ec-8d07-62fb42a58c9a,SKU-11024,Panel W24,CTRA1-I-009-1,2026-07-21 02:30:02.965479+00
0e762a10-d205-48c9-97ec-d1e9b8050c06,SKU-12851,Gearbox R32,CTRA1-W-040-2,2026-07-21 02:30:02.965479+00
0e7e4277-0fda-427b-b4e3-1ee277694c0e,SKU-11568,Casing P28,CTRA1-M-029-1,2026-07-21 02:30:02.965479+00
0e893403-da6a-47b9-8df7-bd3492d9fa72,SKU-11641,Panel J26,CTRA1-N-002-2,2026-07-21 02:30:02.965479+00
0ebd99ce-4bf1-42bd-bfac-5607bfb062bd,SKU-11050,Body Shell W84,CTRA1-I-022-1,2026-07-21 02:30:02.965479+00
0ec07707-6211-4924-b049-cdf8619efa0b,SKU-10637,Chassis S24,CTRA1-F-004-2,2026-07-21 02:30:02.965479+00
0f4e0ad1-9aea-4764-ba3a-ccd9a0c0c8a3,SKU-10392,Gearbox Z57,CTRA1-D-008-1,2026-07-21 02:30:02.965479+00
0f86fe27-c62d-4c0a-b704-49f900ba93e6,SKU-10281,Casing E89,CTRA1-C-015-2,2026-07-21 02:30:02.965479+00
0f8eda59-6e29-4c0b-b12c-dd7d3be58ff3,SKU-12988,Motor I66,CTRA1-X-046-1,2026-07-21 02:30:02.965479+00
0f9293b1-e1df-4c1c-b285-2f8303da73b6,SKU-12276,Gearbox U69,CTRA1-S-005-1,2026-07-21 02:30:02.965479+00
0f98a27c-05c3-4fdb-a392-8d4ed7420cda,SKU-10320,Gearbox C70,CTRA1-C-035-1,2026-07-21 02:30:02.965479+00
0fcd02a9-0870-43cf-a17d-2c605c2a8bd5,SKU-12017,Sensor Component F54,CTRA1-Q-001-2,2026-07-21 02:30:02.965479+00
0fde7372-eaf3-4a6b-9063-10279eda6bf5,SKU-11980,Motor V7,CTRA1-P-046-1,2026-07-21 02:30:02.965479+00
0ffc5b0c-f437-46cc-83c3-4cb5997f69e2,SKU-12614,Wheel Axle J38,CTRA1-U-048-1,2026-07-21 02:30:02.965479+00
0fffe726-5fa2-42ad-8435-57f0d8bde38b,SKU-12191,Panel D91,CTRA1-R-025-2,2026-07-21 02:30:02.965479+00
100fedcf-9599-4334-a2de-9c7f700907b8,SKU-11017,Body Shell P69,CTRA1-I-005-2,2026-07-21 02:30:02.965479+00
102851dc-5602-4568-92ad-478c61639f29,SKU-11915,Body Shell S76,CTRA1-P-013-2,2026-07-21 02:30:02.965479+00
104853c9-2d79-4ce8-ae36-d9c1a9c4aaae,SKU-10110,Motor R95,CTRA1-A-056-1,2026-07-21 02:30:02.965479+00
1050746a-7eaa-46a8-b5a0-d3e83b6ec168,SKU-10507,Wheel Axle P2,CTRA1-E-002-2,2026-07-21 02:30:02.965479+00
107395e8-f0f3-4a0b-8dbd-3762da93e293,SKU-11611,Casing G97,CTRA1-M-050-2,2026-07-21 02:30:02.965479+00
108389b3-5e5a-413c-9456-769d3edbd370,SKU-12134,Body Shell W80,CTRA1-Q-060-1,2026-07-21 02:30:02.965479+00
1085acc3-0706-4d55-8c89-1308e96b5b16,SKU-12754,Panel L62,CTRA1-V-055-1,2026-07-21 02:30:02.965479+00
10880d76-8a0f-48d5-b60b-c849bf445fbf,SKU-10368,Sensor Component K21,CTRA1-C-059-1,2026-07-21 02:30:02.965479+00
10a28723-8359-4673-93f2-c6d92e453bbb,SKU-12594,Gearbox L77,CTRA1-U-038-1,2026-07-21 02:30:02.965479+00
10ad478e-db41-461d-b8b6-d269ecc5cb33,SKU-12824,Wheel Axle F52,CTRA1-W-027-1,2026-07-21 02:30:02.965479+00
10bdbae7-01ba-415e-acd4-64b8bec040ce,SKU-12793,Sensor Component H53,CTRA1-W-011-2,2026-07-21 02:30:02.965479+00
10ccef63-f1a1-4001-94d6-51c1920ffcc8,SKU-11902,Wheel Axle O93,CTRA1-P-007-1,2026-07-21 02:30:02.965479+00
10d01a43-5a17-4335-b541-8bff87410a9f,SKU-11677,Gearbox R98,CTRA1-N-020-2,2026-07-21 02:30:02.965479+00
10d0f66f-c4d0-49df-9904-71e5725247ae,SKU-12083,Gearbox H2,CTRA1-Q-034-2,2026-07-21 02:30:02.965479+00
10d851f4-0ae0-4d29-859f-f54cce89d7bd,SKU-12501,Gearbox D79,CTRA1-T-054-2,2026-07-21 02:30:02.965479+00
10e408cb-7fe3-49bb-9469-f921975bc394,SKU-12983,Body Shell S85,CTRA1-X-043-2,2026-07-21 02:30:02.965479+00
10ece4b1-d792-4f5b-95b6-43f748346348,SKU-11039,Motor K75,CTRA1-I-016-2,2026-07-21 02:30:02.965479+00
112f22d9-70a0-49bf-8f5c-7861e316c248,SKU-12907,Casing X7,CTRA1-X-005-2,2026-07-21 02:30:02.965479+00
113c9c18-af8c-4fcb-9b44-257b1201d9b5,SKU-10579,Wheel Axle R24,CTRA1-E-038-2,2026-07-21 02:30:02.965479+00
1143fa7c-c4c1-4581-ad5c-4f74e014c624,SKU-10598,Wheel Axle J17,CTRA1-E-048-1,2026-07-21 02:30:02.965479+00
114a13d9-d9eb-45d1-81c0-f3886e125358,SKU-11322,Motor R63,CTRA1-K-032-1,2026-07-21 02:30:02.965479+00
114b0f03-52be-4ef6-b4e2-c906e7a9189f,SKU-10300,Body Shell A98,CTRA1-C-025-1,2026-07-21 02:30:02.965479+00
114e8d93-1b1a-468a-ac27-94b87afb28bc,SKU-12073,Wheel Axle M60,CTRA1-Q-029-2,2026-07-21 02:30:02.965479+00
116f75ea-e780-4a60-bfc4-287385d320dd,SKU-12648,Motor O84,CTRA1-V-002-1,2026-07-21 02:30:02.965479+00
1194ae4f-c37e-4170-bd80-74dcb095a9f7,SKU-10175,Panel I26,CTRA1-B-025-2,2026-07-21 02:30:02.965479+00
11d1084d-78f0-454d-86dd-63b4a160f7d4,SKU-10853,Body Shell G71,CTRA1-G-049-2,2026-07-21 02:30:02.965479+00
11d33824-ac9a-4404-a5ce-7c1117cb909b,SKU-11179,Body Shell L56,CTRA1-J-023-2,2026-07-21 02:30:02.965479+00
1210b195-d6f6-4c2f-87e1-b2d4b8d4e15b,SKU-11731,Motor E61,CTRA1-N-047-2,2026-07-21 02:30:02.965479+00
12294910-4429-454a-b0be-fb6c1bd95eab,SKU-10780,Wheel Axle E50,CTRA1-G-013-1,2026-07-21 02:30:02.965479+00
1229e139-26da-4851-92b3-d32fc671eac3,SKU-12519,Motor S41,CTRA1-T-063-2,2026-07-21 02:30:02.965479+00
1239b13e-4a8b-45ba-ac4b-cff67e403a80,SKU-12681,Motor J2,CTRA1-V-018-2,2026-07-21 02:30:02.965479+00
123c473e-e51e-481c-a1a0-d4dfa26f6e73,SKU-11287,Gearbox Z52,CTRA1-K-014-2,2026-07-21 02:30:02.965479+00
1243fa7c-1141-4b00-8a2f-0aadc909f100,SKU-12021,Body Shell T95,CTRA1-Q-003-2,2026-07-21 02:30:02.965479+00
12577398-2c53-4977-892a-17dcab94d212,SKU-11619,Motor H94,CTRA1-M-054-2,2026-07-21 02:30:02.965479+00
126cd316-5c1a-4af6-a291-2b88d2949f6e,SKU-10141,Chassis E69,CTRA1-B-008-2,2026-07-21 02:30:02.965479+00
12771a63-47d5-4b01-ae2f-e81241c94bde,SKU-10633,Motor O52,CTRA1-F-002-2,2026-07-21 02:30:02.965479+00
12843151-9d70-4424-b069-0db543228b42,SKU-11011,Casing U94,CTRA1-I-002-2,2026-07-21 02:30:02.965479+00
12863f1f-b736-44e6-8891-bf8337a17272,SKU-11241,Sensor Component G41,CTRA1-J-054-2,2026-07-21 02:30:02.965479+00
128955a0-03b9-4ed3-9bf6-3e544aa31ca4,SKU-11939,Body Shell B6,CTRA1-P-025-2,2026-07-21 02:30:02.965479+00
128e2f27-d46a-4a2a-b61a-acfaf986def8,SKU-11867,Body Shell P10,CTRA1-O-052-2,2026-07-21 02:30:02.965479+00
12a25d4d-a4a3-47f4-aaf5-f3d03eeac3ce,SKU-11351,Chassis F63,CTRA1-K-046-2,2026-07-21 02:30:02.965479+00
12a7a15e-ffdd-4a5b-bbdb-003aedde766c,SKU-11928,Wheel Axle E43,CTRA1-P-020-1,2026-07-21 02:30:02.965479+00
12c35d01-8de3-4612-b2a0-42b01c97cbbe,SKU-11435,Gearbox I61,CTRA1-L-025-2,2026-07-21 02:30:02.965479+00
12d125a9-3ef1-47ed-8774-f754a8e813f6,SKU-10179,Casing Q89,CTRA1-B-027-2,2026-07-21 02:30:02.965479+00
12ded913-110c-428c-b67f-66e994c614d8,SKU-11863,Panel E64,CTRA1-O-050-2,2026-07-21 02:30:02.965479+00
12ed6132-4d80-462b-b2d8-f0d8e4576148,SKU-10164,Gearbox Z8,CTRA1-B-020-1,2026-07-21 02:30:02.965479+00
12f4aaed-e469-4dbf-b75c-6dd2b8c08fab,SKU-10924,Panel P6,CTRA1-H-022-1,2026-07-21 02:30:02.965479+00
1300e48e-255c-472e-8109-30cb85a1a34a,SKU-11859,Gearbox X97,CTRA1-O-048-2,2026-07-21 02:30:02.965479+00
13254f63-4a3e-41f7-b65e-b23e532718ce,SKU-12977,Body Shell H67,CTRA1-X-040-2,2026-07-21 02:30:02.965479+00
132e4321-9df2-4729-8345-c26ae93d3aba,SKU-10929,Wheel Axle O13,CTRA1-H-024-2,2026-07-21 02:30:02.965479+00
134c8194-622d-4e97-87c6-d3ee23f9728f,SKU-12835,Wheel Axle M32,CTRA1-W-032-2,2026-07-21 02:30:02.965479+00
135819e3-a193-4a6c-a927-c055bd4f9cd1,SKU-10846,Sensor Component N1,CTRA1-G-046-1,2026-07-21 02:30:02.965479+00
13cdeac3-0ec4-43d8-ac60-834a71ef92bc,SKU-12457,Gearbox J3,CTRA1-T-032-2,2026-07-21 02:30:02.965479+00
13edf028-0c1f-4415-8c2d-11647bb272af,SKU-12185,Casing S52,CTRA1-R-022-2,2026-07-21 02:30:02.965479+00
13fa2b1f-f78e-45ba-800c-4172f5c86bb2,SKU-10339,Chassis S38,CTRA1-C-044-2,2026-07-21 02:30:02.965479+00
14263286-67a5-4f75-acc8-5dcb14336c89,SKU-10045,Chassis I60,CTRA1-A-023-2,2026-07-21 02:30:02.965479+00
1488b9e8-083b-4d86-96ce-d84413fc990c,SKU-11503,Gearbox F87,CTRA1-L-059-2,2026-07-21 02:30:02.965479+00
14901ff0-2aa4-4561-88a2-6f44e877f2be,SKU-12664,Casing X98,CTRA1-V-010-1,2026-07-21 02:30:02.965479+00
14b839fa-9647-4449-ac53-7c7efd1dfb32,SKU-11633,Wheel Axle X47,CTRA1-M-061-2,2026-07-21 02:30:02.965479+00
14bc6385-9226-46eb-83bb-886810de5686,SKU-12857,Wheel Axle S98,CTRA1-W-043-2,2026-07-21 02:30:02.965479+00
14c65969-6d94-45f2-aa43-5194c7e80aad,SKU-12143,Sensor Component V57,CTRA1-Q-064-2,2026-07-21 02:30:02.965479+00
14d0b816-e3fe-4ec8-a735-15698c6f1146,SKU-11820,Casing G90,CTRA1-O-029-1,2026-07-21 02:30:02.965479+00
14f926a8-d65e-4ef2-9be1-4294b43a81d5,SKU-11343,Casing C60,CTRA1-K-042-2,2026-07-21 02:30:02.965479+00
15028685-f3d4-4adb-8e24-0e2e242b5d83,SKU-10479,Casing F13,CTRA1-D-051-2,2026-07-21 02:30:02.965479+00
1508730c-4118-46f9-a5db-a9ea28e5a13b,SKU-10370,Gearbox P32,CTRA1-C-060-1,2026-07-21 02:30:02.965479+00
1516954e-7ac2-43de-9551-3f5f5a900a85,SKU-12706,Motor B38,CTRA1-V-031-1,2026-07-21 02:30:02.965479+00
153cc407-b757-4954-882e-24561731e17b,SKU-10700,Panel D42,CTRA1-F-036-1,2026-07-21 02:30:02.965479+00
15463a23-0438-41e3-b752-017577d0e496,SKU-11810,Body Shell T2,CTRA1-O-024-1,2026-07-21 02:30:02.965479+00
156704ce-76e6-429d-af12-e74d18090ad7,SKU-10840,Panel G78,CTRA1-G-043-1,2026-07-21 02:30:02.965479+00
15733467-8249-4723-9335-d664bf10c368,SKU-10268,Wheel Axle M14,CTRA1-C-009-1,2026-07-21 02:30:02.965479+00
1577dd32-1047-4211-baeb-a9720708314d,SKU-12765,Chassis X36,CTRA1-V-060-2,2026-07-21 02:30:02.965479+00
157d1cea-d55e-483d-b2e6-72569d6ad6dc,SKU-11890,Sensor Component D19,CTRA1-O-064-1,2026-07-21 02:30:02.965479+00
15816564-77c3-4be2-a84e-487c85a8e23e,SKU-11180,Sensor Component T12,CTRA1-J-024-1,2026-07-21 02:30:02.965479+00
158ab9d8-c0fa-47f2-bc53-d957a1c1b45d,SKU-11825,Body Shell D32,CTRA1-O-031-2,2026-07-21 02:30:02.965479+00
158e2861-ea21-4082-8b9a-28ab887c7615,SKU-10054,Motor R9,CTRA1-A-028-1,2026-07-21 02:30:02.965479+00
159840ae-5a0c-418d-8174-488080bd8b55,SKU-10888,Panel F52,CTRA1-H-004-1,2026-07-21 02:30:02.965479+00
15ac0d0f-e8bb-4e1f-a206-aff2c3fc62bd,SKU-12429,Motor T37,CTRA1-T-018-2,2026-07-21 02:30:02.965479+00
15dad05a-6417-4de2-b16f-d86597fccc82,SKU-10176,Casing M80,CTRA1-B-026-1,2026-07-21 02:30:02.965479+00
16464c20-db21-47c6-b80a-d66719881e30,SKU-10361,Panel J64,CTRA1-C-055-2,2026-07-21 02:30:02.965479+00
1656be8b-02c1-488a-b91f-a5d572e20258,SKU-11306,Body Shell C62,CTRA1-K-024-1,2026-07-21 02:30:02.965479+00
168f043a-f7e2-46c4-92d7-5131a4be87a1,SKU-10911,Motor N52,CTRA1-H-015-2,2026-07-21 02:30:02.965479+00
16a4ca47-4b67-460b-bd38-367a94e56a48,SKU-12254,Casing P13,CTRA1-R-057-1,2026-07-21 02:30:02.965479+00
16a6c1a1-9b40-4d35-a37d-73265e5bc26c,SKU-12709,Panel I17,CTRA1-V-032-2,2026-07-21 02:30:02.965479+00
16ccb76c-f79c-4654-85a7-b4607b45a006,SKU-10771,Motor F99,CTRA1-G-008-2,2026-07-21 02:30:02.965479+00
16d80c26-4452-4e0e-a600-2dedbdaf62d0,SKU-11576,Wheel Axle Y2,CTRA1-M-033-1,2026-07-21 02:30:02.965479+00
16f336d6-fee0-42bc-8052-cfd325469933,SKU-12201,Casing L81,CTRA1-R-030-2,2026-07-21 02:30:02.965479+00
1708e256-8b29-4a59-9b10-4049ace63f37,SKU-10992,Wheel Axle N56,CTRA1-H-056-1,2026-07-21 02:30:02.965479+00
1744222d-bf4a-4637-82e2-0723ab000ed7,SKU-10759,Sensor Component P10,CTRA1-G-002-2,2026-07-21 02:30:02.965479+00
174fb1f9-001c-4c2a-8ec9-89f1b2f50d91,SKU-11517,Panel W17,CTRA1-M-003-2,2026-07-21 02:30:02.965479+00
1792de98-1586-4664-8882-4d7b1cf9d633,SKU-11316,Chassis R44,CTRA1-K-029-1,2026-07-21 02:30:02.965479+00
17960934-1bf5-4816-a1b8-e22143a69c0e,SKU-12767,Wheel Axle L86,CTRA1-V-061-2,2026-07-21 02:30:02.965479+00
17995dcc-e8ae-4be3-9089-cee57cf137d4,SKU-12585,Panel T60,CTRA1-U-033-2,2026-07-21 02:30:02.965479+00
17e05ace-fbad-4976-8346-5b701e068cff,SKU-11094,Body Shell P74,CTRA1-I-044-1,2026-07-21 02:30:02.965479+00
184c5262-a9a5-4e0a-93c4-a1309c081d72,SKU-12368,Sensor Component Z7,CTRA1-S-051-1,2026-07-21 02:30:02.965479+00
185e1c9b-1e11-4e50-959e-de5d2a1b0295,SKU-12382,Sensor Component N85,CTRA1-S-058-1,2026-07-21 02:30:02.965479+00
185f0c5f-4bf1-4886-a64c-2ad44ea54171,SKU-10914,Motor V92,CTRA1-H-017-1,2026-07-21 02:30:02.965479+00
1877bc6f-7fd9-4f61-ae1c-2f7a014b054f,SKU-12630,Casing D44,CTRA1-U-056-1,2026-07-21 02:30:02.965479+00
1885df7f-de72-4203-bc89-640fc79edb27,SKU-10948,Gearbox S12,CTRA1-H-034-1,2026-07-21 02:30:02.965479+00
189ede49-22f1-485c-83df-033e14a19c57,SKU-11782,Chassis P76,CTRA1-O-010-1,2026-07-21 02:30:02.965479+00
18b34825-14c2-434e-bbbf-f7e45711c7ac,SKU-11937,Casing U15,CTRA1-P-024-2,2026-07-21 02:30:02.965479+00
1909c4e2-3a1b-4f37-8f57-ee490a780ee3,SKU-10359,Body Shell Y76,CTRA1-C-054-2,2026-07-21 02:30:02.965479+00
19300d9a-e808-4496-a597-de4f77f0293a,SKU-11919,Body Shell P28,CTRA1-P-015-2,2026-07-21 02:30:02.965479+00
1951cb23-6506-438a-bb20-a98bc742f9fc,SKU-12193,Motor K11,CTRA1-R-026-2,2026-07-21 02:30:02.965479+00
19577d5b-af15-45a2-afb1-7059bc2f9197,SKU-10750,Motor K3,CTRA1-F-061-1,2026-07-21 02:30:02.965479+00
196ccc3d-eb7c-4dfd-95c8-b8ed41cef871,SKU-12118,Motor Q52,CTRA1-Q-052-1,2026-07-21 02:30:02.965479+00
198280af-1104-42e3-9f2f-f22259193d11,SKU-12524,Motor J72,CTRA1-U-003-1,2026-07-21 02:30:02.965479+00
198a75ed-05db-475c-b3f9-048f833e91d5,SKU-10505,Wheel Axle F52,CTRA1-E-001-2,2026-07-21 02:30:02.965479+00
19975450-37a0-4d7e-a10b-e447cad58bd5,SKU-11577,Sensor Component R16,CTRA1-M-033-2,2026-07-21 02:30:02.965479+00
19be77cf-caa7-41c7-94b4-39e5ae80e381,SKU-11511,Motor Z40,CTRA1-L-063-2,2026-07-21 02:30:02.965479+00
19c4ed6a-d08e-43a3-a7ba-0b2d25387394,SKU-10674,Sensor Component D47,CTRA1-F-023-1,2026-07-21 02:30:02.965479+00
19cecb25-13af-4acd-b380-ba156967e1b0,SKU-12094,Casing N13,CTRA1-Q-040-1,2026-07-21 02:30:02.965479+00
19ef5bbb-1572-4336-a89a-7261ad6425a0,SKU-10253,Body Shell C81,CTRA1-C-001-2,2026-07-21 02:30:02.965479+00
1a10f64d-5787-43e1-a4ad-f3e5eb0ea2ba,SKU-11454,Wheel Axle S11,CTRA1-L-035-1,2026-07-21 02:30:02.965479+00
1a1d51a3-d89b-4e37-a6df-a0ca0584f665,SKU-11013,Wheel Axle X43,CTRA1-I-003-2,2026-07-21 02:30:02.965479+00
1a38f9b8-3af1-451c-b82d-2a63187b0570,SKU-11441,Casing D26,CTRA1-L-028-2,2026-07-21 02:30:02.965479+00
1a5b292e-1df1-4676-97f4-a9aef38cd7c0,SKU-12852,Casing S50,CTRA1-W-041-1,2026-07-21 02:30:02.965479+00
1a6bf5d7-5e1b-4364-9ec4-ebdcc284c71d,SKU-10544,Panel P46,CTRA1-E-021-1,2026-07-21 02:30:02.965479+00
1a81466a-401a-4e6d-843d-617f48c90bc1,SKU-11794,Panel I67,CTRA1-O-016-1,2026-07-21 02:30:02.965479+00
1a9b5699-ba51-495c-9f70-e8cb97f48415,SKU-12672,Motor R36,CTRA1-V-014-1,2026-07-21 02:30:02.965479+00
1abfc9ac-6cc8-46d5-a464-78e92016987d,SKU-12153,Motor Q32,CTRA1-R-006-2,2026-07-21 02:30:02.965479+00
1ac240f1-103e-4d49-bba3-b14f9ae76063,SKU-10666,Panel E41,CTRA1-F-019-1,2026-07-21 02:30:02.965479+00
1aee10ef-fec5-49fd-a406-a97ce31826b5,SKU-11152,Gearbox W16,CTRA1-J-010-1,2026-07-21 02:30:02.965479+00
1b09c8d1-efef-4f62-b102-da2d16e81ece,SKU-11614,Casing K95,CTRA1-M-052-1,2026-07-21 02:30:02.965479+00
1b408e2d-aad1-4b03-8733-71143256ae1f,SKU-11502,Sensor Component F71,CTRA1-L-059-1,2026-07-21 02:30:02.965479+00
1b565096-f5db-4034-8e36-917f8665b366,SKU-12086,Casing H88,CTRA1-Q-036-1,2026-07-21 02:30:02.965479+00
1b6090bd-b32c-4df5-a43d-1e3a31f08aa5,SKU-11516,Panel K62,CTRA1-M-003-1,2026-07-21 02:30:02.965479+00
1b927052-ce9f-4ff5-91d7-b2b8716b7b7f,SKU-11920,Motor L59,CTRA1-P-016-1,2026-07-21 02:30:02.965479+00
1ba1995e-aab0-49a6-bdb7-cdf579a4f8bb,SKU-11201,Panel P73,CTRA1-J-034-2,2026-07-21 02:30:02.965479+00
1ba44667-aa9b-4f32-ae47-30ac6fbedb03,SKU-11199,Casing U14,CTRA1-J-033-2,2026-07-21 02:30:02.965479+00
1bcab691-bc20-451d-938d-8caf14f2b349,SKU-10263,Wheel Axle K52,CTRA1-C-006-2,2026-07-21 02:30:02.965479+00
1bcae26b-ef75-4b48-a8fd-9ec08cde2afe,SKU-12839,Motor K81,CTRA1-W-034-2,2026-07-21 02:30:02.965479+00
1bf0ca07-4904-4c1f-8e52-a630ad0d5dd7,SKU-12615,Body Shell D32,CTRA1-U-048-2,2026-07-21 02:30:02.965479+00
1c2e8b7c-9fcd-400a-b96c-9a83e2827c95,SKU-11340,Panel H43,CTRA1-K-041-1,2026-07-21 02:30:02.965479+00
1c3415c4-0a61-4020-8c98-3e4f194c9d96,SKU-10188,Sensor Component P83,CTRA1-B-032-1,2026-07-21 02:30:02.965479+00
1c39738f-361a-4a9c-9883-8a14346ae61d,SKU-11667,Gearbox C42,CTRA1-N-015-2,2026-07-21 02:30:02.965479+00
1c57368d-b415-4f65-9fda-2f16b3ca4b7a,SKU-10178,Body Shell I8,CTRA1-B-027-1,2026-07-21 02:30:02.965479+00
1c5e018f-5df4-4077-bff6-ae5c6c16a62b,SKU-12509,Motor E57,CTRA1-T-058-2,2026-07-21 02:30:02.965479+00
1c6a931c-1192-48b9-88ab-7d4cd2b6a223,SKU-11372,Gearbox S31,CTRA1-K-057-1,2026-07-21 02:30:02.965479+00
1cb57e28-7f53-43ab-8d82-89862a66ca25,SKU-11695,Casing C19,CTRA1-N-029-2,2026-07-21 02:30:02.965479+00
1cb9ab7b-4018-4d10-ba04-3947bfab832c,SKU-11854,Casing D60,CTRA1-O-046-1,2026-07-21 02:30:02.965479+00
1cfa8f39-49da-4ff6-9f6e-b965fe2a8b2f,SKU-10010,Chassis Y60,CTRA1-A-006-1,2026-07-21 02:30:02.965479+00
1cfd705a-9429-4a75-a665-ccdb20dbb6f8,SKU-10286,Casing R43,CTRA1-C-018-1,2026-07-21 02:30:02.965479+00
1cfdaf4b-6ad8-49a4-94f7-413bf52e3338,SKU-11738,Body Shell P43,CTRA1-N-051-1,2026-07-21 02:30:02.965479+00
1d4c432e-3d2e-4a83-b5ff-c20a112aa1fe,SKU-11774,Body Shell H49,CTRA1-O-006-1,2026-07-21 02:30:02.965479+00
1d6acf36-6f3d-4515-8278-6822b71b8d28,SKU-11589,Wheel Axle R14,CTRA1-M-039-2,2026-07-21 02:30:02.965479+00
1d7fb7b6-7018-4caf-9cac-2c8ede7be579,SKU-11357,Motor F89,CTRA1-K-049-2,2026-07-21 02:30:02.965479+00
1d88aa4a-2a26-4891-846c-0d8e9bdee063,SKU-10537,Body Shell S98,CTRA1-E-017-2,2026-07-21 02:30:02.965479+00
1dacc192-0ec1-4867-989f-617779aa48b2,SKU-11047,Gearbox T24,CTRA1-I-020-2,2026-07-21 02:30:02.965479+00
1dadf3d9-96fa-4ac0-8e6c-8766aa1eb879,SKU-11832,Casing C36,CTRA1-O-035-1,2026-07-21 02:30:02.965479+00
1db08356-9bd2-45bc-93c5-8eed0c63b215,SKU-10989,Panel L5,CTRA1-H-054-2,2026-07-21 02:30:02.965479+00
1dd3a442-b429-4e34-a265-a606b5b55283,SKU-11251,Sensor Component C49,CTRA1-J-059-2,2026-07-21 02:30:02.965479+00
1deee0f4-a23e-4569-8a7b-fd6fbb073abb,SKU-10609,Casing K1,CTRA1-E-053-2,2026-07-21 02:30:02.965479+00
1df03d11-7291-4faa-851a-a1b2a81736de,SKU-11437,Panel D24,CTRA1-L-026-2,2026-07-21 02:30:02.965479+00
1dfbff1d-2e31-4f7b-83d8-7b17d262f4b5,SKU-10857,Panel G97,CTRA1-G-051-2,2026-07-21 02:30:02.965479+00
1e014779-2aed-48a4-8738-ea37e6c4da20,SKU-12774,Sensor Component D33,CTRA1-W-002-1,2026-07-21 02:30:02.965479+00
1e025b06-ace8-4f91-88b1-65873a09c428,SKU-10346,Motor F3,CTRA1-C-048-1,2026-07-21 02:30:02.965479+00
1e371c8e-1a9e-4f2e-8f08-61d4bc434b14,SKU-11613,Wheel Axle F61,CTRA1-M-051-2,2026-07-21 02:30:02.965479+00
1e3ec228-ee0d-4570-9c13-2baeb9fb2582,SKU-12451,Panel J82,CTRA1-T-029-2,2026-07-21 02:30:02.965479+00
1e4e7041-9de5-41f4-8af3-7de4a13851f3,SKU-11752,Chassis X95,CTRA1-N-058-1,2026-07-21 02:30:02.965479+00
1e8e225b-f31e-4b67-8a2f-65c65072a283,SKU-11607,Casing B76,CTRA1-M-048-2,2026-07-21 02:30:02.965479+00
1ead405b-c3a7-4944-9a2f-f554f4254538,SKU-12414,Chassis U67,CTRA1-T-011-1,2026-07-21 02:30:02.965479+00
1ed509e6-3135-4304-ab00-752197d45cef,SKU-10663,Sensor Component Q83,CTRA1-F-017-2,2026-07-21 02:30:02.965479+00
1ef98b8a-e20f-4806-8930-259a71e30833,SKU-11842,Gearbox W49,CTRA1-O-040-1,2026-07-21 02:30:02.965479+00
1f11cfe7-4b02-4530-86de-29bcfd2010d8,SKU-11733,Motor G44,CTRA1-N-048-2,2026-07-21 02:30:02.965479+00
1f16b21a-600b-42d4-bd33-da28554150ba,SKU-11352,Sensor Component M45,CTRA1-K-047-1,2026-07-21 02:30:02.965479+00
1f17e39b-34f6-4f13-aae2-d4268548e2cf,SKU-10490,Casing G25,CTRA1-D-057-1,2026-07-21 02:30:02.965479+00
1f217ee4-e50c-490b-a7a9-75dc3bbc9382,SKU-12076,Wheel Axle T38,CTRA1-Q-031-1,2026-07-21 02:30:02.965479+00
1f493e8a-eb3b-4941-b457-07af02b6a2d8,SKU-11008,Casing X10,CTRA1-I-001-1,2026-07-21 02:30:02.965479+00
1f4ce20c-498c-4d36-846c-98e6d9b162c7,SKU-12744,Chassis Z20,CTRA1-V-050-1,2026-07-21 02:30:02.965479+00
1f6392c5-9dc7-4ce5-856b-3033b55ee3f0,SKU-12167,Gearbox P50,CTRA1-R-013-2,2026-07-21 02:30:02.965479+00
1f7fa362-b684-476c-b674-815969319bbc,SKU-12162,Casing E54,CTRA1-R-011-1,2026-07-21 02:30:02.965479+00
1f814b2a-cee4-4e94-a097-3278b19b0113,SKU-12991,Sensor Component W43,CTRA1-X-047-2,2026-07-21 02:30:02.965479+00
1f962f27-72e9-41c4-aecc-5f93f55d3a70,SKU-12202,Body Shell U58,CTRA1-R-031-1,2026-07-21 02:30:02.965479+00
1fb85731-1cda-4dcb-b09e-0c51aee8c764,SKU-11552,Gearbox S84,CTRA1-M-021-1,2026-07-21 02:30:02.965479+00
1fc7cabd-5bac-4e3e-8212-28bd7f285b8b,SKU-12269,Panel U17,CTRA1-S-001-2,2026-07-21 02:30:02.965479+00
1fd35b24-5926-4589-aa11-ea9dfdab4016,SKU-13011,Panel P33,CTRA1-X-057-2,2026-07-21 02:30:02.965479+00
1fd87fbc-e8a6-4433-9d3f-9d670144cb94,SKU-12413,Chassis L23,CTRA1-T-010-2,2026-07-21 02:30:02.965479+00
1fee7495-9bf6-4d50-9192-961766e66cfd,HW-TM-04,Standard 10mm Wheels (4-pack),CTRA1-F-005-1,2026-07-21 02:30:02.965479+00
200a3975-8b71-4512-b94e-b40c7432ad60,SKU-12039,Wheel Axle N16,CTRA1-Q-012-2,2026-07-21 02:30:02.965479+00
202fcb61-da34-4a90-bf48-4317d14aa23a,SKU-11986,Panel Z63,CTRA1-P-049-1,2026-07-21 02:30:02.965479+00
204aa758-b91e-42b4-852a-f8a29d6f79b4,SKU-11755,Wheel Axle O17,CTRA1-N-059-2,2026-07-21 02:30:02.965479+00
207c9e6f-3f46-408d-8a12-7aee74ce5078,SKU-10269,Motor D28,CTRA1-C-009-2,2026-07-21 02:30:02.965479+00
207df421-82c8-49b4-8881-151be18d2707,SKU-11259,Casing G48,CTRA1-J-063-2,2026-07-21 02:30:02.965479+00
20936d5e-aa60-4337-ac92-18c1d38572a7,SKU-12139,Gearbox Y20,CTRA1-Q-062-2,2026-07-21 02:30:02.965479+00
2099d663-adf4-4884-b550-d6aa2c84e60c,SKU-12100,Motor X12,CTRA1-Q-043-1,2026-07-21 02:30:02.965479+00
209ca400-ea3c-4e48-ad94-44fd1a889567,SKU-11627,Chassis U22,CTRA1-M-058-2,2026-07-21 02:30:02.965479+00
20ae54b3-c765-4648-bcfe-f59fecc2ab38,SKU-12987,Wheel Axle Z32,CTRA1-X-045-2,2026-07-21 02:30:02.965479+00
20e02e50-56dc-4b10-83a3-b97d77641197,SKU-11462,Body Shell D53,CTRA1-L-039-1,2026-07-21 02:30:02.965479+00
20f5987f-2927-43f3-831a-8d256ca3829f,SKU-12901,Motor F57,CTRA1-X-002-2,2026-07-21 02:30:02.965479+00
20f91462-864e-4b04-9204-3a1e1e2cac19,SKU-10508,Wheel Axle S83,CTRA1-E-003-1,2026-07-21 02:30:02.965479+00
2107e553-e3d2-4d8a-bbcc-ad8edacc9988,SKU-10854,Wheel Axle L13,CTRA1-G-050-1,2026-07-21 02:30:02.965479+00
2151a2fc-117e-4c2e-b80c-e33aaf004865,SKU-10193,Wheel Axle I46,CTRA1-B-034-2,2026-07-21 02:30:02.965479+00
2179fd09-1393-456c-b9eb-6e5fa0be0220,SKU-11879,Gearbox R38,CTRA1-O-058-2,2026-07-21 02:30:02.965479+00
217fdc05-13b5-4431-8911-fb0acf01bfde,SKU-11156,Wheel Axle T62,CTRA1-J-012-1,2026-07-21 02:30:02.965479+00
2182ee29-2cea-4a65-9e92-7a8507eda634,SKU-10410,Chassis X29,CTRA1-D-017-1,2026-07-21 02:30:02.965479+00
21864887-14a6-491a-96b8-0fb31eabc690,SKU-10670,Gearbox O90,CTRA1-F-021-1,2026-07-21 02:30:02.965479+00
218c2fa1-1b1f-4fb3-a11d-c014947444d1,SKU-10016,Motor N74,CTRA1-A-009-1,2026-07-21 02:30:02.965479+00
219501e9-c56e-4efd-b200-564cca7692f2,SKU-10153,Panel X71,CTRA1-B-014-2,2026-07-21 02:30:02.965479+00
21a5077e-9ded-4460-a463-a8231675ad42,SKU-10442,Casing G52,CTRA1-D-033-1,2026-07-21 02:30:02.965479+00
21c4b464-2c13-4ab9-b59a-10eee8c7eb8d,SKU-11369,Sensor Component V71,CTRA1-K-055-2,2026-07-21 02:30:02.965479+00
21cce7fe-5007-4d03-b374-4b8b44c9a16d,SKU-11838,Wheel Axle V41,CTRA1-O-038-1,2026-07-21 02:30:02.965479+00
21eab438-94c3-4541-803d-791a8ed27be1,SKU-10746,Gearbox F54,CTRA1-F-059-1,2026-07-21 02:30:02.965479+00
22002d3b-235e-43db-9bae-c5eda0a5e6c3,SKU-11527,Body Shell U3,CTRA1-M-008-2,2026-07-21 02:30:02.965479+00
225d56b1-8d70-4a3a-a9a8-492f6e84ce72,SKU-10280,Chassis Q84,CTRA1-C-015-1,2026-07-21 02:30:02.965479+00
22cf3f83-50cb-43ce-84ce-9d4e32d4da4a,SKU-12165,Motor H11,CTRA1-R-012-2,2026-07-21 02:30:02.965479+00
22d26607-a002-42c5-8793-60814456982d,SKU-11297,Motor H13,CTRA1-K-019-2,2026-07-21 02:30:02.965479+00
231f60b1-faca-481b-ab8e-9a20eecc6b07,SKU-12739,Gearbox R21,CTRA1-V-047-2,2026-07-21 02:30:02.965479+00
2325b7b7-98b3-41f6-9ef2-4d2ed7a3b636,SKU-12811,Motor X43,CTRA1-W-020-2,2026-07-21 02:30:02.965479+00
2334b4d0-3744-46ae-9a07-218f41d25518,SKU-12627,Motor U58,CTRA1-U-054-2,2026-07-21 02:30:02.965479+00
235f83bc-004f-4be8-9769-bbcba70247bf,SKU-10426,Wheel Axle L29,CTRA1-D-025-1,2026-07-21 02:30:02.965479+00
236361ad-df7a-4868-952d-e2c55aaf714c,SKU-12946,Panel Q28,CTRA1-X-025-1,2026-07-21 02:30:02.965479+00
237edf0f-73a6-4553-9279-697df73b9e46,SKU-11205,Motor X34,CTRA1-J-036-2,2026-07-21 02:30:02.965479+00
23f3887a-45a9-42ad-9c14-0d9902e6013a,SKU-12665,Panel V3,CTRA1-V-010-2,2026-07-21 02:30:02.965479+00
23fd248b-c0d9-49b6-8d26-db23721e5804,SKU-12475,Casing K4,CTRA1-T-041-2,2026-07-21 02:30:02.965479+00
240da333-c04b-49f1-abb9-f6691af9fc62,SKU-10143,Wheel Axle F47,CTRA1-B-009-2,2026-07-21 02:30:02.965479+00
241feca8-b95d-48d4-b246-c8c4a80f2112,SKU-10960,Wheel Axle G72,CTRA1-H-040-1,2026-07-21 02:30:02.965479+00
242184ed-f8fa-416c-9ef3-8725b7ef822f,SKU-12225,Sensor Component B38,CTRA1-R-042-2,2026-07-21 02:30:02.965479+00
2430e4d9-900e-4f2c-a48f-43a859bdca7c,SKU-10235,Sensor Component D50,CTRA1-B-055-2,2026-07-21 02:30:02.965479+00
243da46b-50b4-479d-8a53-4e96699605ae,SKU-11759,Gearbox R45,CTRA1-N-061-2,2026-07-21 02:30:02.965479+00
2440a750-65f3-4a8a-a304-bd3d589893bf,SKU-12411,Chassis O74,CTRA1-T-009-2,2026-07-21 02:30:02.965479+00
245bdc4d-914b-4a39-8ddc-a97de0188a84,SKU-10682,Wheel Axle R26,CTRA1-F-027-1,2026-07-21 02:30:02.965479+00
246443ef-7972-4d39-907b-17899532e045,SKU-11367,Casing F25,CTRA1-K-054-2,2026-07-21 02:30:02.965479+00
246463d3-5a12-40c8-be4d-51e100f87cef,SKU-12807,Body Shell R73,CTRA1-W-018-2,2026-07-21 02:30:02.965479+00
24817c2d-4ad5-4443-b3f3-1b444df0cfbc,SKU-12030,Body Shell Z34,CTRA1-Q-008-1,2026-07-21 02:30:02.965479+00
248d8ee3-566a-4a14-a91b-59ef928f8ea5,SKU-11815,Wheel Axle R55,CTRA1-O-026-2,2026-07-21 02:30:02.965479+00
248e4563-8e06-44cd-a8dd-0396e8c2aa01,SKU-10322,Body Shell A65,CTRA1-C-036-1,2026-07-21 02:30:02.965479+00
24aaa3d5-c2b9-454b-89fc-5c8097064c2a,SKU-11779,Casing D3,CTRA1-O-008-2,2026-07-21 02:30:02.965479+00
24b09991-7bec-4707-9ae2-ac6d232c97e6,SKU-10792,Body Shell E7,CTRA1-G-019-1,2026-07-21 02:30:02.965479+00
24b78b7a-7f19-4343-8615-1ad5c33899e8,HW-MT-03,Monster Truck Base Frame,CTRA1-P-010-1,2026-07-21 02:30:02.965479+00
24d66f93-6178-487e-b655-c08225e1a284,SKU-10198,Gearbox W82,CTRA1-B-037-1,2026-07-21 02:30:02.965479+00
24edb116-fd43-4d8c-9fa5-8ab1d7a43efb,SKU-10566,Motor S72,CTRA1-E-032-1,2026-07-21 02:30:02.965479+00
24f44840-872e-4005-bffb-51d7de2a3a92,SKU-12259,Wheel Axle C59,CTRA1-R-059-2,2026-07-21 02:30:02.965479+00
2507b4ae-207e-4203-9f63-9173e9c6cbca,SKU-12556,Sensor Component P62,CTRA1-U-019-1,2026-07-21 02:30:02.965479+00
254745aa-69fe-4869-a7fd-f685f0338296,SKU-11174,Motor V99,CTRA1-J-021-1,2026-07-21 02:30:02.965479+00
2563f6c9-4be8-4b7b-a69d-dabfb0643bf8,SKU-10456,Body Shell G58,CTRA1-D-040-1,2026-07-21 02:30:02.965479+00
256cc36b-25a5-4d05-85be-ab18dbe58840,SKU-11685,Motor X91,CTRA1-N-024-2,2026-07-21 02:30:02.965479+00
25722685-c1d9-4092-852b-78409811878b,SKU-12687,Chassis Y23,CTRA1-V-021-2,2026-07-21 02:30:02.965479+00
25820319-7ec0-441a-b9b0-5e2a1dc6d54b,SKU-11749,Chassis O69,CTRA1-N-056-2,2026-07-21 02:30:02.965479+00
258fec33-952f-4124-984f-220a428d7b26,SKU-11881,Gearbox P70,CTRA1-O-059-2,2026-07-21 02:30:02.965479+00
2592c654-817f-424b-8c44-339f960772c1,SKU-10471,Casing K50,CTRA1-D-047-2,2026-07-21 02:30:02.965479+00
25940145-4de5-48aa-bea3-cc04b3acb30e,SKU-12858,Motor S21,CTRA1-W-044-1,2026-07-21 02:30:02.965479+00
2594c915-9363-48c1-b3e1-c1c344a7f9ab,SKU-10968,Body Shell Y29,CTRA1-H-044-1,2026-07-21 02:30:02.965479+00
259aa4fd-14d6-4274-bb69-1b445c4454fd,SKU-11722,Chassis B37,CTRA1-N-043-1,2026-07-21 02:30:02.965479+00
25aaed0f-74cb-4e47-9ce9-73952b5beac0,SKU-10423,Body Shell X2,CTRA1-D-023-2,2026-07-21 02:30:02.965479+00
25b01a9b-a274-4e72-b1e8-349ace29ac0b,SKU-11883,Motor B88,CTRA1-O-060-2,2026-07-21 02:30:02.965479+00
25c6a7a3-b91c-4c0f-837f-67ddd3e0a3f9,SKU-11444,Body Shell V13,CTRA1-L-030-1,2026-07-21 02:30:02.965479+00
25d3d182-a4c0-4f0b-82c7-2091486aae36,SKU-11256,Panel M94,CTRA1-J-062-1,2026-07-21 02:30:02.965479+00
25d85a87-ca0e-44f9-920a-8a2b596cea5e,SKU-11669,Casing O71,CTRA1-N-016-2,2026-07-21 02:30:02.965479+00
25f3a06b-cfa3-4881-8efe-2538a23df62a,SKU-11250,Wheel Axle G50,CTRA1-J-059-1,2026-07-21 02:30:02.965479+00
25fff3c4-5366-49c2-a3de-5be27d8985a3,SKU-11880,Casing X8,CTRA1-O-059-1,2026-07-21 02:30:02.965479+00
2604c23f-dd7b-41ab-a3f9-0aca61d8ffe4,SKU-11235,Body Shell Y52,CTRA1-J-051-2,2026-07-21 02:30:02.965479+00
265637a7-27c7-4fca-8881-f13e6fd315dd,SKU-10152,Panel X74,CTRA1-B-014-1,2026-07-21 02:30:02.965479+00
2657f006-6b8d-49b2-80fe-579ebe9af5bf,SKU-11063,Panel V12,CTRA1-I-028-2,2026-07-21 02:30:02.965479+00
26676cd3-30c8-40b0-b110-76e89f914865,SKU-10462,Gearbox Q66,CTRA1-D-043-1,2026-07-21 02:30:02.965479+00
266d7682-a475-4c66-8114-0ab71ce8aa03,SKU-10950,Body Shell O54,CTRA1-H-035-1,2026-07-21 02:30:02.965479+00
266dd5e1-1645-47af-a920-7fc8bc1e39f7,SKU-12377,Body Shell P20,CTRA1-S-055-2,2026-07-21 02:30:02.965479+00
2674a5ba-562b-416d-b119-abb94352e9d8,SKU-12220,Panel P14,CTRA1-R-040-1,2026-07-21 02:30:02.965479+00
2685870e-18c2-4370-9ce7-bebed4a56307,SKU-10231,Wheel Axle U54,CTRA1-B-053-2,2026-07-21 02:30:02.965479+00
268d2fea-982e-4c85-9212-f50da4303cd7,SKU-11448,Panel F9,CTRA1-L-032-1,2026-07-21 02:30:02.965479+00
2698d6b7-acb2-4d6c-9115-991c9f0f498d,SKU-10043,Motor H17,CTRA1-A-022-2,2026-07-21 02:30:02.965479+00
269c91de-4955-4be6-8ba3-96140cbee212,SKU-11976,Motor M36,CTRA1-P-044-1,2026-07-21 02:30:02.965479+00
26a4e1bd-b088-4157-8a37-77fcf4a436c1,SKU-12929,Motor N23,CTRA1-X-016-2,2026-07-21 02:30:02.965479+00
26b28a52-0f35-47e2-b27f-4b2bd4a2fb39,SKU-11936,Body Shell L76,CTRA1-P-024-1,2026-07-21 02:30:02.965479+00
26fd16b7-4c98-4b47-aeed-c02d320b5621,SKU-12272,Body Shell W35,CTRA1-S-003-1,2026-07-21 02:30:02.965479+00
27295f47-c300-46a3-a967-5d58d6e9e348,SKU-10216,Gearbox V64,CTRA1-B-046-1,2026-07-21 02:30:02.965479+00
274ea330-4784-4ac2-86b3-b4b2c9477d9e,SKU-12290,Casing Y3,CTRA1-S-012-1,2026-07-21 02:30:02.965479+00
278619b2-d501-437d-95c4-08d3f889631d,SKU-12003,Panel X97,CTRA1-P-057-2,2026-07-21 02:30:02.965479+00
27a08f1d-7b2b-452b-a4cc-08ffadfb0866,SKU-10613,Casing W84,CTRA1-E-055-2,2026-07-21 02:30:02.965479+00
27af91db-8f3a-4dcf-b8c2-2c6e44cd6df8,SKU-10962,Wheel Axle R67,CTRA1-H-041-1,2026-07-21 02:30:02.965479+00
27b49f5a-aa05-4656-bd87-3719e890ea3d,SKU-10908,Body Shell U85,CTRA1-H-014-1,2026-07-21 02:30:02.965479+00
27c868a6-2aa3-41aa-9ca8-7bce87c8dfb9,SKU-11505,Body Shell T80,CTRA1-L-060-2,2026-07-21 02:30:02.965479+00
27f29d79-807b-463d-9881-dca7a1bca03e,SKU-10634,Motor R32,CTRA1-F-003-1,2026-07-21 02:30:02.965479+00
280199d3-2b9e-44e7-af9e-2f783c647dfe,SKU-11185,Motor M14,CTRA1-J-026-2,2026-07-21 02:30:02.965479+00
2805d7eb-cd2f-462f-84a0-6d30bdc06f3d,SKU-11485,Gearbox Z13,CTRA1-L-050-2,2026-07-21 02:30:02.965479+00
2807df5e-ffe2-4d6f-9276-198db37623a8,SKU-11240,Wheel Axle R70,CTRA1-J-054-1,2026-07-21 02:30:02.965479+00
281803f0-036d-4acf-82c0-78ef7035af74,SKU-10536,Chassis H21,CTRA1-E-017-1,2026-07-21 02:30:02.965479+00
28275b3d-0a87-465a-a4f7-983f84eaa495,SKU-12294,Panel M13,CTRA1-S-014-1,2026-07-21 02:30:02.965479+00
283d8b4e-3c7d-425e-a7bf-40326d0e554d,SKU-10001,Chassis U13,CTRA1-A-001-2,2026-07-21 02:30:02.965479+00
2863f58f-d3c1-483b-aa3a-56d23c1d1561,SKU-10548,Body Shell W91,CTRA1-E-023-1,2026-07-21 02:30:02.965479+00
287887f9-fbd7-4ba5-8039-84843657a567,SKU-10882,Body Shell W73,CTRA1-G-064-1,2026-07-21 02:30:02.965479+00
288c359c-08ee-471d-93ab-329e286c2d2c,SKU-10833,Body Shell P66,CTRA1-G-039-2,2026-07-21 02:30:02.965479+00
28a1b9bb-a0f4-4d98-ae91-a5dd2d6a5bd5,SKU-12058,Panel P90,CTRA1-Q-022-1,2026-07-21 02:30:02.965479+00
28d5e50e-6b5b-4025-adda-e3ad9720f42b,SKU-11242,Gearbox W43,CTRA1-J-055-1,2026-07-21 02:30:02.965479+00
28f6fe12-fe46-4505-b965-ad1e814d5cc8,SKU-12459,Panel I53,CTRA1-T-033-2,2026-07-21 02:30:02.965479+00
28fbcf09-e2a5-4321-89de-189c8c5ae554,SKU-12390,Casing P98,CTRA1-S-062-1,2026-07-21 02:30:02.965479+00
2923a494-734a-41dc-8db9-63883bad408a,SKU-11191,Body Shell W33,CTRA1-J-029-2,2026-07-21 02:30:02.965479+00
292c83ab-c9f3-431a-92f8-038dd217daaa,SKU-10729,Gearbox G79,CTRA1-F-050-2,2026-07-21 02:30:02.965479+00
292e9d1d-9131-4a3b-a2f1-59c0dccd39ee,SKU-10276,Body Shell P66,CTRA1-C-013-1,2026-07-21 02:30:02.965479+00
296a8b19-1f46-4bb1-94ae-21bffe3ab82c,SKU-11292,Panel F29,CTRA1-K-017-1,2026-07-21 02:30:02.965479+00
2983f397-d56b-4837-bd8a-082794e253de,SKU-12562,Body Shell L74,CTRA1-U-022-1,2026-07-21 02:30:02.965479+00
2992f3db-f653-428d-ae05-846c4cc5bda3,SKU-10391,Gearbox U45,CTRA1-D-007-2,2026-07-21 02:30:02.965479+00
299b2bf7-889d-4444-a094-3e2ece1265bf,SKU-11967,Body Shell X5,CTRA1-P-039-2,2026-07-21 02:30:02.965479+00
29a7c6b7-a607-419a-bc77-7871a079acf9,SKU-10984,Motor B4,CTRA1-H-052-1,2026-07-21 02:30:02.965479+00
29c5858e-46cc-4c4a-9e8b-723c4fc2603c,SKU-12790,Body Shell Y36,CTRA1-W-010-1,2026-07-21 02:30:02.965479+00
29db6987-45ea-4a01-ae55-553eea3a8401,SKU-12542,Gearbox G92,CTRA1-U-012-1,2026-07-21 02:30:02.965479+00
29fe3682-d59c-4be8-bba7-bb123d96ab3f,SKU-12427,Motor X73,CTRA1-T-017-2,2026-07-21 02:30:02.965479+00
2a4ea2d4-90f7-4661-b570-949778e39b5f,SKU-10021,Motor C47,CTRA1-A-011-2,2026-07-21 02:30:02.965479+00
2a6b5777-124d-4b49-8dfd-2ca5034cb683,SKU-12936,Gearbox R47,CTRA1-X-020-1,2026-07-21 02:30:02.965479+00
2a762ff7-6116-44a1-9c89-6f24db163f89,SKU-11173,Body Shell Y82,CTRA1-J-020-2,2026-07-21 02:30:02.965479+00
2a781fe1-c11d-4f29-bdff-5df73ea3fbff,SKU-10065,Casing E11,CTRA1-A-033-2,2026-07-21 02:30:02.965479+00
2a7e1a1f-8161-48a8-a203-c7babfe92633,SKU-11288,Panel V24,CTRA1-K-015-1,2026-07-21 02:30:02.965479+00
2abdce8d-db26-49bd-9149-6b3ff2b56300,SKU-11720,Sensor Component O71,CTRA1-N-042-1,2026-07-21 02:30:02.965479+00
2acee9bd-9965-4a01-a1cc-36366a0d82ac,SKU-12497,Panel X34,CTRA1-T-052-2,2026-07-21 02:30:02.965479+00
2afe6dd0-e35e-4d90-8389-b03983ba5fe0,SKU-12819,Body Shell C53,CTRA1-W-024-2,2026-07-21 02:30:02.965479+00
2b0ea0b6-c538-4d3a-9753-642ebe5c0a54,SKU-10515,Motor V72,CTRA1-E-006-2,2026-07-21 02:30:02.965479+00
2b14492c-4b38-48e7-a66e-3fe69592a39c,SKU-10344,Sensor Component C53,CTRA1-C-047-1,2026-07-21 02:30:02.965479+00
2b31aba2-1ddc-4ba8-b5d0-966731fd6790,SKU-11423,Sensor Component R21,CTRA1-L-019-2,2026-07-21 02:30:02.965479+00
2b3a367e-8641-436f-96ae-773d7ca9d6c9,SKU-10487,Chassis D6,CTRA1-D-055-2,2026-07-21 02:30:02.965479+00
2b4a770f-08a8-427a-a825-eaa65771b06d,SKU-11271,Panel M94,CTRA1-K-006-2,2026-07-21 02:30:02.965479+00
2b63c4ab-574d-498f-9ebb-92adf85cdcb1,SKU-10723,Panel Q13,CTRA1-F-047-2,2026-07-21 02:30:02.965479+00
2b67d378-f215-4261-a414-f24097d9418a,SKU-11743,Motor G87,CTRA1-N-053-2,2026-07-21 02:30:02.965479+00
2b6832ee-4778-4f26-856e-853c596333b0,SKU-11035,Chassis L34,CTRA1-I-014-2,2026-07-21 02:30:02.965479+00
2b83981b-eaa4-40db-b42f-941152d10b98,SKU-12823,Gearbox H86,CTRA1-W-026-2,2026-07-21 02:30:02.965479+00
2b8aa822-4247-4727-b6cb-d18e67f1b96a,SKU-11850,Casing H67,CTRA1-O-044-1,2026-07-21 02:30:02.965479+00
2b98efa4-57bf-4da4-8a33-d7fce1a65ee5,SKU-11771,Sensor Component P48,CTRA1-O-004-2,2026-07-21 02:30:02.965479+00
2ba170b8-797e-41b9-8e47-a3c40add06df,SKU-10880,Panel E45,CTRA1-G-063-1,2026-07-21 02:30:02.965479+00
2bad4e8d-32f6-436e-83d6-a767f230f63e,SKU-10277,Gearbox T92,CTRA1-C-013-2,2026-07-21 02:30:02.965479+00
2bb437dc-91d4-4a68-bfe2-a92ecf8acadd,SKU-12558,Body Shell U23,CTRA1-U-020-1,2026-07-21 02:30:02.965479+00
2bb8316f-0537-4eda-b774-ff32dc7eb09f,SKU-10041,Body Shell J22,CTRA1-A-021-2,2026-07-21 02:30:02.965479+00
2c0bf181-a5de-46be-be2b-6a75ceccf348,SKU-12051,Chassis Q2,CTRA1-Q-018-2,2026-07-21 02:30:02.965479+00
2c127c5e-38e7-4c1e-af8d-b4a6ce7e72d6,SKU-11302,Panel W3,CTRA1-K-022-1,2026-07-21 02:30:02.965479+00
2c5eb721-6ce4-46ee-a530-79f5302a0272,SKU-12069,Casing N43,CTRA1-Q-027-2,2026-07-21 02:30:02.965479+00
2c790896-024d-4927-85fe-4d99284cd8d1,SKU-11260,Wheel Axle Z32,CTRA1-K-001-1,2026-07-21 02:30:02.965479+00
2ca9de89-68ce-4624-b271-53f3c0caf914,SKU-12317,Casing O98,CTRA1-S-025-2,2026-07-21 02:30:02.965479+00
2cbbfe4a-62c6-48eb-a9bf-af67e641a450,SKU-11791,Sensor Component N14,CTRA1-O-014-2,2026-07-21 02:30:02.965479+00
2cbd7459-a691-4967-9adc-74d82073d9ad,SKU-12412,Panel K8,CTRA1-T-010-1,2026-07-21 02:30:02.965479+00
2cbf4808-a6e2-4a27-87c2-1389e67b66de,SKU-11938,Casing N46,CTRA1-P-025-1,2026-07-21 02:30:02.965479+00
2cd43064-8922-47cc-97eb-32c4e91963be,SKU-11777,Panel C29,CTRA1-O-007-2,2026-07-21 02:30:02.965479+00
2cde510b-694c-4156-a316-a503f0cdf96b,SKU-10738,Panel X87,CTRA1-F-055-1,2026-07-21 02:30:02.965479+00
2ce7d243-9f76-4c59-8bb9-24287d2b236e,SKU-10672,Body Shell X57,CTRA1-F-022-1,2026-07-21 02:30:02.965479+00
2d10ebe6-c2a0-4af0-be46-dbe393ea085c,SKU-11407,Gearbox N32,CTRA1-L-011-2,2026-07-21 02:30:02.965479+00
2d346b20-237f-4e49-bcf0-0ee963379fb5,SKU-10070,Casing O90,CTRA1-A-036-1,2026-07-21 02:30:02.965479+00
2d4119c4-97d7-4cb1-9263-989179bac2e9,SKU-12155,Motor O84,CTRA1-R-007-2,2026-07-21 02:30:02.965479+00
2d4a4ff2-6015-450b-b6f1-a005b2ccf754,SKU-10307,Motor E4,CTRA1-C-028-2,2026-07-21 02:30:02.965479+00
2d731610-5275-455d-9adc-175926ee7b7a,SKU-10756,Panel I45,CTRA1-G-001-1,2026-07-21 02:30:02.965479+00
2db98b10-4ff6-4273-95e5-9dc668e42a61,SKU-12956,Casing C42,CTRA1-X-030-1,2026-07-21 02:30:02.965479+00
2ddbcf90-7f3a-4f87-ad40-daa5667573f1,SKU-11446,Gearbox K52,CTRA1-L-031-1,2026-07-21 02:30:02.965479+00
2e2e762a-9cf0-4e4f-aaaf-8b4f7a6af27d,SKU-10975,Wheel Axle X65,CTRA1-H-047-2,2026-07-21 02:30:02.965479+00
2e39f7b1-0c58-4c68-9405-347f3ce91ab9,SKU-12882,Casing C60,CTRA1-W-056-1,2026-07-21 02:30:02.965479+00
2e4a8a82-0fe5-45c7-b535-ebc3219e871c,SKU-11445,Wheel Axle Z12,CTRA1-L-030-2,2026-07-21 02:30:02.965479+00
2e4eae69-c220-492e-84ef-74038f2bb243,SKU-10328,Gearbox W12,CTRA1-C-039-1,2026-07-21 02:30:02.965479+00
2e72bc0c-c5a4-4a5e-80c2-d016b29ec93d,SKU-11403,Body Shell W98,CTRA1-L-009-2,2026-07-21 02:30:02.965479+00
2e7b4188-4b34-4b3b-b3c9-952f2105a6f6,SKU-12696,Wheel Axle Q44,CTRA1-V-026-1,2026-07-21 02:30:02.965479+00
2e8faab6-b53f-40be-a66e-62446a1f5718,SKU-10946,Wheel Axle G88,CTRA1-H-033-1,2026-07-21 02:30:02.965479+00
2eab422b-3178-480a-a6ea-662bd4c0fbe4,SKU-11698,Body Shell D6,CTRA1-N-031-1,2026-07-21 02:30:02.965479+00
2eab6119-e643-4aa0-b283-e6d07a71c342,SKU-11765,Casing E32,CTRA1-O-001-2,2026-07-21 02:30:02.965479+00
2eb1c204-f710-4f8a-81ed-be63e48b65ce,SKU-11567,Wheel Axle A28,CTRA1-M-028-2,2026-07-21 02:30:02.965479+00
2eca1291-8c16-40ae-88be-43f5fa79793b,SKU-10727,Chassis E86,CTRA1-F-049-2,2026-07-21 02:30:02.965479+00
2ee83024-8943-4fdd-991a-d0dd4e15c0ab,SKU-10823,Casing T78,CTRA1-G-034-2,2026-07-21 02:30:02.965479+00
2eeab865-6afa-4ca4-ac62-cf5a67804da2,SKU-12056,Casing E31,CTRA1-Q-021-1,2026-07-21 02:30:02.965479+00
2f03df88-1e4f-42f8-8fee-50649fe1d7db,SKU-11535,Panel M76,CTRA1-M-012-2,2026-07-21 02:30:02.965479+00
2f0cb35b-544d-456c-98c1-205af99291ff,SKU-12958,Panel R19,CTRA1-X-031-1,2026-07-21 02:30:02.965479+00
2f180d3f-eb5c-4baa-b70c-66e1a66562da,SKU-10897,Chassis M53,CTRA1-H-008-2,2026-07-21 02:30:02.965479+00
2f18acf0-ccd4-41fa-b520-9ae7a7127e3a,SKU-11954,Panel D74,CTRA1-P-033-1,2026-07-21 02:30:02.965479+00
2f306717-2404-451e-b56a-44efa1cf4fb3,SKU-11169,Chassis P44,CTRA1-J-018-2,2026-07-21 02:30:02.965479+00
2f5e3681-ad51-450d-afb1-3afbebaf119c,SKU-12428,Gearbox T41,CTRA1-T-018-1,2026-07-21 02:30:02.965479+00
2f7732d5-fc2c-41cc-b67a-8acf90692aa9,SKU-10745,Panel A99,CTRA1-F-058-2,2026-07-21 02:30:02.965479+00
2fa5beca-b226-4472-9c19-1dc7d89a72fb,SKU-10554,Sensor Component E43,CTRA1-E-026-1,2026-07-21 02:30:02.965479+00
2fbda801-1d78-4ae4-a5ee-c9eb61523bc9,SKU-10550,Chassis U33,CTRA1-E-024-1,2026-07-21 02:30:02.965479+00
2fd496ec-2b83-47a4-82cf-370d1fb9cd30,SKU-10191,Panel Y29,CTRA1-B-033-2,2026-07-21 02:30:02.965479+00
304c0660-68d2-4281-89ee-110609717eb8,SKU-12582,Sensor Component O42,CTRA1-U-032-1,2026-07-21 02:30:02.965479+00
306c4f03-2298-405d-aa2d-548d2b64968f,SKU-11795,Panel D59,CTRA1-O-016-2,2026-07-21 02:30:02.965479+00
30930902-c83b-40d5-9514-6af4eeba8af3,SKU-10953,Body Shell F95,CTRA1-H-036-2,2026-07-21 02:30:02.965479+00
30cb7752-be56-4a15-b3ed-c167cd9fe942,SKU-12011,Motor A88,CTRA1-P-061-2,2026-07-21 02:30:02.965479+00
30cd7951-0beb-4505-b36c-42c3d49c4137,SKU-11655,Body Shell S3,CTRA1-N-009-2,2026-07-21 02:30:02.965479+00
30d0e4ee-b33e-4487-af94-e6c96eb95641,SKU-12718,Casing Q98,CTRA1-V-037-1,2026-07-21 02:30:02.965479+00
30d17f3b-e0d3-4171-ad62-fee8fa0be233,SKU-12725,Sensor Component R43,CTRA1-V-040-2,2026-07-21 02:30:02.965479+00
313a551f-340e-48d1-8599-17321a2aa8a1,SKU-12452,Wheel Axle E82,CTRA1-T-030-1,2026-07-21 02:30:02.965479+00
314c5f05-752d-48a6-af7c-1751047846c9,SKU-10954,Motor S78,CTRA1-H-037-1,2026-07-21 02:30:02.965479+00
31578c51-3935-402d-91c4-30743ed9eecc,SKU-11245,Wheel Axle Z42,CTRA1-J-056-2,2026-07-21 02:30:02.965479+00
31818b91-44db-45a6-a102-b200f9cbc171,SKU-12567,Body Shell X62,CTRA1-U-024-2,2026-07-21 02:30:02.965479+00
3185ad53-3d79-470f-8acf-f1529d8a4408,SKU-12177,Wheel Axle L60,CTRA1-R-018-2,2026-07-21 02:30:02.965479+00
31a5af2a-19b6-496b-8afe-e9bfeaa710e7,SKU-10026,Casing E54,CTRA1-A-014-1,2026-07-21 02:30:02.965479+00
31b0248c-51b0-4905-a322-1881f3d38147,SKU-12714,Sensor Component S76,CTRA1-V-035-1,2026-07-21 02:30:02.965479+00
31bb09e5-096a-4030-83cd-9aafe988187c,SKU-11605,Casing Y67,CTRA1-M-047-2,2026-07-21 02:30:02.965479+00
31bd3db7-41fd-467d-8b8f-6cc6d198748e,SKU-11044,Chassis S39,CTRA1-I-019-1,2026-07-21 02:30:02.965479+00
31c01734-cd69-47f1-b823-3bbd200b2f1a,SKU-10895,Gearbox D70,CTRA1-H-007-2,2026-07-21 02:30:02.965479+00
31c420c6-520c-4096-b327-eef93675b3bd,SKU-11349,Motor O75,CTRA1-K-045-2,2026-07-21 02:30:02.965479+00
3205064e-1250-4d6b-bf28-403f668cff90,SKU-10709,Chassis D35,CTRA1-F-040-2,2026-07-21 02:30:02.965479+00
321561c5-7cf0-46d6-b80d-bc2e1ebf83c1,SKU-10910,Casing E27,CTRA1-H-015-1,2026-07-21 02:30:02.965479+00
321f9542-c2ca-4cf3-9f1d-ed1362b829ac,SKU-11813,Motor E82,CTRA1-O-025-2,2026-07-21 02:30:02.965479+00
322c433a-dc8d-4820-85b1-00b208be5a9c,SKU-12188,Casing H2,CTRA1-R-024-1,2026-07-21 02:30:02.965479+00
3230196a-56ce-4882-a20f-df9d46b4f706,SKU-11282,Panel B81,CTRA1-K-012-1,2026-07-21 02:30:02.965479+00
32520155-d5fa-47cf-937a-5a4d6ee4fafb,SKU-12529,Sensor Component J45,CTRA1-U-005-2,2026-07-21 02:30:02.965479+00
325b2899-42ec-4f66-ab95-4d11c599c507,SKU-10079,Motor D25,CTRA1-A-040-2,2026-07-21 02:30:02.965479+00
32865b6f-4896-4eed-8df6-b3c758d459dd,SKU-10102,Wheel Axle R12,CTRA1-A-052-1,2026-07-21 02:30:02.965479+00
3290899b-e114-4f8c-a805-0555f2a087bf,SKU-10190,Motor Y46,CTRA1-B-033-1,2026-07-21 02:30:02.965479+00
329b0e1c-96e2-48e5-b7ea-38831bd6d50b,SKU-10091,Motor J43,CTRA1-A-046-2,2026-07-21 02:30:02.965479+00
32b943e7-ebde-49a4-9524-5c0094ef4bda,SKU-10069,Sensor Component M53,CTRA1-A-035-2,2026-07-21 02:30:02.965479+00
32bf1aa8-c752-4d74-b75d-a2b18355f9c6,SKU-12159,Casing N71,CTRA1-R-009-2,2026-07-21 02:30:02.965479+00
32e63e46-7f06-4d1c-8d6a-1fa1d3d25656,SKU-12846,Wheel Axle Y0,CTRA1-W-038-1,2026-07-21 02:30:02.965479+00
32ef493c-daeb-44f9-ae80-3f2986195725,SKU-11796,Gearbox J89,CTRA1-O-017-1,2026-07-21 02:30:02.965479+00
330742dd-c78a-4c1b-b059-5b0e4c8260a2,SKU-11319,Casing P32,CTRA1-K-030-2,2026-07-21 02:30:02.965479+00
336c5870-dce6-40d2-b1fd-4c840b690a4e,SKU-11115,Wheel Axle D96,CTRA1-I-054-2,2026-07-21 02:30:02.965479+00
33ac9617-3178-4880-bd6c-95a6d9d8df1d,SKU-12477,Motor T85,CTRA1-T-042-2,2026-07-21 02:30:02.965479+00
33b86575-00be-4df0-ac0c-051b99db30e1,SKU-11132,Chassis F9,CTRA1-I-063-1,2026-07-21 02:30:02.965479+00
33c525c0-a60c-48b8-8c08-4617ee84bb48,SKU-12470,Panel O30,CTRA1-T-039-1,2026-07-21 02:30:02.965479+00
33cbc60a-410d-47fd-9a16-ad76b5d2e793,SKU-11328,Wheel Axle R3,CTRA1-K-035-1,2026-07-21 02:30:02.965479+00
33e1912d-4b7e-428b-b75e-7c2492470a4e,SKU-10161,Body Shell T21,CTRA1-B-018-2,2026-07-21 02:30:02.965479+00
33e9f710-1b36-4e89-bc83-dfd139bf3d18,SKU-10766,Panel N56,CTRA1-G-006-1,2026-07-21 02:30:02.965479+00
34017a27-981d-4c87-9e2b-d58d1c9fe684,SKU-11186,Motor R31,CTRA1-J-027-1,2026-07-21 02:30:02.965479+00
34206bff-4720-4099-a401-1e7cfcf3b49b,SKU-11631,Panel E78,CTRA1-M-060-2,2026-07-21 02:30:02.965479+00
34223466-c0c9-4f99-aad8-ceb0816af0d9,SKU-12279,Motor V50,CTRA1-S-006-2,2026-07-21 02:30:02.965479+00
342a634d-e0fe-4cac-88a3-2b2141d1d3ee,SKU-11872,Gearbox B55,CTRA1-O-055-1,2026-07-21 02:30:02.965479+00
3436af96-a9a9-4689-a2e6-6740963ca15c,SKU-11754,Gearbox X15,CTRA1-N-059-1,2026-07-21 02:30:02.965479+00
343939ab-88c6-409e-af69-69c7cf95e694,SKU-10432,Motor U99,CTRA1-D-028-1,2026-07-21 02:30:02.965479+00
344c2129-7f31-4205-a6cb-ca1a62c9c7d4,SKU-11966,Casing C22,CTRA1-P-039-1,2026-07-21 02:30:02.965479+00
34777e25-8f00-4d7b-b51f-0939d38406c3,SKU-12205,Body Shell M91,CTRA1-R-032-2,2026-07-21 02:30:02.965479+00
347ac19e-5988-4335-9efa-c2b9da23e1f9,SKU-10366,Casing P81,CTRA1-C-058-1,2026-07-21 02:30:02.965479+00
348f52a5-d8b7-44bb-9168-3efe0e42aa28,SKU-11566,Panel T4,CTRA1-M-028-1,2026-07-21 02:30:02.965479+00
34d915ce-ad8f-4bbe-980f-bd404b7e7dd6,SKU-10002,Gearbox C57,CTRA1-A-002-1,2026-07-21 02:30:02.965479+00
3507064d-710d-4dda-8b26-8848319bda9c,SKU-12391,Gearbox H94,CTRA1-S-062-2,2026-07-21 02:30:02.965479+00
3516ecc5-8668-4c3f-a719-682454d4891b,SKU-12300,Wheel Axle R32,CTRA1-S-017-1,2026-07-21 02:30:02.965479+00
354f9a2d-954f-4ca0-8750-e82b580fde4e,SKU-11528,Motor O66,CTRA1-M-009-1,2026-07-21 02:30:02.965479+00
35689004-74f4-46fe-884d-6568247cab6a,SKU-11001,Body Shell S35,CTRA1-H-060-2,2026-07-21 02:30:02.965479+00
35a65a88-4341-4e14-8d3e-fe0dad422f8f,SKU-12964,Panel Z90,CTRA1-X-034-1,2026-07-21 02:30:02.965479+00
35e9069c-37b8-4cc9-a129-87cec8912d15,SKU-10182,Wheel Axle I1,CTRA1-B-029-1,2026-07-21 02:30:02.965479+00
35ec204d-3b23-4fc9-9889-4ca10950c50e,SKU-11309,Motor M53,CTRA1-K-025-2,2026-07-21 02:30:02.965479+00
35f45c38-98b9-49a6-8634-3295d40a875e,SKU-11900,Motor A25,CTRA1-P-006-1,2026-07-21 02:30:02.965479+00
35f475b8-9cf0-470b-a3d1-8760ae8550d9,SKU-12266,Casing J85,CTRA1-R-063-1,2026-07-21 02:30:02.965479+00
3628dbd2-fe96-4fb2-9cc6-1c8abbe56d8a,SKU-12776,Chassis C13,CTRA1-W-003-1,2026-07-21 02:30:02.965479+00
365bbf0f-c84c-47c5-b3ed-3496c5ad66f4,SKU-11425,Wheel Axle Y10,CTRA1-L-020-2,2026-07-21 02:30:02.965479+00
366a5179-226d-4252-b826-53f1f044ee9a,SKU-10058,Gearbox U91,CTRA1-A-030-1,2026-07-21 02:30:02.965479+00
366f5060-04c6-4a55-b83b-ced2582a20ab,SKU-10279,Chassis C38,CTRA1-C-014-2,2026-07-21 02:30:02.965479+00
3673160b-0dbe-44f3-886f-5f0ecfb61369,SKU-12972,Chassis N87,CTRA1-X-038-1,2026-07-21 02:30:02.965479+00
36782b91-8e46-433e-9657-935f42194e56,SKU-12479,Chassis Z59,CTRA1-T-043-2,2026-07-21 02:30:02.965479+00
36894be9-d218-4411-af69-fbd03c914652,SKU-12979,Casing L19,CTRA1-X-041-2,2026-07-21 02:30:02.965479+00
369ed9cc-4b42-4153-82cf-78e4536831d7,SKU-10615,Casing H3,CTRA1-E-056-2,2026-07-21 02:30:02.965479+00
36a1fd16-8474-47ef-bd45-8adc72cb55f7,SKU-12844,Casing N54,CTRA1-W-037-1,2026-07-21 02:30:02.965479+00
36c6492f-039b-4933-bf3f-bfd92c018964,SKU-12172,Motor Q94,CTRA1-R-016-1,2026-07-21 02:30:02.965479+00
36dbdc24-90eb-40f4-9211-4e98c496c2a6,SKU-12433,Wheel Axle W43,CTRA1-T-020-2,2026-07-21 02:30:02.965479+00
36e1f4d8-24b8-4f65-9302-47cc734aa02b,SKU-10335,Body Shell B39,CTRA1-C-042-2,2026-07-21 02:30:02.965479+00
3709a816-cd1c-4f45-b8f9-3a9b3f0cdb40,SKU-11956,Motor V51,CTRA1-P-034-1,2026-07-21 02:30:02.965479+00
3717fa1b-8f12-4e54-9f89-00caeaab10b3,SKU-10324,Panel O69,CTRA1-C-037-1,2026-07-21 02:30:02.965479+00
373ed83f-11d9-4f2b-984b-e82aa1190fd8,SKU-10113,Body Shell W78,CTRA1-A-057-2,2026-07-21 02:30:02.965479+00
3753fecd-7035-425c-bd9a-de88bca06129,SKU-11092,Body Shell R91,CTRA1-I-043-1,2026-07-21 02:30:02.965479+00
37862a09-ab7d-4715-b655-10098f8d6d1e,SKU-12218,Casing I94,CTRA1-R-039-1,2026-07-21 02:30:02.965479+00
379353c4-60f3-4640-af7f-a81e30352d2e,SKU-12985,Body Shell D59,CTRA1-X-044-2,2026-07-21 02:30:02.965479+00
37ffc5e3-30a7-4afd-a854-ef35bb3a7ac1,SKU-12283,Motor M43,CTRA1-S-008-2,2026-07-21 02:30:02.965479+00
38077efb-660c-4eb9-a2ca-bfad2923680d,SKU-12840,Motor P45,CTRA1-W-035-1,2026-07-21 02:30:02.965479+00
38095e8d-23e1-40da-a801-8ffe80f42fd4,SKU-12184,Casing Q2,CTRA1-R-022-1,2026-07-21 02:30:02.965479+00
380a4efc-5231-472c-839c-a9a3bd5ea242,SKU-12735,Panel B98,CTRA1-V-045-2,2026-07-21 02:30:02.965479+00
380c2d00-6853-43fa-b6fa-ea4115769be2,SKU-12865,Casing R37,CTRA1-W-047-2,2026-07-21 02:30:02.965479+00
38192399-3c5a-47c9-9e2a-9ec20f1086f8,SKU-11478,Wheel Axle R44,CTRA1-L-047-1,2026-07-21 02:30:02.965479+00
382bad10-c90d-46f6-8552-b16ffeec79d8,SKU-11545,Body Shell D97,CTRA1-M-017-2,2026-07-21 02:30:02.965479+00
382daacc-3403-44df-8705-26db0eee5da9,SKU-12666,Casing R93,CTRA1-V-011-1,2026-07-21 02:30:02.965479+00
3836b192-1f2f-4920-a809-2511ddcee8cc,SKU-11968,Panel W5,CTRA1-P-040-1,2026-07-21 02:30:02.965479+00
385412b8-7007-43df-9fd1-dfa5768452ca,SKU-10902,Casing Z12,CTRA1-H-011-1,2026-07-21 02:30:02.965479+00
3855bfb1-cc99-4ab0-8e12-6a7581e59240,SKU-12128,Gearbox A92,CTRA1-Q-057-1,2026-07-21 02:30:02.965479+00
387114f8-7159-41ba-a0d7-82cdd98064a6,SKU-10956,Gearbox K17,CTRA1-H-038-1,2026-07-21 02:30:02.965479+00
387e1366-b763-43c4-b285-5c5f6ecfbd06,SKU-10112,Body Shell B82,CTRA1-A-057-1,2026-07-21 02:30:02.965479+00
389c63fc-eb35-48aa-ad57-99cc80a9a41b,SKU-12761,Chassis M58,CTRA1-V-058-2,2026-07-21 02:30:02.965479+00
38a1d6a0-5ca3-4ebb-9a4e-e435b10183ce,SKU-12258,Casing T30,CTRA1-R-059-1,2026-07-21 02:30:02.965479+00
390c4f60-3d4d-40f5-86ca-6c98825fe343,SKU-11364,Sensor Component Z2,CTRA1-K-053-1,2026-07-21 02:30:02.965479+00
393b16a5-5afc-457d-9079-69ac0ea2813a,SKU-10641,Casing G49,CTRA1-F-006-2,2026-07-21 02:30:02.965479+00
393e05c9-2472-4ea4-9682-1fff69f93a9c,SKU-12221,Chassis V45,CTRA1-R-040-2,2026-07-21 02:30:02.965479+00
396e2a31-f3d5-4921-ac20-0bb8398759c6,SKU-11925,Body Shell Y11,CTRA1-P-018-2,2026-07-21 02:30:02.965479+00
3978d332-37d2-4700-a578-183a7d462581,SKU-10773,Body Shell H95,CTRA1-G-009-2,2026-07-21 02:30:02.965479+00
398dd4ab-47bb-413b-9cfd-6ed40f9f899b,SKU-12711,Motor E46,CTRA1-V-033-2,2026-07-21 02:30:02.965479+00
398f0969-cf71-4901-a654-7ec3558f3973,SKU-10265,Gearbox A36,CTRA1-C-007-2,2026-07-21 02:30:02.965479+00
398fc73a-621e-4dd3-a11b-4e7a2d01dd54,SKU-10458,Motor F64,CTRA1-D-041-1,2026-07-21 02:30:02.965479+00
399fb9fb-c47a-4e33-98a2-734c68377bee,SKU-10719,Motor X95,CTRA1-F-045-2,2026-07-21 02:30:02.965479+00
39aaa1fd-07b3-41be-8e46-0d2e897bf4ef,SKU-11845,Wheel Axle H29,CTRA1-O-041-2,2026-07-21 02:30:02.965479+00
39abb8a0-a9cc-47c1-b789-0359bd34ea6c,SKU-11507,Body Shell P80,CTRA1-L-061-2,2026-07-21 02:30:02.965479+00
39c9555a-0279-40c8-b960-a72498e7931a,SKU-10748,Sensor Component X2,CTRA1-F-060-1,2026-07-21 02:30:02.965479+00
39d97e76-2143-451e-95d0-c079dcc8e68f,SKU-10974,Motor E54,CTRA1-H-047-1,2026-07-21 02:30:02.965479+00
39ea74ed-117b-4a57-8234-853b7243711e,SKU-11295,Panel W19,CTRA1-K-018-2,2026-07-21 02:30:02.965479+00
39f69dc2-0236-4d87-8041-58ebe6f15f61,SKU-13002,Panel Q94,CTRA1-X-053-1,2026-07-21 02:30:02.965479+00
3a162b26-4e44-4111-9e81-9d2546a3c997,SKU-12367,Wheel Axle T74,CTRA1-S-050-2,2026-07-21 02:30:02.965479+00
3a352c95-957f-458d-ae4f-a5527de274eb,SKU-10441,Motor N56,CTRA1-D-032-2,2026-07-21 02:30:02.965479+00
3a407ff4-48ac-49a7-8973-8424f010d7f6,SKU-11654,Casing L15,CTRA1-N-009-1,2026-07-21 02:30:02.965479+00
3a4918de-4419-4401-bed4-29287eedacc2,SKU-12304,Body Shell L94,CTRA1-S-019-1,2026-07-21 02:30:02.965479+00
3a6e70fa-e079-4900-b21d-b1c67764e07d,SKU-12067,Casing L50,CTRA1-Q-026-2,2026-07-21 02:30:02.965479+00
3a95598b-d66e-4c08-8d83-55758ea33dea,SKU-10260,Casing Q32,CTRA1-C-005-1,2026-07-21 02:30:02.965479+00
3a96333f-83d2-4b31-9fd1-74e9149218e3,SKU-11266,Sensor Component X71,CTRA1-K-004-1,2026-07-21 02:30:02.965479+00
3aad0bbf-2110-4fb9-8853-ac2c929be2fa,SKU-12327,Casing G56,CTRA1-S-030-2,2026-07-21 02:30:02.965479+00
3aafe5fc-25dd-4927-8f54-92acb38ab52e,SKU-11532,Body Shell A12,CTRA1-M-011-1,2026-07-21 02:30:02.965479+00
3ac9fa8b-5fc7-40d5-bca2-dd374697ea9f,SKU-12322,Gearbox N66,CTRA1-S-028-1,2026-07-21 02:30:02.965479+00
3ad95201-057e-4c07-9380-17ac4e238194,SKU-11523,Body Shell N55,CTRA1-M-006-2,2026-07-21 02:30:02.965479+00
3adc4f20-d838-4042-8f25-2d6bff202ede,SKU-11157,Gearbox R14,CTRA1-J-012-2,2026-07-21 02:30:02.965479+00
3aec9050-4bbf-4b7f-9c60-b6acd14e13b1,SKU-11168,Motor N7,CTRA1-J-018-1,2026-07-21 02:30:02.965479+00
3af6ad3a-3a47-487b-b258-41a5e49dbeb9,SKU-10768,Sensor Component H48,CTRA1-G-007-1,2026-07-21 02:30:02.965479+00
3b296e40-723c-44a9-9908-1c38aa0d5f55,SKU-10760,Wheel Axle U17,CTRA1-G-003-1,2026-07-21 02:30:02.965479+00
3b368397-cb33-4f07-bedf-387437ffba53,SKU-10541,Motor J5,CTRA1-E-019-2,2026-07-21 02:30:02.965479+00
3b397644-9bb1-4eb4-bbaa-8227b4571d4a,SKU-10891,Gearbox S16,CTRA1-H-005-2,2026-07-21 02:30:02.965479+00
3b397c50-bb9e-4a14-88c6-d792c99f9f5e,SKU-11907,Gearbox A10,CTRA1-P-009-2,2026-07-21 02:30:02.965479+00
3b5e324f-dcc0-42f2-9540-751d37e541f6,SKU-10560,Body Shell P25,CTRA1-E-029-1,2026-07-21 02:30:02.965479+00
3b702b20-b54c-4c2c-b6e2-416d2873b85c,SKU-10056,Wheel Axle E26,CTRA1-A-029-1,2026-07-21 02:30:02.965479+00
3b84bf97-687e-44bf-88f2-208e1cba271b,SKU-11175,Body Shell L32,CTRA1-J-021-2,2026-07-21 02:30:02.965479+00
3ba9282d-0584-464d-944b-9d74f99faec8,SKU-11533,Gearbox P38,CTRA1-M-011-2,2026-07-21 02:30:02.965479+00
3bc74517-0ccc-472d-8d34-dd79bc522577,SKU-10478,Wheel Axle T50,CTRA1-D-051-1,2026-07-21 02:30:02.965479+00
3bcb1a62-3aca-49fb-97d7-ba0ec4746025,SKU-12275,Motor X76,CTRA1-S-004-2,2026-07-21 02:30:02.965479+00
3bd54084-a4fa-4c7d-9e61-992d7983328f,SKU-10213,Panel I79,CTRA1-B-044-2,2026-07-21 02:30:02.965479+00
3be3cf70-1433-4a90-8c5e-1315345ab1cd,SKU-11164,Wheel Axle E70,CTRA1-J-016-1,2026-07-21 02:30:02.965479+00
3c0fe514-dc87-4756-8eb4-a3940fbbcfad,SKU-11596,Panel R45,CTRA1-M-043-1,2026-07-21 02:30:02.965479+00
3c299b01-4b07-4dd6-8f99-1878af8f23fa,SKU-11091,Body Shell W87,CTRA1-I-042-2,2026-07-21 02:30:02.965479+00
3c33c132-5af5-462d-a0e6-d78c93bef14c,SKU-12111,Sensor Component L15,CTRA1-Q-048-2,2026-07-21 02:30:02.965479+00
3c8bdc2b-4846-44b4-b104-6a684eb2106c,SKU-12168,Chassis N81,CTRA1-R-014-1,2026-07-21 02:30:02.965479+00
3ca18afe-2936-4067-a74e-0f653c46ddc9,SKU-11041,Wheel Axle T95,CTRA1-I-017-2,2026-07-21 02:30:02.965479+00
3cb5d1fc-d01a-44d5-a2ee-b3ae9cd00c0c,SKU-10575,Wheel Axle I55,CTRA1-E-036-2,2026-07-21 02:30:02.965479+00
3cd44013-8dc7-4539-84ad-1ee72e48c200,SKU-12557,Motor U63,CTRA1-U-019-2,2026-07-21 02:30:02.965479+00
3cfc0625-4f31-4a16-ad37-87c98a6a635e,SKU-11713,Panel W18,CTRA1-N-038-2,2026-07-21 02:30:02.965479+00
3d0c4d1c-8e15-49ba-8c6b-78a297f0376d,SKU-12491,Sensor Component L20,CTRA1-T-049-2,2026-07-21 02:30:02.965479+00
3d14c849-1159-4710-9806-71e48b54a52c,SKU-10492,Sensor Component H86,CTRA1-D-058-1,2026-07-21 02:30:02.965479+00
3d4801da-5397-49e3-b02c-c26570191721,SKU-10606,Sensor Component D88,CTRA1-E-052-1,2026-07-21 02:30:02.965479+00
3d589e30-179a-4e8d-b09f-b0ad9cfcda83,SKU-10405,Casing H67,CTRA1-D-014-2,2026-07-21 02:30:02.965479+00
3d6a6ba5-45b4-41a4-af23-5c9c1afc22b3,SKU-10124,Wheel Axle W37,CTRA1-A-063-1,2026-07-21 02:30:02.965479+00
3d6ea22f-d53f-421a-85c4-4e4c60021b97,SKU-11160,Wheel Axle G87,CTRA1-J-014-1,2026-07-21 02:30:02.965479+00
3d8f3f59-cc16-45b8-b563-0e438805be51,SKU-12752,Wheel Axle F93,CTRA1-V-054-1,2026-07-21 02:30:02.965479+00
3d9f8d62-5d7c-4da7-acc1-10301632af75,SKU-11790,Chassis S89,CTRA1-O-014-1,2026-07-21 02:30:02.965479+00
3daabed2-2bd1-4240-a284-aa0323f9dbe2,SKU-10400,Wheel Axle B42,CTRA1-D-012-1,2026-07-21 02:30:02.965479+00
3dcd8737-5b56-413a-ba43-4801de422ee6,SKU-10798,Body Shell L69,CTRA1-G-022-1,2026-07-21 02:30:02.965479+00
3ddb9b1f-abdc-4c2d-8eec-d5175f648776,SKU-11323,Body Shell I14,CTRA1-K-032-2,2026-07-21 02:30:02.965479+00
3e17abce-6d9a-4088-b247-85f510b5353d,SKU-11069,Wheel Axle M45,CTRA1-I-031-2,2026-07-21 02:30:02.965479+00
3e3e1d8d-a4bf-45d3-b754-ae526c0e153b,SKU-10665,Casing K98,CTRA1-F-018-2,2026-07-21 02:30:02.965479+00
3e72e4b2-4bd8-4c8c-81e6-d39a71f76e40,SKU-13005,Sensor Component P25,CTRA1-X-054-2,2026-07-21 02:30:02.965479+00
3e9168df-dd06-4a53-a112-4d10df0c62d5,SKU-11565,Sensor Component N62,CTRA1-M-027-2,2026-07-21 02:30:02.965479+00
3e92775f-a2ba-41c3-9b4f-06ee0e2b7473,SKU-12926,Gearbox E41,CTRA1-X-015-1,2026-07-21 02:30:02.965479+00
3e99c668-f62e-48ee-a474-13e7f07549b3,SKU-10685,Panel D59,CTRA1-F-028-2,2026-07-21 02:30:02.965479+00
3ebd9428-9342-48ca-a940-9e0a9a528da5,SKU-11167,Motor M53,CTRA1-J-017-2,2026-07-21 02:30:02.965479+00
3edec1d3-5f3e-4c42-93f6-c513d33b845c,SKU-11037,Sensor Component Z42,CTRA1-I-015-2,2026-07-21 02:30:02.965479+00
3eedb572-f92e-43d6-bc95-d2568ef6c0b0,SKU-11600,Panel R44,CTRA1-M-045-1,2026-07-21 02:30:02.965479+00
3ef7214b-48b9-4221-8c5e-173753dd8654,SKU-11637,Casing Z9,CTRA1-M-063-2,2026-07-21 02:30:02.965479+00
3f09649c-33d5-4b5f-95c4-763e3ec00f80,SKU-10488,Chassis T47,CTRA1-D-056-1,2026-07-21 02:30:02.965479+00
3f1b2faf-0085-461c-8a3e-2e140c912ab0,SKU-11342,Body Shell G19,CTRA1-K-042-1,2026-07-21 02:30:02.965479+00
3f3d2f5e-f0c6-44f9-bc45-92a0fca7ee1d,SKU-12741,Casing E73,CTRA1-V-048-2,2026-07-21 02:30:02.965479+00
3f41a3ea-5786-459a-b7c1-59b81a033af0,SKU-11696,Casing Y28,CTRA1-N-030-1,2026-07-21 02:30:02.965479+00
3f51a30f-f750-4265-b239-74233ae93b09,SKU-13023,Gearbox N78,CTRA1-X-063-2,2026-07-21 02:30:02.965479+00
3f7f71eb-dd04-4f11-ab7c-ea022a42e8fe,SKU-10419,Panel D61,CTRA1-D-021-2,2026-07-21 02:30:02.965479+00
3f84c2ec-0546-43a5-8720-2e625a16265b,SKU-11923,Panel B42,CTRA1-P-017-2,2026-07-21 02:30:02.965479+00
3f8babb8-3da9-49ba-8645-329d29a8a5fc,SKU-11381,Chassis D74,CTRA1-K-061-2,2026-07-21 02:30:02.965479+00
3f8f806c-b474-45f1-ba27-96542114f012,SKU-10228,Chassis M44,CTRA1-B-052-1,2026-07-21 02:30:02.965479+00
3f96d203-7448-46f5-bdb6-53c8c79aa777,SKU-11214,Panel L87,CTRA1-J-041-1,2026-07-21 02:30:02.965479+00
3f9a45c2-d41d-4a62-8902-8959e3565eca,SKU-11978,Casing N23,CTRA1-P-045-1,2026-07-21 02:30:02.965479+00
3fbcefb0-98b4-4bae-ab98-7c151fe9f9b7,SKU-13007,Motor Y49,CTRA1-X-055-2,2026-07-21 02:30:02.965479+00
3fec552e-72bc-4958-92b8-63706b9e9299,SKU-10094,Panel R72,CTRA1-A-048-1,2026-07-21 02:30:02.965479+00
3ff2b813-edb1-4d89-9e75-93c688f0c105,SKU-10699,Body Shell W77,CTRA1-F-035-2,2026-07-21 02:30:02.965479+00
40111025-97cf-4ea4-ae9c-04d5087e81ae,SKU-10003,Panel K5,CTRA1-A-002-2,2026-07-21 02:30:02.965479+00
4014c318-12ea-4794-9709-74203e4afd7d,SKU-10378,Wheel Axle S37,CTRA1-C-064-1,2026-07-21 02:30:02.965479+00
401832e6-a411-4b47-b4d3-b6990418566f,SKU-11514,Wheel Axle R90,CTRA1-M-002-1,2026-07-21 02:30:02.965479+00
401e857a-1e6f-4245-be9f-b20f29258b47,SKU-11625,Casing W1,CTRA1-M-057-2,2026-07-21 02:30:02.965479+00
4020582e-da9c-47cd-ada8-44bda477827a,SKU-11597,Gearbox I53,CTRA1-M-043-2,2026-07-21 02:30:02.965479+00
4021c11f-360e-49e5-ac3b-ed645a9ebdbd,SKU-10483,Casing Q61,CTRA1-D-053-2,2026-07-21 02:30:02.965479+00
403a75e0-3544-452e-8256-5c2cb54bd906,SKU-11022,Motor W98,CTRA1-I-008-1,2026-07-21 02:30:02.965479+00
40438c3c-fd1f-4694-9a01-818ef257a3ac,SKU-11636,Body Shell T73,CTRA1-M-063-1,2026-07-21 02:30:02.965479+00
40618a62-6f59-4766-ba20-511906d21959,SKU-11468,Gearbox F42,CTRA1-L-042-1,2026-07-21 02:30:02.965479+00
4098e7c5-f9c4-4c54-916e-1d97bd394e2c,HW-TM-03,Red Acrylic Canopy,CTRA1-C-020-2,2026-07-21 02:30:02.965479+00
40bb377c-0ea5-425b-a82e-149883feca08,SKU-11387,Motor Q18,CTRA1-K-064-2,2026-07-21 02:30:02.965479+00
40f5419b-6444-43da-ab99-42e6821be152,SKU-10879,Body Shell O30,CTRA1-G-062-2,2026-07-21 02:30:02.965479+00
41081ca6-11bd-4ac5-bae9-850ffb41da07,SKU-10294,Sensor Component H30,CTRA1-C-022-1,2026-07-21 02:30:02.965479+00
4133cec4-31fc-4bf8-9da7-08dc010fecdb,SKU-11318,Panel Y63,CTRA1-K-030-1,2026-07-21 02:30:02.965479+00
4138a2b7-6364-4e6f-99f8-81b815eb2a9d,SKU-12292,Wheel Axle X60,CTRA1-S-013-1,2026-07-21 02:30:02.965479+00
413e4579-3cd9-450b-9d09-265e79af5d71,SKU-11638,Body Shell E45,CTRA1-M-064-1,2026-07-21 02:30:02.965479+00
4170e410-a9b5-4b3f-8000-10d7127a2eca,SKU-12543,Sensor Component N90,CTRA1-U-012-2,2026-07-21 02:30:02.965479+00
41889650-795d-4e90-a6c5-8e48391891de,SKU-10596,Body Shell M40,CTRA1-E-047-1,2026-07-21 02:30:02.965479+00
418fca81-befb-4dbe-a627-f16378b21927,SKU-10526,Sensor Component D9,CTRA1-E-012-1,2026-07-21 02:30:02.965479+00
41941720-410e-442c-a07e-770e7c33237f,SKU-10333,Wheel Axle F99,CTRA1-C-041-2,2026-07-21 02:30:02.965479+00
4210c5e4-c93f-416a-958e-d2fc94f3051a,SKU-10804,Panel X20,CTRA1-G-025-1,2026-07-21 02:30:02.965479+00
42111ad8-1999-45f8-bd4e-85a31732405e,SKU-12462,Panel D79,CTRA1-T-035-1,2026-07-21 02:30:02.965479+00
42121277-6c17-433a-879f-cb19f496b6f4,SKU-12268,Sensor Component W22,CTRA1-S-001-1,2026-07-21 02:30:02.965479+00
423f67cc-6ca9-469d-8d5f-f327e65a102a,SKU-11051,Motor Y97,CTRA1-I-022-2,2026-07-21 02:30:02.965479+00
4240da61-167e-40a2-87ad-7dd0df47149f,SKU-12695,Panel U53,CTRA1-V-025-2,2026-07-21 02:30:02.965479+00
424d1469-1723-4689-b03a-fc1f0a11cecf,SKU-10123,Wheel Axle J6,CTRA1-A-062-2,2026-07-21 02:30:02.965479+00
4291e7a7-013e-49a1-be50-5f07f1ec46ed,SKU-10744,Wheel Axle E48,CTRA1-F-058-1,2026-07-21 02:30:02.965479+00
42965270-9252-4663-83dd-deea9e9db2b0,SKU-11082,Gearbox T96,CTRA1-I-038-1,2026-07-21 02:30:02.965479+00
42d116d2-818e-4e63-8c6d-9d8f533d28bc,SKU-11874,Wheel Axle K50,CTRA1-O-056-1,2026-07-21 02:30:02.965479+00
42f4826e-349f-41ff-9857-9c11aa06c77f,SKU-11104,Panel B97,CTRA1-I-049-1,2026-07-21 02:30:02.965479+00
433eb2cd-2b82-4ae4-a0f3-4db58fa727de,SKU-10459,Wheel Axle B58,CTRA1-D-041-2,2026-07-21 02:30:02.965479+00
4342f857-1d96-4098-be4f-39745e43a09f,SKU-10133,Sensor Component O40,CTRA1-B-004-2,2026-07-21 02:30:02.965479+00
434a00bc-aaef-4ec0-bac7-ddb5dbda08cc,SKU-11347,Panel B1,CTRA1-K-044-2,2026-07-21 02:30:02.965479+00
434c4d14-7f69-4885-a23e-045fd95ef3e7,SKU-11128,Panel H61,CTRA1-I-061-1,2026-07-21 02:30:02.965479+00
43663fc2-17d6-4023-9f28-3679527b7fb1,SKU-10465,Sensor Component W84,CTRA1-D-044-2,2026-07-21 02:30:02.965479+00
4379c437-86cc-49c6-910f-6e22ea4b4b51,SKU-12686,Wheel Axle X61,CTRA1-V-021-1,2026-07-21 02:30:02.965479+00
43a67165-ade5-4f9d-a41a-740c13992dd0,SKU-10470,Casing H93,CTRA1-D-047-1,2026-07-21 02:30:02.965479+00
43c5b1aa-20f2-4144-bfda-b632e4c4aee9,SKU-11793,Motor S84,CTRA1-O-015-2,2026-07-21 02:30:02.965479+00
43c74033-7190-4ffe-8790-c3f64d526a7d,SKU-12810,Panel C64,CTRA1-W-020-1,2026-07-21 02:30:02.965479+00
43c85894-6b5d-4d09-9703-aab928903b65,SKU-12110,Panel G29,CTRA1-Q-048-1,2026-07-21 02:30:02.965479+00
43d66dd2-6e64-426d-87e4-e5465f74551a,SKU-10183,Wheel Axle U11,CTRA1-B-029-2,2026-07-21 02:30:02.965479+00
43ea44d6-c5bb-4df5-a829-f41bcf589fab,SKU-10923,Wheel Axle N21,CTRA1-H-021-2,2026-07-21 02:30:02.965479+00
4412cc27-f063-46be-8734-bb20f05d85c4,SKU-11377,Panel W6,CTRA1-K-059-2,2026-07-21 02:30:02.965479+00
441b372c-c0a7-4d87-a4a4-e908bd720bcb,SKU-11702,Panel P36,CTRA1-N-033-1,2026-07-21 02:30:02.965479+00
442e8ffe-ddfd-4e54-a204-63582b11144d,SKU-11461,Wheel Axle C23,CTRA1-L-038-2,2026-07-21 02:30:02.965479+00
44697315-3c5e-4ddd-83ee-499dacd64217,SKU-10621,Casing O90,CTRA1-E-059-2,2026-07-21 02:30:02.965479+00
4476df71-1541-49ee-b8b7-e1cbcd4df7cb,SKU-11311,Casing G79,CTRA1-K-026-2,2026-07-21 02:30:02.965479+00
448dab08-7a2f-4fb7-914f-6c2813ef07f6,SKU-11016,Chassis E94,CTRA1-I-005-1,2026-07-21 02:30:02.965479+00
449c33e3-324c-4df6-93ce-d993a655e1c1,SKU-10904,Chassis R22,CTRA1-H-012-1,2026-07-21 02:30:02.965479+00
44a67113-9894-4d05-b1cd-1f576b5d34be,SKU-12771,Sensor Component W63,CTRA1-V-063-2,2026-07-21 02:30:02.965479+00
44b88de8-cd21-48b4-a01b-fbd95d9b4b4e,SKU-11615,Wheel Axle J49,CTRA1-M-052-2,2026-07-21 02:30:02.965479+00
44db0079-b26d-44dc-92da-37ba4fd0d945,SKU-12057,Motor J92,CTRA1-Q-021-2,2026-07-21 02:30:02.965479+00
44e89cd6-15da-4dcd-bbb6-9018f10a868f,SKU-10858,Gearbox V95,CTRA1-G-052-1,2026-07-21 02:30:02.965479+00
44ff4869-6347-4131-bf66-4a2e2850426d,SKU-10676,Chassis R21,CTRA1-F-024-1,2026-07-21 02:30:02.965479+00
4500b057-b5db-4bc3-aaf6-044a26fd1ba4,SKU-12204,Gearbox H34,CTRA1-R-032-1,2026-07-21 02:30:02.965479+00
4518793b-8dae-4e39-be22-9c51b3fd77e1,SKU-11304,Motor L24,CTRA1-K-023-1,2026-07-21 02:30:02.965479+00
452eb799-200c-41ca-b6c1-5d137b78705e,SKU-12476,Casing M94,CTRA1-T-042-1,2026-07-21 02:30:02.965479+00
453db1d7-15d9-4e7a-bb87-ec088b47bac5,SKU-10038,Casing G22,CTRA1-A-020-1,2026-07-21 02:30:02.965479+00
45475df1-6803-4da2-97e6-9f71028afd6d,SKU-11388,Casing D81,CTRA1-L-002-1,2026-07-21 02:30:02.965479+00
45625c21-5c38-4536-b1cc-48c118fb2064,SKU-12874,Wheel Axle T77,CTRA1-W-052-1,2026-07-21 02:30:02.965479+00
45a50881-2473-4af8-b818-2ed2598dd725,SKU-10907,Motor Z10,CTRA1-H-013-2,2026-07-21 02:30:02.965479+00
45ac65af-851c-4510-8ca1-43979630b816,SKU-10298,Casing D61,CTRA1-C-024-1,2026-07-21 02:30:02.965479+00
45d368f8-cc0c-443d-8704-90c3bbf1a160,SKU-11145,Gearbox K25,CTRA1-J-006-2,2026-07-21 02:30:02.965479+00
45f9be02-7327-4838-bd19-6b408853bd08,SKU-11593,Wheel Axle Y53,CTRA1-M-041-2,2026-07-21 02:30:02.965479+00
4601af60-82f6-46a8-8a65-4843de8906fe,SKU-11983,Chassis O17,CTRA1-P-047-2,2026-07-21 02:30:02.965479+00
4604a3aa-3be7-4e9e-96f0-4eb07f031e44,SKU-10514,Sensor Component Q44,CTRA1-E-006-1,2026-07-21 02:30:02.965479+00
462de13e-8eba-4185-a3f4-0d4d388848d7,SKU-11274,Casing L50,CTRA1-K-008-1,2026-07-21 02:30:02.965479+00
463beddb-8328-4431-b5b5-7fe14c341a21,SKU-12295,Gearbox E69,CTRA1-S-014-2,2026-07-21 02:30:02.965479+00
4642270a-38d6-449b-abb4-19c61e7d302b,SKU-12876,Body Shell Q76,CTRA1-W-053-1,2026-07-21 02:30:02.965479+00
4645ae88-c0dc-424e-906b-47660343c812,SKU-12101,Gearbox H46,CTRA1-Q-043-2,2026-07-21 02:30:02.965479+00
4647fa0d-eae8-4458-ae0b-3d3dc5fe9e3f,SKU-12760,Motor A52,CTRA1-V-058-1,2026-07-21 02:30:02.965479+00
46716a3f-9848-48ed-b31b-940033ee910a,SKU-11947,Chassis B26,CTRA1-P-029-2,2026-07-21 02:30:02.965479+00
4671cb93-791d-43e5-8e90-2ae7bf206320,SKU-12403,Gearbox J19,CTRA1-T-005-2,2026-07-21 02:30:02.965479+00
46895cc5-225d-4ea6-abb3-a4f4627262b6,SKU-12181,Gearbox V14,CTRA1-R-020-2,2026-07-21 02:30:02.965479+00
46ab4e21-465e-4421-a197-0e27e7683d9d,SKU-10380,Body Shell F59,CTRA1-D-002-1,2026-07-21 02:30:02.965479+00
46c35a85-cc24-406d-a4c0-45e7d539262a,SKU-11894,Wheel Axle Y11,CTRA1-P-003-1,2026-07-21 02:30:02.965479+00
46ccdad5-5dd0-47a9-b379-841ed9af04d2,SKU-11622,Panel J38,CTRA1-M-056-1,2026-07-21 02:30:02.965479+00
46d54dfa-2d4e-4d08-8001-8adbe31466d1,SKU-12523,Motor C59,CTRA1-U-002-2,2026-07-21 02:30:02.965479+00
47171a52-4326-4061-acee-4f9a805a5b12,SKU-10624,Casing Y1,CTRA1-E-061-1,2026-07-21 02:30:02.965479+00
471e19b6-2055-4374-b854-f313fb5263c0,SKU-12584,Body Shell P23,CTRA1-U-033-1,2026-07-21 02:30:02.965479+00
472f5315-ed01-4bcd-9ae3-337c6c3963f3,SKU-12993,Gearbox G13,CTRA1-X-048-2,2026-07-21 02:30:02.965479+00
4743d279-48b5-4617-b911-d7e19a278797,SKU-11993,Chassis R71,CTRA1-P-052-2,2026-07-21 02:30:02.965479+00
47726dfd-6aab-4414-b3ee-b0cb317a147a,SKU-11843,Gearbox Y72,CTRA1-O-040-2,2026-07-21 02:30:02.965479+00
47a105e4-e404-48bb-b7ee-eb6eab12d113,SKU-10652,Gearbox P9,CTRA1-F-012-1,2026-07-21 02:30:02.965479+00
47a172c6-cdec-4030-b838-f387ba8eb3f6,SKU-11751,Wheel Axle M43,CTRA1-N-057-2,2026-07-21 02:30:02.965479+00
47a477db-4672-4668-a0b2-cb0ad72374ac,SKU-12532,Casing K48,CTRA1-U-007-1,2026-07-21 02:30:02.965479+00
47a8e234-3130-4ccf-b389-77c1b69770e0,SKU-12041,Body Shell J38,CTRA1-Q-013-2,2026-07-21 02:30:02.965479+00
47ba9a49-e55f-466b-bbb1-7668362b4067,SKU-11060,Body Shell K95,CTRA1-I-027-1,2026-07-21 02:30:02.965479+00
47d7b0a2-8491-4bef-9cce-20062d81b7ab,SKU-11146,Body Shell P61,CTRA1-J-007-1,2026-07-21 02:30:02.965479+00
47d91c57-2c61-4477-9d35-f2b2653fd433,SKU-12038,Wheel Axle M17,CTRA1-Q-012-1,2026-07-21 02:30:02.965479+00
4800927c-df44-4f6c-9b80-9e8cd5aad3b0,SKU-10597,Wheel Axle U81,CTRA1-E-047-2,2026-07-21 02:30:02.965479+00
48928f1b-7e21-4f43-8aca-981013d33c5a,SKU-10348,Wheel Axle A71,CTRA1-C-049-1,2026-07-21 02:30:02.965479+00
489a0daf-d9dd-4df6-8491-8fe2fed4e758,SKU-11123,Motor H68,CTRA1-I-058-2,2026-07-21 02:30:02.965479+00
489dada3-3e68-4b55-92cb-473a3345ef62,SKU-11122,Body Shell H73,CTRA1-I-058-1,2026-07-21 02:30:02.965479+00
489f7005-743a-4afa-8243-25e259f04b97,SKU-10988,Body Shell A87,CTRA1-H-054-1,2026-07-21 02:30:02.965479+00
48bf690a-cdfa-4c91-88c1-57365da3c419,SKU-12393,Casing N97,CTRA1-S-063-2,2026-07-21 02:30:02.965479+00
48dfd83d-e4af-438f-b025-faa464e5ad1f,SKU-12502,Gearbox V34,CTRA1-T-055-1,2026-07-21 02:30:02.965479+00
48e0c2dd-0c82-472a-987d-783b72908cde,SKU-11583,Gearbox H90,CTRA1-M-036-2,2026-07-21 02:30:02.965479+00
48ea47f7-0416-4fc3-8f28-8bc2dd716460,SKU-11065,Motor N74,CTRA1-I-029-2,2026-07-21 02:30:02.965479+00
48fce4b5-1377-46ef-b18c-da07343ec1f1,SKU-11321,Panel V99,CTRA1-K-031-2,2026-07-21 02:30:02.965479+00
48fdae78-4e91-48bb-9ebd-3b5c17a84cd3,SKU-12208,Wheel Axle Y48,CTRA1-R-034-1,2026-07-21 02:30:02.965479+00
4910fbe0-937e-43ab-b960-e052aa7e1781,SKU-12380,Body Shell S57,CTRA1-S-057-1,2026-07-21 02:30:02.965479+00
492dff3d-15d3-4742-888a-b5223a841314,SKU-12623,Panel K53,CTRA1-U-052-2,2026-07-21 02:30:02.965479+00
49316198-31f3-4273-bb02-3e78fcde635b,SKU-12595,Casing S85,CTRA1-U-038-2,2026-07-21 02:30:02.965479+00
494889b8-23a3-4bf4-8c16-ac2ab53772c4,SKU-13018,Body Shell I3,CTRA1-X-061-1,2026-07-21 02:30:02.965479+00
49548fb7-0ff1-4258-9ea5-a1822000d336,SKU-11538,Casing L52,CTRA1-M-014-1,2026-07-21 02:30:02.965479+00
49656e64-a170-43ea-8e37-7c3b87ab5ffa,SKU-10160,Chassis X64,CTRA1-B-018-1,2026-07-21 02:30:02.965479+00
49a1d8b7-c342-4e6a-b89f-be4964b2b571,SKU-10434,Panel V64,CTRA1-D-029-1,2026-07-21 02:30:02.965479+00
49ee846d-006e-4cdf-b145-868899d71185,SKU-11827,Motor G32,CTRA1-O-032-2,2026-07-21 02:30:02.965479+00
4a088736-e76f-44f4-9826-ef8f16eb0fad,SKU-11932,Chassis M95,CTRA1-P-022-1,2026-07-21 02:30:02.965479+00
4a1a263e-0021-4227-a4c2-81b258ae43ec,SKU-11808,Body Shell N97,CTRA1-O-023-1,2026-07-21 02:30:02.965479+00
4a1c6bd1-ff70-4b89-bb1c-900ee0f5dcf4,SKU-12068,Gearbox N40,CTRA1-Q-027-1,2026-07-21 02:30:02.965479+00
4a2e69a5-2e96-4f6b-8ad9-f554ef839bf4,SKU-11183,Wheel Axle K16,CTRA1-J-025-2,2026-07-21 02:30:02.965479+00
4a4c756f-957c-4c9b-bc2b-b6bfb48e026e,SKU-10494,Gearbox H96,CTRA1-D-059-1,2026-07-21 02:30:02.965479+00
4a56768d-1967-4bd2-914b-cc2da28dd18a,SKU-11397,Gearbox G95,CTRA1-L-006-2,2026-07-21 02:30:02.965479+00
4a5d16bf-39a8-4e0f-9069-bea2a69b4b57,SKU-10841,Panel D21,CTRA1-G-043-2,2026-07-21 02:30:02.965479+00
4a8a8f99-102a-41f5-9433-fda9ae510fa5,SKU-12861,Wheel Axle W7,CTRA1-W-045-2,2026-07-21 02:30:02.965479+00
4a9a849b-2fb0-4489-9b9d-138fcb80d917,SKU-12405,Body Shell U62,CTRA1-T-006-2,2026-07-21 02:30:02.965479+00
4ab98c2b-5787-4af0-8f49-be446aaa6966,SKU-11714,Body Shell U95,CTRA1-N-039-1,2026-07-21 02:30:02.965479+00
4abfba2e-13b5-4d04-9960-30e4cc4b9bfa,SKU-10869,Panel O81,CTRA1-G-057-2,2026-07-21 02:30:02.965479+00
4b0ed054-896f-4f91-9f3e-04650ff964c1,SKU-10140,Chassis F97,CTRA1-B-008-1,2026-07-21 02:30:02.965479+00
4b437593-8b9f-4ec2-a794-f8570c4fc59a,SKU-12018,Casing B68,CTRA1-Q-002-1,2026-07-21 02:30:02.965479+00
4b7239e3-7572-4acc-a7e5-4b964089f2a3,SKU-12938,Body Shell X9,CTRA1-X-021-1,2026-07-21 02:30:02.965479+00
4b7ed7b1-f8a3-4ee7-945b-3babe06407b5,SKU-12980,Motor H68,CTRA1-X-042-1,2026-07-21 02:30:02.965479+00
4bb93fb7-5328-4b8d-95cb-15b3d9334632,SKU-11299,Wheel Axle C19,CTRA1-K-020-2,2026-07-21 02:30:02.965479+00
4bbc1013-eaf4-4cce-a737-f92d5dff2354,SKU-11761,Body Shell D22,CTRA1-N-062-2,2026-07-21 02:30:02.965479+00
4bcdc7af-f1b0-47fa-9302-f57fcebb9c67,SKU-11408,Chassis B41,CTRA1-L-012-1,2026-07-21 02:30:02.965479+00
4bdde15e-0279-4c80-87b8-ce8069e06901,SKU-11134,Sensor Component J9,CTRA1-I-064-1,2026-07-21 02:30:02.965479+00
4be449de-42f6-4d02-8118-483ac1d2ba4c,SKU-10461,Chassis Z78,CTRA1-D-042-2,2026-07-21 02:30:02.965479+00
4c648885-40cb-44d2-98a6-e0450a846f76,SKU-12338,Gearbox G44,CTRA1-S-036-1,2026-07-21 02:30:02.965479+00
4c837a79-ef78-43b4-84b6-38428c8bd130,SKU-12125,Sensor Component T13,CTRA1-Q-055-2,2026-07-21 02:30:02.965479+00
4c9ee042-f137-47b4-9d36-8cfcb79d1b3b,SKU-10585,Wheel Axle Q33,CTRA1-E-041-2,2026-07-21 02:30:02.965479+00
4cbb3e98-e107-4f64-b34f-fa20f6b3608f,SKU-11350,Motor D54,CTRA1-K-046-1,2026-07-21 02:30:02.965479+00
4ce0c0a4-1613-41fd-b575-cbbfc918be16,SKU-12001,Sensor Component K35,CTRA1-P-056-2,2026-07-21 02:30:02.965479+00
4ce5cc0e-0c8c-4d46-9046-d0a4962c73a0,SKU-11851,Casing V46,CTRA1-O-044-2,2026-07-21 02:30:02.965479+00
4cfeca1e-6118-4be8-a5c1-71ab5399a47a,SKU-11519,Panel G71,CTRA1-M-004-2,2026-07-21 02:30:02.965479+00
4d0c17d6-77f3-4b67-9d1f-1ebd29f30fdd,SKU-11686,Motor E54,CTRA1-N-025-1,2026-07-21 02:30:02.965479+00
4d30911c-9713-4b54-985b-49aa66056908,SKU-10173,Casing B84,CTRA1-B-024-2,2026-07-21 02:30:02.965479+00
4d3df51b-1c57-46b4-8f26-c9aa049c4687,SKU-10314,Motor E29,CTRA1-C-032-1,2026-07-21 02:30:02.965479+00
4d4b88d8-6d5c-4aa6-954f-1d9421393aab,SKU-10195,Wheel Axle H1,CTRA1-B-035-2,2026-07-21 02:30:02.965479+00
4d521e35-d20a-4624-9cf5-c46b35182b76,SKU-12087,Motor O80,CTRA1-Q-036-2,2026-07-21 02:30:02.965479+00
4d6f0902-ec19-4a77-882d-61f5f9dc651d,SKU-11524,Body Shell K83,CTRA1-M-007-1,2026-07-21 02:30:02.965479+00
4d76d596-fe57-4b4d-927b-3e1a2b1f41d2,SKU-12000,Casing Y99,CTRA1-P-056-1,2026-07-21 02:30:02.965479+00
4d7f620a-f789-484e-bfee-e2ecf571bd40,SKU-11419,Casing N96,CTRA1-L-017-2,2026-07-21 02:30:02.965479+00
4d8ed8e2-a8ed-4dbb-b6b8-d49ea0edfb08,SKU-12395,Body Shell B44,CTRA1-S-064-2,2026-07-21 02:30:02.965479+00
4d946a75-a1aa-4592-88c5-22df7c249c05,SKU-12603,Gearbox R37,CTRA1-U-042-2,2026-07-21 02:30:02.965479+00
4d954abd-dc90-416d-84f9-5186dd3aec19,SKU-12080,Motor V84,CTRA1-Q-033-1,2026-07-21 02:30:02.965479+00
4d97a482-4369-4aa6-9ff3-3ebadd120713,SKU-11521,Casing Q31,CTRA1-M-005-2,2026-07-21 02:30:02.965479+00
4da1263a-548f-4a82-970d-450d81486f45,SKU-11088,Gearbox N81,CTRA1-I-041-1,2026-07-21 02:30:02.965479+00
4dac3c4d-2c99-4250-b5fb-66155103564d,SKU-12173,Wheel Axle D45,CTRA1-R-016-2,2026-07-21 02:30:02.965479+00
4dd213cf-5c5c-4f9e-8e8f-ba2fc49d4b1f,SKU-10449,Wheel Axle R40,CTRA1-D-036-2,2026-07-21 02:30:02.965479+00
4de5238f-4ff8-4e68-8e24-78153e265926,SKU-12950,Motor X9,CTRA1-X-027-1,2026-07-21 02:30:02.965479+00
4de884b5-0ada-496f-b2ad-4f2fb24a6ef8,SKU-11692,Casing F87,CTRA1-N-028-1,2026-07-21 02:30:02.965479+00
4decdb2e-437a-488d-a1f6-b3a23af5250d,SKU-10901,Casing G39,CTRA1-H-010-2,2026-07-21 02:30:02.965479+00
4deee820-5b45-4cd0-b22d-10ef8a3966ca,SKU-10256,Body Shell G1,CTRA1-C-003-1,2026-07-21 02:30:02.965479+00
4e0a840f-ef4b-433e-b802-13746209689a,SKU-10556,Body Shell L62,CTRA1-E-027-1,2026-07-21 02:30:02.965479+00
4e468faa-4be1-450b-b769-58e4aad14803,SKU-12234,Motor V80,CTRA1-R-047-1,2026-07-21 02:30:02.965479+00
4e5f7d3e-a905-40b5-a0e7-d9026f5940c8,SKU-12895,Wheel Axle H14,CTRA1-W-062-2,2026-07-21 02:30:02.965479+00
4e6a5692-e6cc-416c-a95c-618c80cdbeec,SKU-10118,Body Shell F40,CTRA1-A-060-1,2026-07-21 02:30:02.965479+00
4e6d894d-cfb6-4c12-ac74-d12b9073cfd5,SKU-10428,Gearbox J18,CTRA1-D-026-1,2026-07-21 02:30:02.965479+00
4e876c38-ddf6-4f23-ab5e-74def692c700,SKU-11280,Casing G3,CTRA1-K-011-1,2026-07-21 02:30:02.965479+00
4e8b57ce-a135-465f-bb0f-92edddaa7735,SKU-11855,Body Shell R86,CTRA1-O-046-2,2026-07-21 02:30:02.965479+00
4ebecd2d-b2ac-4ae2-b144-f5b8fd9d5202,SKU-10781,Casing C73,CTRA1-G-013-2,2026-07-21 02:30:02.965479+00
4ec6576b-1cc6-4dce-80f4-8c8c9a7898de,SKU-12704,Panel P56,CTRA1-V-030-1,2026-07-21 02:30:02.965479+00
4ecb3c37-3035-44f6-a961-c88f81344565,SKU-12566,Motor G46,CTRA1-U-024-1,2026-07-21 02:30:02.965479+00
4ed1f6bd-d7f7-4416-9eb5-8262fc7a0f8a,SKU-10180,Motor E68,CTRA1-B-028-1,2026-07-21 02:30:02.965479+00
4ee843bd-d349-4b15-b1b6-b8beca02aa4a,SKU-10776,Casing G28,CTRA1-G-011-1,2026-07-21 02:30:02.965479+00
4ef41928-b1b0-4b99-b268-e52c0aaccae7,SKU-12998,Wheel Axle P13,CTRA1-X-051-1,2026-07-21 02:30:02.965479+00
4f343725-8029-4c5f-92c0-272a20cb4256,SKU-12027,Casing O73,CTRA1-Q-006-2,2026-07-21 02:30:02.965479+00
4f678ca1-0f35-4804-bf46-268b4c7c8b4c,SKU-11817,Motor C36,CTRA1-O-027-2,2026-07-21 02:30:02.965479+00
4f803b2f-a7d7-4bb2-983b-c60ed3541aae,SKU-11415,Panel X92,CTRA1-L-015-2,2026-07-21 02:30:02.965479+00
4fc9adad-2e7a-4c17-bc29-04f1594b2690,SKU-11903,Wheel Axle E5,CTRA1-P-007-2,2026-07-21 02:30:02.965479+00
4feebbde-e572-4259-a549-1dc720442d71,SKU-11504,Gearbox D1,CTRA1-L-060-1,2026-07-21 02:30:02.965479+00
50183464-185b-46da-9501-db0245a1a663,SKU-11657,Body Shell V59,CTRA1-N-010-2,2026-07-21 02:30:02.965479+00
501f4c9b-6d00-4bfe-be8e-a0a55e968650,SKU-12897,Sensor Component J28,CTRA1-W-063-2,2026-07-21 02:30:02.965479+00
50384a27-9264-4433-8c6f-30d861d0259e,SKU-11727,Sensor Component T64,CTRA1-N-045-2,2026-07-21 02:30:02.965479+00
50475eb5-8302-4a14-9ccf-5ccd7678139e,SKU-11525,Casing V38,CTRA1-M-007-2,2026-07-21 02:30:02.965479+00
504d3dfa-78a3-46d2-b089-cfe7b3954b7f,SKU-12535,Motor H92,CTRA1-U-008-2,2026-07-21 02:30:02.965479+00
504f206a-a3fa-4c23-9a9f-547dfe65a31a,SKU-11531,Gearbox J7,CTRA1-M-010-2,2026-07-21 02:30:02.965479+00
506fe96c-96cd-40bf-a7a8-903a0524a1ce,SKU-10796,Casing N20,CTRA1-G-021-1,2026-07-21 02:30:02.965479+00
50b3a109-325f-4727-a5e1-deca4894ae23,SKU-10157,Motor D23,CTRA1-B-016-2,2026-07-21 02:30:02.965479+00
50c8f56c-64b9-44cc-8a7b-444943f08c67,SKU-12013,Motor R59,CTRA1-P-062-2,2026-07-21 02:30:02.965479+00
50ce52e9-ae4c-4974-9f5c-9128e1d1939b,SKU-12133,Motor E74,CTRA1-Q-059-2,2026-07-21 02:30:02.965479+00
50d6a335-222d-49ad-93df-aa599f0a718d,SKU-11383,Panel R14,CTRA1-K-062-2,2026-07-21 02:30:02.965479+00
50db3f57-c32c-4b73-afed-0a2f9f8be285,SKU-10806,Sensor Component N19,CTRA1-G-026-1,2026-07-21 02:30:02.965479+00
50ebcae9-789e-4e2f-baae-c8aa37b4e65b,SKU-11255,Chassis X27,CTRA1-J-061-2,2026-07-21 02:30:02.965479+00
50ef9f00-0d3b-40a9-80a4-6f53d415484b,SKU-11275,Body Shell G32,CTRA1-K-008-2,2026-07-21 02:30:02.965479+00
50f4dd4d-16d4-4cd2-bbda-db9092f5ac78,SKU-11899,Body Shell U87,CTRA1-P-005-2,2026-07-21 02:30:02.965479+00
511cce96-118c-4395-adf5-315f1ccdc9eb,SKU-11509,Casing L31,CTRA1-L-062-2,2026-07-21 02:30:02.965479+00
5124eb13-ddfe-4a7f-a297-3c796a550326,SKU-11390,Gearbox W29,CTRA1-L-003-1,2026-07-21 02:30:02.965479+00
512cc744-7919-4fa1-8c3b-496f1ca9e3cb,SKU-10351,Motor Z73,CTRA1-C-050-2,2026-07-21 02:30:02.965479+00
5132db1c-3688-4007-990b-04858a5d6e0f,SKU-10365,Chassis C20,CTRA1-C-057-2,2026-07-21 02:30:02.965479+00
5142fbfa-2b10-47fe-8f83-156a84d766b6,SKU-10145,Chassis F82,CTRA1-B-010-2,2026-07-21 02:30:02.965479+00
514408c2-f046-4594-a3c5-e993bfec216f,SKU-12348,Panel W17,CTRA1-S-041-1,2026-07-21 02:30:02.965479+00
51469acf-e499-4894-a86b-27bbacae2435,SKU-11676,Motor C49,CTRA1-N-020-1,2026-07-21 02:30:02.965479+00
5155149f-f5bd-45b1-91b5-029306baf9b7,SKU-12435,Panel L69,CTRA1-T-021-2,2026-07-21 02:30:02.965479+00
5164fbf1-18d6-4740-a9dd-1a5b56fb781d,SKU-12828,Wheel Axle H48,CTRA1-W-029-1,2026-07-21 02:30:02.965479+00
516d272c-37bf-4020-aa67-a444de4cc2af,SKU-12540,Sensor Component J92,CTRA1-U-011-1,2026-07-21 02:30:02.965479+00
51787e0d-8fcc-40af-af3a-ebb7e3f803da,SKU-11228,Wheel Axle I74,CTRA1-J-048-1,2026-07-21 02:30:02.965479+00
51b078dc-7688-41e9-9001-0ceb18d89041,SKU-10137,Motor X72,CTRA1-B-006-2,2026-07-21 02:30:02.965479+00
51c23bb5-b66f-445c-a77b-ac89b28a2139,SKU-11059,Gearbox V62,CTRA1-I-026-2,2026-07-21 02:30:02.965479+00
51d5f4dc-e960-44a9-9b36-9d9377044873,SKU-10406,Panel O69,CTRA1-D-015-1,2026-07-21 02:30:02.965479+00
524068d0-9658-4957-9a9a-a3054fe25298,SKU-12012,Motor I79,CTRA1-P-062-1,2026-07-21 02:30:02.965479+00
52420a74-fce4-456b-a394-4464a4c0f133,SKU-10131,Body Shell A4,CTRA1-B-003-2,2026-07-21 02:30:02.965479+00
5248cd54-59e0-41fc-ab7f-3004ea5a6184,SKU-12634,Panel G8,CTRA1-U-058-1,2026-07-21 02:30:02.965479+00
52574ffd-b8b4-4e4e-9537-72da8f98168a,SKU-12537,Wheel Axle G9,CTRA1-U-009-2,2026-07-21 02:30:02.965479+00
5262493d-841a-4307-9c56-59d0d76436f6,SKU-12962,Panel Y73,CTRA1-X-033-1,2026-07-21 02:30:02.965479+00
5263469e-f1d5-4e21-ad8f-824bb3880c71,SKU-10489,Casing F27,CTRA1-D-056-2,2026-07-21 02:30:02.965479+00
52c537e3-5342-4532-b476-129a5ef6a268,SKU-11080,Body Shell E27,CTRA1-I-037-1,2026-07-21 02:30:02.965479+00
52cd31d4-63eb-44e5-8ebf-aa07b540986c,SKU-11141,Motor J12,CTRA1-J-004-2,2026-07-21 02:30:02.965479+00
52da3613-6206-417a-bb8b-6bade799773b,SKU-10331,Sensor Component J56,CTRA1-C-040-2,2026-07-21 02:30:02.965479+00
52fc6f91-472c-40ef-a450-a6fefecd9fd8,SKU-12197,Panel B63,CTRA1-R-028-2,2026-07-21 02:30:02.965479+00
532ea67b-1cd1-422f-938e-9f8cb5dfeeb6,SKU-10230,Casing I52,CTRA1-B-053-1,2026-07-21 02:30:02.965479+00
5347e19c-4f94-493d-87c2-ac4af9c75286,SKU-10105,Panel O34,CTRA1-A-053-2,2026-07-21 02:30:02.965479+00
5351997f-503d-4cd0-a158-cb073085107c,SKU-12701,Sensor Component O25,CTRA1-V-028-2,2026-07-21 02:30:02.965479+00
5353231b-0665-4409-863a-55f7c4b7390b,SKU-11927,Wheel Axle X81,CTRA1-P-019-2,2026-07-21 02:30:02.965479+00
53636fd3-c4fa-4483-80b5-050b2fecd5d0,SKU-10819,Panel N92,CTRA1-G-032-2,2026-07-21 02:30:02.965479+00
53762b23-3bcd-4b0f-8c2f-e8c859149f7d,SKU-11170,Body Shell Q53,CTRA1-J-019-1,2026-07-21 02:30:02.965479+00
5378735d-a1a2-4bef-9c63-1b23b0aa4b79,SKU-11581,Chassis B18,CTRA1-M-035-2,2026-07-21 02:30:02.965479+00
538c00a2-be94-4dc6-a573-cc54b163b9ff,SKU-10399,Body Shell P7,CTRA1-D-011-2,2026-07-21 02:30:02.965479+00
5392b17c-e133-43eb-aebd-152e01fe7f61,SKU-11718,Panel S49,CTRA1-N-041-1,2026-07-21 02:30:02.965479+00
5398bff4-2c7e-4212-b179-56980f714b95,SKU-12137,Panel C60,CTRA1-Q-061-2,2026-07-21 02:30:02.965479+00
53bd6a78-1c68-4a9b-8f20-484b9c5e9f92,SKU-12370,Gearbox F30,CTRA1-S-052-1,2026-07-21 02:30:02.965479+00
53c0f14c-62bd-4e54-a851-31b60490fff2,SKU-12232,Chassis U63,CTRA1-R-046-1,2026-07-21 02:30:02.965479+00
53cbab5a-60ce-4f15-b9da-fa346d7f2fb8,SKU-10973,Gearbox I31,CTRA1-H-046-2,2026-07-21 02:30:02.965479+00
53e79411-8b57-4ec2-a4b1-82d698016ca3,SKU-10443,Gearbox G74,CTRA1-D-033-2,2026-07-21 02:30:02.965479+00
53f438e2-7e80-4eeb-bc19-c0f090f564aa,SKU-12140,Panel Q38,CTRA1-Q-063-1,2026-07-21 02:30:02.965479+00
54078e04-ce68-4a1a-844a-46f209ce8ce3,SKU-10037,Gearbox K24,CTRA1-A-019-2,2026-07-21 02:30:02.965479+00
54853311-d0a2-400a-b93a-2275fd322fb5,SKU-11221,Casing U87,CTRA1-J-044-2,2026-07-21 02:30:02.965479+00
54900763-8d3f-444b-8dab-7f55b6e6506e,SKU-10985,Body Shell X64,CTRA1-H-052-2,2026-07-21 02:30:02.965479+00
54a340a1-83ca-42cc-804d-4cef851c790d,SKU-12577,Panel O15,CTRA1-U-029-2,2026-07-21 02:30:02.965479+00
54ab2dcb-897b-4aaa-8184-1da27c2ce049,SKU-11646,Casing M7,CTRA1-N-005-1,2026-07-21 02:30:02.965479+00
54bec446-1eef-4b1a-91fb-7756beeed1e3,SKU-10842,Chassis Q4,CTRA1-G-044-1,2026-07-21 02:30:02.965479+00
54cd5401-23f9-489b-8531-d0bf1d5bc3e6,SKU-11464,Body Shell W72,CTRA1-L-040-1,2026-07-21 02:30:02.965479+00
54cef99f-a045-42f9-978e-5d61e0026d0b,SKU-11781,Casing V52,CTRA1-O-009-2,2026-07-21 02:30:02.965479+00
54d4a95a-4b63-479f-a20f-7376ab48f106,SKU-12078,Gearbox G60,CTRA1-Q-032-1,2026-07-21 02:30:02.965479+00
54efaf10-f936-4608-ac8a-356f285380c9,SKU-10336,Body Shell L57,CTRA1-C-043-1,2026-07-21 02:30:02.965479+00
55297781-488f-4a30-a892-f0f00ea8f18c,SKU-12241,Gearbox V41,CTRA1-R-050-2,2026-07-21 02:30:02.965479+00
552f0e52-3ea6-4c63-8e22-709e2a298c60,SKU-10649,Wheel Axle Q93,CTRA1-F-010-2,2026-07-21 02:30:02.965479+00
554810d4-d01f-4e9c-a356-baa3cdf4a9e1,SKU-10402,Panel N61,CTRA1-D-013-1,2026-07-21 02:30:02.965479+00
55594802-a429-46d1-9556-431944d8c00d,SKU-10127,Casing D21,CTRA1-A-064-2,2026-07-21 02:30:02.965479+00
555c84e2-7be7-4720-af0a-fc6b273cc198,SKU-12611,Body Shell M57,CTRA1-U-046-2,2026-07-21 02:30:02.965479+00
5563b1cf-4f44-4b93-a4ba-ecec71c374d0,SKU-10570,Wheel Axle H63,CTRA1-E-034-1,2026-07-21 02:30:02.965479+00
5577dfbe-ae15-4c38-8a86-98a767cab881,SKU-11129,Casing L83,CTRA1-I-061-2,2026-07-21 02:30:02.965479+00
55918934-1822-4652-a03c-e5ef255a7886,SKU-10524,Panel Z87,CTRA1-E-011-1,2026-07-21 02:30:02.965479+00
55d0fa63-36cd-4455-8c80-4fd2e6a94669,SKU-10125,Panel T40,CTRA1-A-063-2,2026-07-21 02:30:02.965479+00
55d4983d-ef1e-4e74-a1d3-30bc5918deb8,SKU-12480,Motor G74,CTRA1-T-044-1,2026-07-21 02:30:02.965479+00
56095e52-c74f-4043-8453-6beeccf66f9e,SKU-12207,Body Shell I45,CTRA1-R-033-2,2026-07-21 02:30:02.965479+00
56260f01-56e8-408d-9c84-3d678247365c,SKU-12079,Body Shell O29,CTRA1-Q-032-2,2026-07-21 02:30:02.965479+00
5627a35c-08c7-49ba-b80f-7f7b74fe0117,SKU-12299,Chassis W36,CTRA1-S-016-2,2026-07-21 02:30:02.965479+00
562966d0-3c8d-42c8-8022-b859953ae333,SKU-10482,Panel K30,CTRA1-D-053-1,2026-07-21 02:30:02.965479+00
562d9f7f-7865-48bc-aa79-68ecd3598bd5,SKU-12119,Body Shell M81,CTRA1-Q-052-2,2026-07-21 02:30:02.965479+00
564e9518-80c3-4f80-9613-fbab2c251713,SKU-12277,Body Shell C8,CTRA1-S-005-2,2026-07-21 02:30:02.965479+00
56531bb7-b3ca-464e-b0f5-d5896159178f,SKU-12629,Wheel Axle Y27,CTRA1-U-055-2,2026-07-21 02:30:02.965479+00
5666f9a8-31c6-4a5d-a31f-de0cf66408d0,SKU-12589,Body Shell W96,CTRA1-U-035-2,2026-07-21 02:30:02.965479+00
566a3f17-c078-4efc-a2e9-f2218b7f2ef2,SKU-12773,Chassis D46,CTRA1-W-001-2,2026-07-21 02:30:02.965479+00
566cd461-2d91-470a-9695-26ba549e160d,SKU-12163,Sensor Component H85,CTRA1-R-011-2,2026-07-21 02:30:02.965479+00
5679aa6b-11dd-4d46-a1c4-0d6bf2e72f1a,SKU-12736,Gearbox T58,CTRA1-V-046-1,2026-07-21 02:30:02.965479+00
569c1da7-1722-4a9d-ba0a-b2e05a7552e0,SKU-10473,Body Shell E7,CTRA1-D-048-2,2026-07-21 02:30:02.965479+00
569c4de2-edc8-4291-b024-a6cb4905cb2e,SKU-10115,Motor B17,CTRA1-A-058-2,2026-07-21 02:30:02.965479+00
56a07ac8-ce4d-4e23-b2e3-4db9a30f1561,SKU-12394,Casing X34,CTRA1-S-064-1,2026-07-21 02:30:02.965479+00
56bd4fb0-7b63-4617-9e54-2cc262c952ee,SKU-10725,Chassis R40,CTRA1-F-048-2,2026-07-21 02:30:02.965479+00
56ce5e04-9f45-4511-9486-42e953781221,SKU-11227,Wheel Axle M57,CTRA1-J-047-2,2026-07-21 02:30:02.965479+00
56d1e2f7-ed41-46be-a6ed-9a5b3572a598,SKU-11336,Sensor Component L62,CTRA1-K-039-1,2026-07-21 02:30:02.965479+00
56d86c32-b840-47f1-b38a-f9f5e734a7e5,SKU-12976,Motor B49,CTRA1-X-040-1,2026-07-21 02:30:02.965479+00
56de353d-d79f-4dce-97da-0c0fc19ee7f0,SKU-10205,Sensor Component Q20,CTRA1-B-040-2,2026-07-21 02:30:02.965479+00
56f29a50-9477-46a2-ae55-3c448371c63a,SKU-12154,Panel Z15,CTRA1-R-007-1,2026-07-21 02:30:02.965479+00
570e5770-de9a-4ef5-9d4a-c806f1179bf5,SKU-10965,Gearbox T50,CTRA1-H-042-2,2026-07-21 02:30:02.965479+00
571a68d4-f53a-4e04-a020-231def8da475,SKU-10645,Casing F13,CTRA1-F-008-2,2026-07-21 02:30:02.965479+00
571bd3ee-0e3d-44cc-9855-78211f91c402,SKU-11985,Motor L91,CTRA1-P-048-2,2026-07-21 02:30:02.965479+00
5744fc06-08b1-4a0e-9409-1f4ab6e89fb6,SKU-11495,Panel J73,CTRA1-L-055-2,2026-07-21 02:30:02.965479+00
576cc4f6-13bf-4e55-87f9-3d27fa4be271,SKU-11345,Panel Z0,CTRA1-K-043-2,2026-07-21 02:30:02.965479+00
577a7a43-c428-443e-b287-55bbbbcf1c96,SKU-11400,Body Shell F76,CTRA1-L-008-1,2026-07-21 02:30:02.965479+00
577b09d8-1006-48f8-9e4d-eb3e49053cc4,SKU-11068,Wheel Axle J61,CTRA1-I-031-1,2026-07-21 02:30:02.965479+00
57d4f5e2-4253-4b18-896a-d24b03a2299a,SKU-11766,Body Shell Y20,CTRA1-O-002-1,2026-07-21 02:30:02.965479+00
57df1607-61ab-4d7e-be35-6e505ccf8e4d,SKU-10060,Panel T35,CTRA1-A-031-1,2026-07-21 02:30:02.965479+00
57f4535f-3015-47ce-89a2-fc7fb5a5739d,SKU-10506,Panel Y27,CTRA1-E-002-1,2026-07-21 02:30:02.965479+00
58068452-741c-4e8b-8ab1-db54c03db773,SKU-10128,Wheel Axle I97,CTRA1-B-002-1,2026-07-21 02:30:02.965479+00
58174ae7-e9bb-4c47-ba71-83e63aafde06,SKU-11484,Panel Y76,CTRA1-L-050-1,2026-07-21 02:30:02.965479+00
5832fe5d-16db-4a2a-a433-1dd76d83d2d9,SKU-11491,Casing E22,CTRA1-L-053-2,2026-07-21 02:30:02.965479+00
5836781a-25af-4419-b2b2-05c66c54130e,SKU-12662,Sensor Component U51,CTRA1-V-009-1,2026-07-21 02:30:02.965479+00
583e436a-dca7-4178-abda-0044d33d81d2,SKU-11476,Casing X12,CTRA1-L-046-1,2026-07-21 02:30:02.965479+00
584eaa19-b891-4d02-a852-9fd09d3271d0,SKU-11006,Motor F86,CTRA1-H-063-1,2026-07-21 02:30:02.965479+00
585da8c9-cd8a-483b-801b-6f8b402a3b3c,SKU-12617,Casing L68,CTRA1-U-049-2,2026-07-21 02:30:02.965479+00
585f144d-9f25-42b9-9cc7-5414802f41a5,SKU-12560,Wheel Axle L21,CTRA1-U-021-1,2026-07-21 02:30:02.965479+00
58697d5e-f829-4c45-a7aa-7819dc631671,SKU-11989,Panel X54,CTRA1-P-050-2,2026-07-21 02:30:02.965479+00
5877f58b-8953-4aa6-bd5f-e63723ba8b7a,SKU-11803,Wheel Axle Y18,CTRA1-O-020-2,2026-07-21 02:30:02.965479+00
5899083e-bc80-445c-ba53-92c04b4a92b4,SKU-12164,Casing K4,CTRA1-R-012-1,2026-07-21 02:30:02.965479+00
58a28b26-9153-4366-86c0-b72bd6b7d2db,SKU-11296,Sensor Component X42,CTRA1-K-019-1,2026-07-21 02:30:02.965479+00
58b63170-3ca1-4c6c-9cd9-cd9fb81e7371,SKU-11862,Sensor Component D15,CTRA1-O-050-1,2026-07-21 02:30:02.965479+00
58cc5867-4a0c-4656-b75b-89a8d5c3a663,SKU-12889,Motor Y2,CTRA1-W-059-2,2026-07-21 02:30:02.965479+00
58dc4c2a-caf1-465c-8243-69bde37585d3,SKU-11143,Chassis I59,CTRA1-J-005-2,2026-07-21 02:30:02.965479+00
58f61218-c481-4cf5-b708-eb443292ec4b,SKU-11409,Body Shell B6,CTRA1-L-012-2,2026-07-21 02:30:02.965479+00
59060144-b9cd-4f8e-b30f-5dc08811f681,SKU-11831,Sensor Component T48,CTRA1-O-034-2,2026-07-21 02:30:02.965479+00
5921964f-898a-4fae-979b-b449c05fe31f,SKU-10046,Wheel Axle Y86,CTRA1-A-024-1,2026-07-21 02:30:02.965479+00
5934c0a1-399b-4094-9b3e-13aba3d2e806,SKU-10239,Motor A7,CTRA1-B-057-2,2026-07-21 02:30:02.965479+00
595023d1-6734-49ef-b97d-39b8c8d38ae0,SKU-11070,Gearbox P61,CTRA1-I-032-1,2026-07-21 02:30:02.965479+00
5964e39e-c051-4e7b-b0dd-a6c1b975d721,SKU-10512,Motor S12,CTRA1-E-005-1,2026-07-21 02:30:02.965479+00
5969dbca-901a-43dc-8835-c8ea8c86e06a,SKU-10601,Wheel Axle P13,CTRA1-E-049-2,2026-07-21 02:30:02.965479+00
59729a49-0e6e-49b3-8509-a61257172c21,SKU-10941,Casing C40,CTRA1-H-030-2,2026-07-21 02:30:02.965479+00
598e73a6-4563-4c9b-af82-9a2f9972ff2b,SKU-12399,Casing S1,CTRA1-T-003-2,2026-07-21 02:30:02.965479+00
599022df-3672-4661-83b7-69d8194cabd6,SKU-10000,Panel M34,CTRA1-A-001-1,2026-07-21 02:30:02.965479+00
59a10f84-bc93-4d14-b07d-ed28e4221f98,SKU-10397,Panel O34,CTRA1-D-010-2,2026-07-21 02:30:02.965479+00
59a6f97f-d73f-4242-9bff-22a1c5c53886,SKU-10610,Panel E64,CTRA1-E-054-1,2026-07-21 02:30:02.965479+00
59a98e7c-42f1-4c37-9246-1ecbaba99fa9,SKU-12610,Body Shell V32,CTRA1-U-046-1,2026-07-21 02:30:02.965479+00
59e87790-560d-4da2-8468-e7999512366e,SKU-10593,Gearbox R99,CTRA1-E-045-2,2026-07-21 02:30:02.965479+00
59f683fc-92cb-4710-8d0f-85289cec9f1f,SKU-12410,Gearbox T59,CTRA1-T-009-1,2026-07-21 02:30:02.965479+00
5a0d763e-2e2a-42c7-b715-727f43e84ee6,SKU-11737,Gearbox F45,CTRA1-N-050-2,2026-07-21 02:30:02.965479+00
5a0eee72-4f75-45f6-9d7a-9d44211e80c2,SKU-10151,Gearbox N39,CTRA1-B-013-2,2026-07-21 02:30:02.965479+00
5a46f288-6372-4d2f-8c08-4ced8f700a9e,SKU-10689,Body Shell M48,CTRA1-F-030-2,2026-07-21 02:30:02.965479+00
5a484e7b-9b9f-479d-907b-4f6846b56569,SKU-11054,Gearbox T55,CTRA1-I-024-1,2026-07-21 02:30:02.965479+00
5a5c96b2-721e-4373-8070-c9c8311a9708,SKU-12973,Body Shell O86,CTRA1-X-038-2,2026-07-21 02:30:02.965479+00
5a73b74f-e512-4777-9f22-864e4d6b0b7f,SKU-10437,Casing T35,CTRA1-D-030-2,2026-07-21 02:30:02.965479+00
5a8ba7cf-317b-413a-a28a-e6b2f131f607,SKU-11300,Gearbox X65,CTRA1-K-021-1,2026-07-21 02:30:02.965479+00
5a9884ea-6cbf-4571-92af-9be4d02a2cd0,SKU-11314,Body Shell K75,CTRA1-K-028-1,2026-07-21 02:30:02.965479+00
5a9cb096-7c19-4f92-bedb-014f40edb88a,SKU-11161,Motor M78,CTRA1-J-014-2,2026-07-21 02:30:02.965479+00
5aab1755-7ac0-4dd2-b9af-2ae75e6edc8d,SKU-12349,Panel U82,CTRA1-S-041-2,2026-07-21 02:30:02.965479+00
5ab48d54-b7d4-4768-b267-3016884b28e3,SKU-11833,Chassis Q90,CTRA1-O-035-2,2026-07-21 02:30:02.965479+00
5ac923b0-5190-4f0a-9627-5a5f5dfb0a04,SKU-10460,Chassis Q8,CTRA1-D-042-1,2026-07-21 02:30:02.965479+00
5acee174-21ca-4d73-9a19-a90c59b705b4,SKU-11732,Motor N31,CTRA1-N-048-1,2026-07-21 02:30:02.965479+00
5b087de3-b726-46ca-bda1-7ed6392ee411,SKU-12880,Chassis D87,CTRA1-W-055-1,2026-07-21 02:30:02.965479+00
5b0ba15b-52a1-4517-968e-b6cc106d6213,SKU-10993,Wheel Axle K81,CTRA1-H-056-2,2026-07-21 02:30:02.965479+00
5b1638cd-db6f-4d13-82e6-a8e9d60773c9,SKU-10728,Body Shell S81,CTRA1-F-050-1,2026-07-21 02:30:02.965479+00
5b18a817-ce08-4996-ad09-c7a19488ace6,SKU-11888,Chassis Y95,CTRA1-O-063-1,2026-07-21 02:30:02.965479+00
5b55ef69-9ac2-4772-a588-c8b9362ff575,SKU-12443,Sensor Component C39,CTRA1-T-025-2,2026-07-21 02:30:02.965479+00
5b75f67d-c81e-4f31-afa7-ddc8de1aa3d2,SKU-11310,Wheel Axle C91,CTRA1-K-026-1,2026-07-21 02:30:02.965479+00
5b8e1f66-4935-431a-80d2-09e97e480dbd,SKU-11272,Panel V63,CTRA1-K-007-1,2026-07-21 02:30:02.965479+00
5ba25dda-c579-4562-8335-4eea4de58c21,SKU-10885,Panel R39,CTRA1-H-002-2,2026-07-21 02:30:02.965479+00
5ba49677-7b1e-4b44-aab8-4e1aaf120af9,SKU-12673,Body Shell B47,CTRA1-V-014-2,2026-07-21 02:30:02.965479+00
5ba4f8a8-aa5b-43c2-9226-bbe8531c5273,SKU-11225,Wheel Axle Q22,CTRA1-J-046-2,2026-07-21 02:30:02.965479+00
5ba637a5-ff32-429a-8bb2-6c1efe4ed95a,SKU-12229,Gearbox M32,CTRA1-R-044-2,2026-07-21 02:30:02.965479+00
5ba674c9-bda4-422b-9444-d80bdd0338fd,SKU-12943,Sensor Component V88,CTRA1-X-023-2,2026-07-21 02:30:02.965479+00
5bb2aa46-804a-41b9-b526-a11d3e266a67,SKU-10811,Body Shell E86,CTRA1-G-028-2,2026-07-21 02:30:02.965479+00
5bf50882-07cd-4136-9850-923ad00088fc,SKU-10761,Chassis X69,CTRA1-G-003-2,2026-07-21 02:30:02.965479+00
5bf7c3fa-1647-43b2-9cc0-d107904feb7a,SKU-12397,Panel T8,CTRA1-T-002-2,2026-07-21 02:30:02.965479+00
5c01fb0b-91a8-4526-9025-61d646818dbd,SKU-10564,Body Shell P49,CTRA1-E-031-1,2026-07-21 02:30:02.965479+00
5c1cf952-f4bb-4099-915e-862632487c25,SKU-11267,Gearbox A65,CTRA1-K-004-2,2026-07-21 02:30:02.965479+00
5c35c7a1-6f99-4087-a05a-9bf848745e2e,SKU-10642,Wheel Axle F23,CTRA1-F-007-1,2026-07-21 02:30:02.965479+00
5c43c0b6-0704-4f33-a4e5-3205ab4bc3fc,SKU-12049,Wheel Axle H89,CTRA1-Q-017-2,2026-07-21 02:30:02.965479+00
5c6d705c-17e8-446a-83e7-5113ab8ef025,SKU-10545,Gearbox T5,CTRA1-E-021-2,2026-07-21 02:30:02.965479+00
5cdcadf9-89ba-4264-9ee8-90ce2f67c634,SKU-10051,Gearbox Y48,CTRA1-A-026-2,2026-07-21 02:30:02.965479+00
5ce98fee-45ee-43d0-b93d-aa851bdc6196,SKU-10254,Casing F9,CTRA1-C-002-1,2026-07-21 02:30:02.965479+00
5cfac852-c456-44df-adab-8bbd3b28f3b3,SKU-10373,Sensor Component O57,CTRA1-C-061-2,2026-07-21 02:30:02.965479+00
5d13dc11-641e-4616-bee2-c926ba68a387,SKU-11254,Casing E52,CTRA1-J-061-1,2026-07-21 02:30:02.965479+00
5d191166-5870-4cd6-b5f6-72d7ff587aef,SKU-12635,Chassis W91,CTRA1-U-058-2,2026-07-21 02:30:02.965479+00
5d25b4f2-24da-4339-ac63-d27753339b78,SKU-10464,Gearbox K73,CTRA1-D-044-1,2026-07-21 02:30:02.965479+00
5d2666b7-2008-4243-b256-b8655c13f420,SKU-10296,Chassis E87,CTRA1-C-023-1,2026-07-21 02:30:02.965479+00
5d323252-6aff-4b6e-8afe-e61a58dfa8b0,SKU-12912,Gearbox H90,CTRA1-X-008-1,2026-07-21 02:30:02.965479+00
5d354125-2651-4480-a42b-e9cf0438f13b,SKU-12060,Motor J5,CTRA1-Q-023-1,2026-07-21 02:30:02.965479+00
5d3bd87e-79e7-40bf-82e5-046c45c0211c,SKU-11848,Casing C5,CTRA1-O-043-1,2026-07-21 02:30:02.965479+00
5d6a160f-3507-45c2-a745-2aae634c32c9,SKU-11742,Panel D29,CTRA1-N-053-1,2026-07-21 02:30:02.965479+00
5d7a6e8c-f8fa-4c78-8711-c251d02b0840,SKU-11213,Body Shell P47,CTRA1-J-040-2,2026-07-21 02:30:02.965479+00
5d88d346-f30d-4497-8dd8-dae60c7545ea,SKU-10411,Panel B28,CTRA1-D-017-2,2026-07-21 02:30:02.965479+00
5d9bac96-68b6-429b-9d6b-514a6057c236,SKU-12129,Casing Q69,CTRA1-Q-057-2,2026-07-21 02:30:02.965479+00
5da7f54e-10a7-4835-84eb-5dcb435c47d9,SKU-11034,Motor I81,CTRA1-I-014-1,2026-07-21 02:30:02.965479+00
5db92950-7bed-4662-b640-d030f0e10acf,SKU-10803,Chassis K18,CTRA1-G-024-2,2026-07-21 02:30:02.965479+00
5dd7343c-18f0-457b-b40d-33dbe775b6ac,SKU-12675,Sensor Component H21,CTRA1-V-015-2,2026-07-21 02:30:02.965479+00
5de518d4-ecd8-4b49-9c36-6a8f70a27241,SKU-12652,Panel R70,CTRA1-V-004-1,2026-07-21 02:30:02.965479+00
5e271246-a4c0-4d2e-9047-7c2503969c50,SKU-12333,Body Shell F21,CTRA1-S-033-2,2026-07-21 02:30:02.965479+00
5e384991-376e-4239-84f5-c5088369cf40,SKU-10825,Motor X27,CTRA1-G-035-2,2026-07-21 02:30:02.965479+00
5e38e423-1d4e-4f7a-986b-dfb5b12d1ecc,SKU-10551,Body Shell L70,CTRA1-E-024-2,2026-07-21 02:30:02.965479+00
5e5dd1e1-d3cc-4c3e-8a3e-9ba1522dfac0,SKU-11117,Chassis C39,CTRA1-I-055-2,2026-07-21 02:30:02.965479+00
5e629847-7bea-40d9-af54-e02c7fcfcb85,SKU-12471,Wheel Axle O91,CTRA1-T-039-2,2026-07-21 02:30:02.965479+00
5e729c0a-c5cd-46f6-9471-5ee05423e71a,SKU-10119,Casing Q20,CTRA1-A-060-2,2026-07-21 02:30:02.965479+00
5e7661d2-4412-476e-8684-f0d56505a55d,BB-FA-02,Doll Shoes Collection (Polybag),CTRA1-X-012-1,2026-07-21 02:30:02.965479+00
5e7a178e-4122-4aa9-a41d-2397e057c643,SKU-11380,Panel B50,CTRA1-K-061-1,2026-07-21 02:30:02.965479+00
5e85e1c2-0530-42f9-855f-e1c995b33378,SKU-12278,Gearbox T9,CTRA1-S-006-1,2026-07-21 02:30:02.965479+00
5e86819c-9ddf-4eaf-b2dc-13d64dc1a6fd,SKU-10543,Motor X39,CTRA1-E-020-2,2026-07-21 02:30:02.965479+00
5e951ea3-c0f2-49fe-aba6-97c93d0d0ccc,SKU-10937,Gearbox L78,CTRA1-H-028-2,2026-07-21 02:30:02.965479+00
5e9fb2bd-2ec1-435d-8298-1d4c13e55643,SKU-11921,Casing D33,CTRA1-P-016-2,2026-07-21 02:30:02.965479+00
5ea5f724-82c6-430c-b89f-bae1e2452299,SKU-10578,Wheel Axle V70,CTRA1-E-038-1,2026-07-21 02:30:02.965479+00
5ed9c011-d329-43d7-b0dd-c1354905a171,SKU-11740,Body Shell T73,CTRA1-N-052-1,2026-07-21 02:30:02.965479+00
5ee065de-eedc-487c-96b8-4fcc72a26942,SKU-10722,Sensor Component V7,CTRA1-F-047-1,2026-07-21 02:30:02.965479+00
5ee6f6c1-8cfb-49a6-bbfd-9adf8d786b8e,SKU-11229,Chassis B57,CTRA1-J-048-2,2026-07-21 02:30:02.965479+00
5eeb1099-1bc3-4554-8c81-5d846ed88d7a,SKU-11804,Body Shell U43,CTRA1-O-021-1,2026-07-21 02:30:02.965479+00
5eeb7f6b-6146-45ba-a1fd-2d675548c75f,SKU-11801,Sensor Component H32,CTRA1-O-019-2,2026-07-21 02:30:02.965479+00
5f0310ec-a5a3-48d0-a0aa-11f5d7f94874,SKU-10765,Chassis Q58,CTRA1-G-005-2,2026-07-21 02:30:02.965479+00
5f0566cc-a644-48c3-b9fc-6df45a56e4b3,SKU-12262,Casing C46,CTRA1-R-061-1,2026-07-21 02:30:02.965479+00
5f0857c3-fe1d-43ae-addb-b5c30ecf2812,SKU-10496,Casing X74,CTRA1-D-060-1,2026-07-21 02:30:02.965479+00
5f261894-7a11-4943-a9f5-941846adb0f3,SKU-11402,Chassis S77,CTRA1-L-009-1,2026-07-21 02:30:02.965479+00
5f28e601-cbb2-441c-bc92-d7f54a157fea,SKU-12568,Body Shell W28,CTRA1-U-025-1,2026-07-21 02:30:02.965479+00
5f2c1688-8166-4767-b46f-a44c8dcb9aaa,SKU-12444,Body Shell G36,CTRA1-T-026-1,2026-07-21 02:30:02.965479+00
5f3f1057-a7b0-4a2f-b4c2-b0b63fde11e2,SKU-11711,Chassis M61,CTRA1-N-037-2,2026-07-21 02:30:02.965479+00
5f3f305f-09bc-4af6-9caf-a7d766cf07ac,SKU-12085,Panel W59,CTRA1-Q-035-2,2026-07-21 02:30:02.965479+00
5f42c56e-8082-4ee9-ac46-88ceb0b14cda,SKU-11356,Panel Y32,CTRA1-K-049-1,2026-07-21 02:30:02.965479+00
5f4e6133-29f9-457d-9565-b982ff0d0ff1,SKU-12593,Chassis X58,CTRA1-U-037-2,2026-07-21 02:30:02.965479+00
5f54c488-c41a-4214-93b3-6fa91d9106a5,SKU-12461,Chassis O83,CTRA1-T-034-2,2026-07-21 02:30:02.965479+00
5f92ec6f-82d0-4207-9da6-cde733473626,SKU-11457,Casing N66,CTRA1-L-036-2,2026-07-21 02:30:02.965479+00
5fa24746-4f0c-4a23-935b-37c596094ea3,SKU-11543,Wheel Axle F95,CTRA1-M-016-2,2026-07-21 02:30:02.965479+00
5fb65f7f-5a54-4810-9c7e-a57cda25973b,SKU-11953,Casing Q18,CTRA1-P-032-2,2026-07-21 02:30:02.965479+00
5fc173b8-11f6-491f-b9c5-f3fa7a5e38ee,SKU-10036,Wheel Axle O93,CTRA1-A-019-1,2026-07-21 02:30:02.965479+00
5fc277ba-35ae-4bd8-8542-c56ff30144c1,SKU-10375,Casing R31,CTRA1-C-062-2,2026-07-21 02:30:02.965479+00
5fda29ab-1555-4c16-9a01-18ef3b72a096,SKU-12253,Panel K7,CTRA1-R-056-2,2026-07-21 02:30:02.965479+00
5fea8c7c-d2e4-488d-9a93-9596a0bd2ba5,SKU-11756,Casing T55,CTRA1-N-060-1,2026-07-21 02:30:02.965479+00
600b5f4d-e358-4f80-ac5c-7c037569fb2a,SKU-10249,Gearbox D54,CTRA1-B-062-2,2026-07-21 02:30:02.965479+00
602bf52e-808a-440c-a4d5-5f9aef90dde7,SKU-11580,Casing X32,CTRA1-M-035-1,2026-07-21 02:30:02.965479+00
604ebf8e-cbf1-4de9-9e5f-e9d988b08b87,SKU-11559,Body Shell U36,CTRA1-M-024-2,2026-07-21 02:30:02.965479+00
605ec90d-ff56-40a1-8d27-3b99e8d300dd,SKU-10784,Sensor Component K36,CTRA1-G-015-1,2026-07-21 02:30:02.965479+00
607dab24-f5f7-4362-8aa1-32cfd5bc9c27,SKU-10415,Body Shell T76,CTRA1-D-019-2,2026-07-21 02:30:02.965479+00
608a3dc3-2f42-4c1c-b954-d9968f4e481b,SKU-13003,Panel D69,CTRA1-X-053-2,2026-07-21 02:30:02.965479+00
60944189-0278-4738-aa56-24154dec9133,SKU-10818,Chassis P71,CTRA1-G-032-1,2026-07-21 02:30:02.965479+00
6097385b-86c5-434a-a11d-5b74619e162f,SKU-10057,Body Shell A54,CTRA1-A-029-2,2026-07-21 02:30:02.965479+00
6098131c-2a91-4997-9b05-96f05ce28098,SKU-12922,Gearbox S71,CTRA1-X-013-1,2026-07-21 02:30:02.965479+00
60a8529f-2af3-4507-b2b9-c6fc1d2e2913,SKU-12105,Casing Q71,CTRA1-Q-045-2,2026-07-21 02:30:02.965479+00
60be4085-f360-4413-8a96-ef5e7a127e2d,SKU-10667,Wheel Axle G31,CTRA1-F-019-2,2026-07-21 02:30:02.965479+00
60d0f383-83e8-4382-81e4-ef27e831e699,SKU-12848,Sensor Component C53,CTRA1-W-039-1,2026-07-21 02:30:02.965479+00
60e2eb61-969d-4c77-ad40-004373607217,SKU-12511,Wheel Axle Q46,CTRA1-T-059-2,2026-07-21 02:30:02.965479+00
60e99b27-c528-48eb-8d0a-744d6eb19248,SKU-10531,Panel R45,CTRA1-E-014-2,2026-07-21 02:30:02.965479+00
61144dbe-c3ef-4e40-b7a5-0d53e5ac0aa8,SKU-10210,Panel J7,CTRA1-B-043-1,2026-07-21 02:30:02.965479+00
612cbc45-3273-4223-b5e2-4849ee4ea9e5,SKU-13001,Casing G13,CTRA1-X-052-2,2026-07-21 02:30:02.965479+00
614d0d44-ed2a-4a4b-a08c-88a5a154b86c,SKU-11634,Sensor Component U91,CTRA1-M-062-1,2026-07-21 02:30:02.965479+00
6151b58e-1704-42a1-a769-45908d77fe8b,SKU-12472,Panel I24,CTRA1-T-040-1,2026-07-21 02:30:02.965479+00
615b1a68-ba14-42ae-afc2-5c3ebaecabc6,SKU-10952,Body Shell A95,CTRA1-H-036-1,2026-07-21 02:30:02.965479+00
617e21bf-b25b-416e-a56a-efaaf3466e6b,SKU-10810,Casing N83,CTRA1-G-028-1,2026-07-21 02:30:02.965479+00
617fb27b-8576-41fa-b2f9-f1a2c6a37315,SKU-11547,Wheel Axle X63,CTRA1-M-018-2,2026-07-21 02:30:02.965479+00
619e6c74-659a-4dcc-9ed7-9de8de660c9a,SKU-12450,Motor V12,CTRA1-T-029-1,2026-07-21 02:30:02.965479+00
619f5aaf-c38b-4cc2-8703-80d0fca3ec74,SKU-12127,Body Shell Q92,CTRA1-Q-056-2,2026-07-21 02:30:02.965479+00
61cef331-1db8-4052-b634-571d30b1f99c,SKU-11918,Chassis D6,CTRA1-P-015-1,2026-07-21 02:30:02.965479+00
61e68646-a428-410a-9e17-04eaf702844b,SKU-11726,Panel H17,CTRA1-N-045-1,2026-07-21 02:30:02.965479+00
6205007d-dd8f-4fcb-87bb-4e2d85fbd2f5,SKU-12992,Panel I36,CTRA1-X-048-1,2026-07-21 02:30:02.965479+00
626422f8-948c-4b82-9e9c-61d961f325b2,SKU-11492,Body Shell K65,CTRA1-L-054-1,2026-07-21 02:30:02.965479+00
62a177db-5630-4a52-80dd-d75faabc1030,SKU-11237,Casing F74,CTRA1-J-052-2,2026-07-21 02:30:02.965479+00
62a3579e-45b5-40fb-884c-a65245ff8b14,SKU-10292,Chassis Y14,CTRA1-C-021-1,2026-07-21 02:30:02.965479+00
62a45bc6-bca2-4486-a0cf-cac806c163da,SKU-12466,Wheel Axle B86,CTRA1-T-037-1,2026-07-21 02:30:02.965479+00
62c00cb2-9e8d-46d4-a307-669df6f9d974,SKU-12740,Casing M42,CTRA1-V-048-1,2026-07-21 02:30:02.965479+00
62f7ba09-44f8-45c0-adec-c811901ba0c9,SKU-10114,Motor J30,CTRA1-A-058-1,2026-07-21 02:30:02.965479+00
62f9877c-62b4-4626-8617-94190d8e52f2,SKU-10023,Body Shell K7,CTRA1-A-012-2,2026-07-21 02:30:02.965479+00
62fbdd1f-1706-41f4-9b22-f098498ecc63,SKU-11116,Gearbox K83,CTRA1-I-055-1,2026-07-21 02:30:02.965479+00
63212766-50cd-47ba-b122-f13a3ad37a0c,SKU-10168,Casing G50,CTRA1-B-022-1,2026-07-21 02:30:02.965479+00
632b619a-8750-4493-ae5f-cf18d77623cd,SKU-10619,Wheel Axle W18,CTRA1-E-058-2,2026-07-21 02:30:02.965479+00
6337591a-90bf-491f-83ff-d482892dc1ae,SKU-10815,Wheel Axle M95,CTRA1-G-030-2,2026-07-21 02:30:02.965479+00
635a3620-ffa6-44ea-9b89-8e9340e0ee42,SKU-12386,Body Shell P97,CTRA1-S-060-1,2026-07-21 02:30:02.965479+00
6362ae28-8d06-4d42-9260-e3c63d7215b3,SKU-10839,Gearbox P28,CTRA1-G-042-2,2026-07-21 02:30:02.965479+00
637f4e87-bc1a-4e7c-ac51-3176731fee99,SKU-11617,Motor K25,CTRA1-M-053-2,2026-07-21 02:30:02.965479+00
63860f73-e430-4d42-a2c3-7cf3dc07c6d5,SKU-11772,Wheel Axle L38,CTRA1-O-005-1,2026-07-21 02:30:02.965479+00
63865b52-e872-4110-9b7b-5df2b9a57b8a,SKU-12422,Wheel Axle Y58,CTRA1-T-015-1,2026-07-21 02:30:02.965479+00
63b0ff41-16d8-4b7a-9642-afcf8e6b618d,SKU-12216,Sensor Component U21,CTRA1-R-038-1,2026-07-21 02:30:02.965479+00
63bfd55f-528b-4605-b47c-0f618f5e8fa3,SKU-12969,Gearbox M4,CTRA1-X-036-2,2026-07-21 02:30:02.965479+00
63dc48db-a92d-410e-b949-9a5f1009a142,SKU-12151,Chassis Y41,CTRA1-R-005-2,2026-07-21 02:30:02.965479+00
63ffd0ac-31b6-4d98-8dcf-b477fe166043,SKU-11999,Wheel Axle M23,CTRA1-P-055-2,2026-07-21 02:30:02.965479+00
6424c5e1-2cb3-4156-82e0-6471928c7253,SKU-12596,Panel Q44,CTRA1-U-039-1,2026-07-21 02:30:02.965479+00
64419ab4-ea04-42fc-879b-59285e75b0ae,SKU-11447,Panel J92,CTRA1-L-031-2,2026-07-21 02:30:02.965479+00
645a65dd-ff8b-42e9-ac72-8f6b9fa8daaa,SKU-11873,Sensor Component H74,CTRA1-O-055-2,2026-07-21 02:30:02.965479+00
645ea6e4-0bf6-444f-92ab-ece88383045e,SKU-11395,Body Shell V4,CTRA1-L-005-2,2026-07-21 02:30:02.965479+00
648336f9-dd21-4b08-ad00-ab8fd9b00b71,SKU-11072,Gearbox J2,CTRA1-I-033-1,2026-07-21 02:30:02.965479+00
6492425e-6a4a-4f55-a22c-887555d3b833,SKU-12454,Casing B20,CTRA1-T-031-1,2026-07-21 02:30:02.965479+00
64c59699-c65f-428b-afc3-51710ae10185,SKU-11630,Body Shell V9,CTRA1-M-060-1,2026-07-21 02:30:02.965479+00
64dcac3e-4510-42ba-acd5-d288f0ddff75,SKU-12768,Gearbox W66,CTRA1-V-062-1,2026-07-21 02:30:02.965479+00
64f17c12-c462-4d4f-bc21-5e2a5a6d3baf,SKU-10583,Wheel Axle V82,CTRA1-E-040-2,2026-07-21 02:30:02.965479+00
650f355b-131a-4901-8ae0-a9409ccff11a,SKU-11291,Wheel Axle V92,CTRA1-K-016-2,2026-07-21 02:30:02.965479+00
6513bcfe-6d4b-49cc-8786-12adec85a810,SKU-11857,Casing R31,CTRA1-O-047-2,2026-07-21 02:30:02.965479+00
65400d10-a5fc-4552-acae-ddba330501ac,SKU-10877,Gearbox M96,CTRA1-G-061-2,2026-07-21 02:30:02.965479+00
65432c56-66a9-4f51-873e-404a03a8f6f1,SKU-12598,Motor K56,CTRA1-U-040-1,2026-07-21 02:30:02.965479+00
65647f28-14ef-4154-976c-542143b3aeb2,SKU-10394,Panel O93,CTRA1-D-009-1,2026-07-21 02:30:02.965479+00
6577a69c-8977-4dad-9ee7-26ce45040597,SKU-11647,Casing T67,CTRA1-N-005-2,2026-07-21 02:30:02.965479+00
658c0c10-023f-4110-b3dd-21096e748b78,SKU-12263,Body Shell K20,CTRA1-R-061-2,2026-07-21 02:30:02.965479+00
659236c3-9caa-4b8c-8f84-23b891e69245,SKU-11582,Body Shell E85,CTRA1-M-036-1,2026-07-21 02:30:02.965479+00
65e2f08d-ed55-4344-b39c-282cbf02b032,SKU-12990,Wheel Axle W97,CTRA1-X-047-1,2026-07-21 02:30:02.965479+00
65e8e053-129e-4451-858a-ac14ecad0081,SKU-10851,Motor R8,CTRA1-G-048-2,2026-07-21 02:30:02.965479+00
65efefe6-11a2-4794-8292-b6e81ecc9446,SKU-12847,Wheel Axle G74,CTRA1-W-038-2,2026-07-21 02:30:02.965479+00
6604722e-e3fb-4425-adce-30dbb4b34c07,SKU-12597,Motor T18,CTRA1-U-039-2,2026-07-21 02:30:02.965479+00
6634cd43-5d93-45a8-99a7-1f56ebc1ac3b,SKU-11283,Casing E87,CTRA1-K-012-2,2026-07-21 02:30:02.965479+00
6656bcb1-c26f-45b7-8d72-8f7efec185a0,SKU-11802,Body Shell D76,CTRA1-O-020-1,2026-07-21 02:30:02.965479+00
66609972-f02d-47ea-8c0a-4c76b3a9c4b1,SKU-10315,Wheel Axle J61,CTRA1-C-032-2,2026-07-21 02:30:02.965479+00
66939ad7-52d8-4a5b-b3f1-5455f82c821a,SKU-12302,Body Shell W89,CTRA1-S-018-1,2026-07-21 02:30:02.965479+00
6697ccd4-e58f-42eb-9f4f-29bf5bd2fd0d,SKU-12055,Wheel Axle J37,CTRA1-Q-020-2,2026-07-21 02:30:02.965479+00
66b09ee8-8b65-49aa-9bf7-d98476114423,SKU-12460,Casing N85,CTRA1-T-034-1,2026-07-21 02:30:02.965479+00
66b4c48b-8468-4aca-9cef-63e87aee1644,SKU-12448,Sensor Component M0,CTRA1-T-028-1,2026-07-21 02:30:02.965479+00
66c0ca52-7923-4197-9c6d-f3ab6f1de76d,SKU-10278,Wheel Axle F84,CTRA1-C-014-1,2026-07-21 02:30:02.965479+00
66cf3a90-b73a-477a-b4f1-f5154bfe252f,SKU-12957,Casing I38,CTRA1-X-030-2,2026-07-21 02:30:02.965479+00
66fe74a0-eed1-4c22-8808-f54b25f62328,SKU-11628,Motor R50,CTRA1-M-059-1,2026-07-21 02:30:02.965479+00
6704d130-e80a-4b8e-afa2-7cabd45defd5,SKU-11836,Gearbox C30,CTRA1-O-037-1,2026-07-21 02:30:02.965479+00
671496ac-6451-4d95-a0a6-64f843e1abb2,SKU-10808,Motor M39,CTRA1-G-027-1,2026-07-21 02:30:02.965479+00
671dd6ad-bfb2-4e98-a7a8-f9fc649dcfca,SKU-10258,Motor I36,CTRA1-C-004-1,2026-07-21 02:30:02.965479+00
671f404b-356c-4131-9886-4bfa712df933,SKU-11393,Casing F3,CTRA1-L-004-2,2026-07-21 02:30:02.965479+00
67310c3b-a8b3-4d3c-a6b1-e670678765df,SKU-10404,Panel X75,CTRA1-D-014-1,2026-07-21 02:30:02.965479+00
674784d7-4855-4feb-a687-9b1bab31fb5d,SKU-10095,Wheel Axle J32,CTRA1-A-048-2,2026-07-21 02:30:02.965479+00
6755fd3e-4519-4184-94e6-5c3f837a71e4,SKU-10864,Casing T21,CTRA1-G-055-1,2026-07-21 02:30:02.965479+00
675dbe0a-9987-49d2-93aa-0dd7573ad549,SKU-12401,Gearbox G29,CTRA1-T-004-2,2026-07-21 02:30:02.965479+00
675e6527-c1f6-4264-bc78-88696f6d4850,SKU-12837,Motor F4,CTRA1-W-033-2,2026-07-21 02:30:02.965479+00
67742f0a-1e16-4f0e-ab84-5373aca5e165,SKU-11662,Wheel Axle Q24,CTRA1-N-013-1,2026-07-21 02:30:02.965479+00
677a70b4-9898-474c-aff9-2b2f2eea97d4,SKU-12505,Wheel Axle S3,CTRA1-T-056-2,2026-07-21 02:30:02.965479+00
67b45513-626d-4b63-818b-2b7a53401488,SKU-10446,Panel I15,CTRA1-D-035-1,2026-07-21 02:30:02.965479+00
67b82d51-0046-4e4b-8933-b3d3e9520f4d,SKU-10383,Casing G14,CTRA1-D-003-2,2026-07-21 02:30:02.965479+00
67bec6e3-5693-4c83-93e4-633d4e551a26,SKU-10850,Panel P97,CTRA1-G-048-1,2026-07-21 02:30:02.965479+00
67c1d01e-abfb-4a7f-a5d6-bd5ed395bff8,SKU-11846,Wheel Axle E88,CTRA1-O-042-1,2026-07-21 02:30:02.965479+00
67c6539b-ac1a-4b8f-87f8-116b286d9e4b,SKU-12707,Sensor Component D55,CTRA1-V-031-2,2026-07-21 02:30:02.965479+00
67c78717-f905-4664-98fe-2117223ad703,SKU-10431,Sensor Component O3,CTRA1-D-027-2,2026-07-21 02:30:02.965479+00
67df21da-0443-440c-acd9-ca9368da8743,SKU-11906,Sensor Component G98,CTRA1-P-009-1,2026-07-21 02:30:02.965479+00
67eb7ea6-7332-45d2-b819-7509794d514a,SKU-10427,Wheel Axle V11,CTRA1-D-025-2,2026-07-21 02:30:02.965479+00
68053478-6795-4075-a7e4-f3a5d89bd700,SKU-10238,Panel U58,CTRA1-B-057-1,2026-07-21 02:30:02.965479+00
683175ae-126b-4405-b4d9-ce0c609e4730,SKU-10644,Gearbox O36,CTRA1-F-008-1,2026-07-21 02:30:02.965479+00
686af600-50aa-43f1-9b32-08c79f3cd39e,SKU-10921,Casing H36,CTRA1-H-020-2,2026-07-21 02:30:02.965479+00
6895bda5-4ca7-4694-bb6e-0ca4fd9ee96b,SKU-10976,Panel X10,CTRA1-H-048-1,2026-07-21 02:30:02.965479+00
68ad604b-92c4-4710-a33b-ce3c34af9d17,SKU-12215,Wheel Axle I58,CTRA1-R-037-2,2026-07-21 02:30:02.965479+00
68bd6626-114e-408a-b7ba-f3173b3b8d84,SKU-11188,Chassis U93,CTRA1-J-028-1,2026-07-21 02:30:02.965479+00
68d2a952-dcf3-430b-b87b-81a0d2c28872,SKU-10844,Sensor Component E28,CTRA1-G-045-1,2026-07-21 02:30:02.965479+00
68e021b8-2bbb-4f28-bb6b-94158b0c7c2e,SKU-12404,Gearbox J97,CTRA1-T-006-1,2026-07-21 02:30:02.965479+00
68e5a93d-b39c-46f3-ac28-8b3b9900d3de,SKU-12307,Wheel Axle C92,CTRA1-S-020-2,2026-07-21 02:30:02.965479+00
68eca5a6-dedc-4afa-89a4-04e539d51cf4,SKU-12829,Motor N75,CTRA1-W-029-2,2026-07-21 02:30:02.965479+00
68fccd1a-e405-483a-a7f7-4c8345c898a9,SKU-12438,Motor F62,CTRA1-T-023-1,2026-07-21 02:30:02.965479+00
690822b9-fcf2-40a2-98c3-6366dbe94b79,SKU-11498,Gearbox T72,CTRA1-L-057-1,2026-07-21 02:30:02.965479+00
6945737b-c170-4b20-95e0-e881757661b5,SKU-11912,Chassis H25,CTRA1-P-012-1,2026-07-21 02:30:02.965479+00
6961d6f8-c6c2-4140-a3d8-285a2318f7d8,SKU-10753,Body Shell O17,CTRA1-F-062-2,2026-07-21 02:30:02.965479+00
69845095-a5a8-4d1d-97c0-546e4e65f0e7,SKU-12222,Chassis V51,CTRA1-R-041-1,2026-07-21 02:30:02.965479+00
698a28d7-1df6-4c80-99da-1d8ce0b98cfb,SKU-10814,Panel O72,CTRA1-G-030-1,2026-07-21 02:30:02.965479+00
69b5d163-aa63-4580-bb6e-da4c255fe38e,SKU-11496,Sensor Component L69,CTRA1-L-056-1,2026-07-21 02:30:02.965479+00
69c119ac-2ef9-48eb-ba5c-7eb72470c910,SKU-10184,Wheel Axle I55,CTRA1-B-030-1,2026-07-21 02:30:02.965479+00
69d867c9-86f1-44f2-93c0-476608858584,SKU-10567,Gearbox I59,CTRA1-E-032-2,2026-07-21 02:30:02.965479+00
6a41ffcc-ac80-4f68-ab6d-8c6bdf65ce89,SKU-10909,Gearbox U80,CTRA1-H-014-2,2026-07-21 02:30:02.965479+00
6a43b211-5675-46a1-8e08-57969877c7b9,SKU-11392,Motor E73,CTRA1-L-004-1,2026-07-21 02:30:02.965479+00
6a4dbcfa-d031-425a-a1be-548ec014584a,SKU-11635,Body Shell G20,CTRA1-M-062-2,2026-07-21 02:30:02.965479+00
6a4f1da5-3bbb-446c-90fe-f86f6994bd0a,SKU-10588,Panel T16,CTRA1-E-043-1,2026-07-21 02:30:02.965479+00
6a5db183-7db9-435e-88b6-1d63fcbde3a6,SKU-11809,Gearbox Z73,CTRA1-O-023-2,2026-07-21 02:30:02.965479+00
6a6fb27d-a550-448b-a687-a06f6334abc5,SKU-11746,Casing J65,CTRA1-N-055-1,2026-07-21 02:30:02.965479+00
6a713c1b-549e-44fe-86fe-d6f8454ac949,SKU-11975,Motor T60,CTRA1-P-043-2,2026-07-21 02:30:02.965479+00
6a83c1f9-97f4-42b3-aff0-6d3e1f7b321f,SKU-12669,Panel P18,CTRA1-V-012-2,2026-07-21 02:30:02.965479+00
6ab4fbbf-fd58-457b-8e7e-621df640580e,SKU-10135,Body Shell O21,CTRA1-B-005-2,2026-07-21 02:30:02.965479+00
6acac743-dea8-4c75-aafa-ecc69fa765ca,SKU-11573,Motor D40,CTRA1-M-031-2,2026-07-21 02:30:02.965479+00
6af38da6-4061-4eb8-92e3-50aa3d8b71f3,SKU-12187,Panel O97,CTRA1-R-023-2,2026-07-21 02:30:02.965479+00
6afb17a1-2677-421f-8dd5-492e4c46c99a,SKU-12904,Casing Q92,CTRA1-X-004-1,2026-07-21 02:30:02.965479+00
6b44ed94-4327-4d1c-be6e-9e6e45f8b4ec,SKU-11544,Wheel Axle T3,CTRA1-M-017-1,2026-07-21 02:30:02.965479+00
6b4bf712-29f6-426f-901e-85662aa9869c,SKU-10622,Sensor Component D64,CTRA1-E-060-1,2026-07-21 02:30:02.965479+00
6b79f7be-d62b-4340-994f-10de566be16d,SKU-11739,Panel I74,CTRA1-N-051-2,2026-07-21 02:30:02.965479+00
6b87b988-860a-4d46-8790-51832cf802e1,SKU-10951,Casing C23,CTRA1-H-035-2,2026-07-21 02:30:02.965479+00
6b9ba2b0-878d-4d31-b980-3010fcc97f0d,SKU-12948,Casing U51,CTRA1-X-026-1,2026-07-21 02:30:02.965479+00
6badef8a-4402-4673-a9fd-a4e63f304323,SKU-11081,Motor W72,CTRA1-I-037-2,2026-07-21 02:30:02.965479+00
6c03dc79-3e74-4f3e-a73f-bcf297df032f,SKU-11924,Wheel Axle J58,CTRA1-P-018-1,2026-07-21 02:30:02.965479+00
6c0d5fea-758e-412c-8e27-34a0dcdeb2a9,SKU-11430,Motor V20,CTRA1-L-023-1,2026-07-21 02:30:02.965479+00
6c4d04f1-43b7-478d-a04b-7d4d011d853c,SKU-12794,Body Shell K56,CTRA1-W-012-1,2026-07-21 02:30:02.965479+00
6c4f0780-c8f0-4c34-bc63-5b417b460b1c,SKU-11217,Body Shell U1,CTRA1-J-042-2,2026-07-21 02:30:02.965479+00
6c565821-c1fc-4377-8da8-3c328b6b1834,SKU-12981,Gearbox O33,CTRA1-X-042-2,2026-07-21 02:30:02.965479+00
6c588311-1396-472e-9c01-8c967f45da07,SKU-12437,Body Shell P92,CTRA1-T-022-2,2026-07-21 02:30:02.965479+00
6c627fb4-c382-4b0a-b7d2-2d6a440a2fde,SKU-10472,Motor D7,CTRA1-D-048-1,2026-07-21 02:30:02.965479+00
6c74f9be-6464-4fce-b560-26c6321fe295,SKU-10062,Casing J70,CTRA1-A-032-1,2026-07-21 02:30:02.965479+00
6c91a3ba-4500-4812-bf9d-276aa10a372c,SKU-11588,Wheel Axle E54,CTRA1-M-039-1,2026-07-21 02:30:02.965479+00
6cbeca44-1cec-4176-b085-eb2f7fafb968,SKU-10797,Chassis R56,CTRA1-G-021-2,2026-07-21 02:30:02.965479+00
6cd2efc0-3b12-49aa-90c3-aa67a2e74c53,SKU-12580,Chassis G66,CTRA1-U-031-1,2026-07-21 02:30:02.965479+00
6cfa446f-c0dc-4b00-b500-c9d8cab2f01a,SKU-12728,Sensor Component S46,CTRA1-V-042-1,2026-07-21 02:30:02.965479+00
6cfd75c2-c14b-401a-b20c-283c06310c8e,SKU-10099,Wheel Axle L68,CTRA1-A-050-2,2026-07-21 02:30:02.965479+00
6d0376b6-f438-4206-9fee-a693ed8e5942,SKU-11977,Casing N9,CTRA1-P-044-2,2026-07-21 02:30:02.965479+00
6d04f52f-3de3-46f1-b00e-ed66ef9d72d8,SKU-11769,Gearbox R95,CTRA1-O-003-2,2026-07-21 02:30:02.965479+00
6d26c5b3-2e7c-4d6b-8ccd-f4020d364e8a,SKU-12923,Wheel Axle R49,CTRA1-X-013-2,2026-07-21 02:30:02.965479+00
6d58c6cf-07e6-4708-8ac0-191052635d30,SKU-12698,Chassis G35,CTRA1-V-027-1,2026-07-21 02:30:02.965479+00
6d74c69a-daa5-4fc2-b2be-968c62150f31,SKU-11649,Wheel Axle P43,CTRA1-N-006-2,2026-07-21 02:30:02.965479+00
6d8d0107-894c-46dd-ad17-ad8696b26952,SKU-12708,Casing W52,CTRA1-V-032-1,2026-07-21 02:30:02.965479+00
6da32847-ad64-4922-8b5c-b34ba43bd704,SKU-12522,Wheel Axle Y6,CTRA1-U-002-1,2026-07-21 02:30:02.965479+00
6dd56af8-8788-45ad-94ed-8b0a544d870f,SKU-12879,Wheel Axle S52,CTRA1-W-054-2,2026-07-21 02:30:02.965479+00
6dda14e6-8d5e-4792-9dc7-17bfb71cf8e5,SKU-11940,Casing L97,CTRA1-P-026-1,2026-07-21 02:30:02.965479+00
6ddbb19a-c067-4285-a2ee-c10df84d82f1,SKU-11640,Motor Z39,CTRA1-N-002-1,2026-07-21 02:30:02.965479+00
6df7807a-341f-45eb-be7e-3b7a49920b87,SKU-10155,Wheel Axle M9,CTRA1-B-015-2,2026-07-21 02:30:02.965479+00
6e322c75-bc61-486e-a6a8-a3b35895cebe,SKU-12500,Wheel Axle O71,CTRA1-T-054-1,2026-07-21 02:30:02.965479+00
6e40c684-33be-4301-aac3-a5c28c7c592c,SKU-10050,Chassis P18,CTRA1-A-026-1,2026-07-21 02:30:02.965479+00
6e5f94fa-6385-42ed-87f0-c41187555dae,SKU-11480,Wheel Axle S26,CTRA1-L-048-1,2026-07-21 02:30:02.965479+00
6e6b3f95-f27a-4255-883f-c2484f536b11,SKU-11197,Motor D56,CTRA1-J-032-2,2026-07-21 02:30:02.965479+00
6e6d3d78-671f-4c83-8a0b-4dbd9517ca3a,SKU-10970,Panel B45,CTRA1-H-045-1,2026-07-21 02:30:02.965479+00
6e8ee993-e46d-4b16-9458-81fdabd88680,SKU-10915,Gearbox I84,CTRA1-H-017-2,2026-07-21 02:30:02.965479+00
6e8eeb28-5c89-4822-ab63-86f056423f46,SKU-10033,Body Shell P31,CTRA1-A-017-2,2026-07-21 02:30:02.965479+00
6ed68bf9-efc0-47a2-9e22-523d9d4d877a,SKU-10334,Wheel Axle H67,CTRA1-C-042-1,2026-07-21 02:30:02.965479+00
6ed93258-776c-406e-836b-ba45571a366a,SKU-10055,Panel Y33,CTRA1-A-028-2,2026-07-21 02:30:02.965479+00
6ee52135-829e-4e7d-8694-2f1515c6cbfd,SKU-12088,Wheel Axle X83,CTRA1-Q-037-1,2026-07-21 02:30:02.965479+00
6f108880-badb-48de-ac24-78c1cee6105a,SKU-12678,Panel I61,CTRA1-V-017-1,2026-07-21 02:30:02.965479+00
6f553d2f-60f2-402f-afce-e31e392fcb8c,SKU-12886,Gearbox R14,CTRA1-W-058-1,2026-07-21 02:30:02.965479+00
6f6b4db9-7edf-4590-979f-28d41c808799,SKU-12850,Body Shell Z28,CTRA1-W-040-1,2026-07-21 02:30:02.965479+00
6f8f3db9-0ead-4821-979e-598f9dfd1be3,SKU-10501,Body Shell I22,CTRA1-D-062-2,2026-07-21 02:30:02.965479+00
6fb831b2-18d8-41ed-9246-6bf964b20211,SKU-11136,Body Shell Y91,CTRA1-J-002-1,2026-07-21 02:30:02.965479+00
6fe49515-8a50-43f3-9528-d9fda0c1992c,SKU-10708,Motor E81,CTRA1-F-040-1,2026-07-21 02:30:02.965479+00
6ffaeacd-ecbc-40f2-b15a-66c637c17fbb,SKU-10243,Gearbox L4,CTRA1-B-059-2,2026-07-21 02:30:02.965479+00
70002d60-364b-4430-8422-67077375f06e,SKU-11661,Wheel Axle M5,CTRA1-N-012-2,2026-07-21 02:30:02.965479+00
7001e3c5-ffee-42ba-90bb-4b76d3efc20d,SKU-11358,Gearbox B38,CTRA1-K-050-1,2026-07-21 02:30:02.965479+00
7010a810-7204-42e4-9317-e2eb296ee6fd,SKU-10783,Wheel Axle U60,CTRA1-G-014-2,2026-07-21 02:30:02.965479+00
70354f94-bd16-48ae-8309-9d38fc3c0612,SKU-10866,Casing W22,CTRA1-G-056-1,2026-07-21 02:30:02.965479+00
7064fe99-7811-45a8-a96b-bc74c83780bc,SKU-12149,Motor S38,CTRA1-R-004-2,2026-07-21 02:30:02.965479+00
706591b2-31eb-4536-9a25-9f07768672aa,SKU-10636,Casing G33,CTRA1-F-004-1,2026-07-21 02:30:02.965479+00
70685237-570c-482b-b87e-be83ca982088,SKU-11554,Wheel Axle K49,CTRA1-M-022-1,2026-07-21 02:30:02.965479+00
7092c97a-1e56-4d39-be19-aca572735925,SKU-12166,Sensor Component L5,CTRA1-R-013-1,2026-07-21 02:30:02.965479+00
70934d37-20ce-4fe6-ba8f-c638ddac4927,SKU-11935,Wheel Axle Q84,CTRA1-P-023-2,2026-07-21 02:30:02.965479+00
70c68751-489f-44d0-9f4c-188533f1daed,SKU-10913,Chassis P16,CTRA1-H-016-2,2026-07-21 02:30:02.965479+00
70cf081d-f078-42c5-899d-0a61f406a4f2,SKU-10826,Wheel Axle D11,CTRA1-G-036-1,2026-07-21 02:30:02.965479+00
70cf423d-746f-473e-99a5-503842d16356,SKU-10680,Motor B22,CTRA1-F-026-1,2026-07-21 02:30:02.965479+00
70d4aad4-48a8-487b-8be9-2c4e067c1e8e,SKU-11230,Panel C38,CTRA1-J-049-1,2026-07-21 02:30:02.965479+00
70e0b95c-5743-4a6f-8950-96c824a66dfd,SKU-10991,Wheel Axle B12,CTRA1-H-055-2,2026-07-21 02:30:02.965479+00
70f124ad-f74e-4e7b-bcb9-efcf032fac75,SKU-10855,Wheel Axle B92,CTRA1-G-050-2,2026-07-21 02:30:02.965479+00
70f69d0e-581c-4338-9fb7-765ab4edca56,SKU-11973,Panel L4,CTRA1-P-042-2,2026-07-21 02:30:02.965479+00
70f83753-394c-4713-bbb5-e03dddfb32ec,SKU-11420,Gearbox M83,CTRA1-L-018-1,2026-07-21 02:30:02.965479+00
70f8b37d-a541-4e20-947a-bfb60b66520c,SKU-11998,Wheel Axle E68,CTRA1-P-055-1,2026-07-21 02:30:02.965479+00
70ff4456-2b8b-4d74-83df-be7c70d87453,SKU-11212,Sensor Component B26,CTRA1-J-040-1,2026-07-21 02:30:02.965479+00
71081890-2ea4-406a-8fd6-bbe82dd8f0d1,SKU-12146,Gearbox C44,CTRA1-R-003-1,2026-07-21 02:30:02.965479+00
713bb342-a29a-42cf-a6b0-936a12c55974,SKU-11463,Gearbox E73,CTRA1-L-039-2,2026-07-21 02:30:02.965479+00
715e6245-2f05-445d-a6ef-4358e4795548,SKU-12737,Gearbox G12,CTRA1-V-046-2,2026-07-21 02:30:02.965479+00
716c9f51-a840-4676-b3fe-48b180751623,SKU-12792,Panel X70,CTRA1-W-011-1,2026-07-21 02:30:02.965479+00
71a0073e-724d-4d35-8c3c-3d691d2a1c55,SKU-10774,Sensor Component O9,CTRA1-G-010-1,2026-07-21 02:30:02.965479+00
71b69ba5-fc24-42e6-bb33-07ad0c7cb799,SKU-12313,Wheel Axle M49,CTRA1-S-023-2,2026-07-21 02:30:02.965479+00
71cb664a-3fcb-461e-a233-b457175141ef,SKU-10529,Wheel Axle Y69,CTRA1-E-013-2,2026-07-21 02:30:02.965479+00
71e16452-fd15-42b3-94dc-d2b9f4a36a94,SKU-10212,Gearbox T42,CTRA1-B-044-1,2026-07-21 02:30:02.965479+00
71eacc14-931c-4a9c-8a2a-6d038c6f4057,SKU-11086,Body Shell X66,CTRA1-I-040-1,2026-07-21 02:30:02.965479+00
7203365a-b8f4-406e-b3ab-c206a10d6835,SKU-11948,Motor X41,CTRA1-P-030-1,2026-07-21 02:30:02.965479+00
7206b431-1fb8-471d-95ed-0d0ab5ce9823,SKU-11892,Casing V85,CTRA1-P-002-1,2026-07-21 02:30:02.965479+00
720790d1-c136-4890-ac81-32fe15003ef9,SKU-12658,Gearbox O65,CTRA1-V-007-1,2026-07-21 02:30:02.965479+00
7266e1c0-9405-4482-a64b-3b898cc4b1ea,SKU-12211,Wheel Axle S13,CTRA1-R-035-2,2026-07-21 02:30:02.965479+00
7277e88f-b0c8-49d8-b502-1471e2105d0b,SKU-12705,Casing R18,CTRA1-V-030-2,2026-07-21 02:30:02.965479+00
7295ab96-a050-4a64-95e2-ca2637538076,SKU-11889,Panel I4,CTRA1-O-063-2,2026-07-21 02:30:02.965479+00
72a12cde-d1fd-49de-8f6c-16c67971b3ff,SKU-11281,Chassis E84,CTRA1-K-011-2,2026-07-21 02:30:02.965479+00
72a1b63c-e864-424f-b584-b116d08a33ef,SKU-10274,Sensor Component A38,CTRA1-C-012-1,2026-07-21 02:30:02.965479+00
72b4db90-cca9-4e64-b875-ffd7aa0eeba8,SKU-12248,Casing R17,CTRA1-R-054-1,2026-07-21 02:30:02.965479+00
72b64b3e-86a7-4d8b-8032-cd6819c67791,SKU-11624,Body Shell X84,CTRA1-M-057-1,2026-07-21 02:30:02.965479+00
72b7fd68-9ebd-4d95-9360-f8948b319327,SKU-12769,Casing W30,CTRA1-V-062-2,2026-07-21 02:30:02.965479+00
72d0a843-7ff1-4332-90b1-4e0a2617cfca,SKU-12743,Gearbox K96,CTRA1-V-049-2,2026-07-21 02:30:02.965479+00
72d4981e-44f1-4789-8539-5b14f891affc,SKU-11556,Panel J67,CTRA1-M-023-1,2026-07-21 02:30:02.965479+00
72f3e21b-810f-45d9-ab03-a0fb5770fc91,SKU-12843,Motor E62,CTRA1-W-036-2,2026-07-21 02:30:02.965479+00
72f6193b-f0db-4eb6-ba40-47534b299d4d,SKU-11864,Sensor Component J1,CTRA1-O-051-1,2026-07-21 02:30:02.965479+00
730876bc-b1f2-4643-8c1a-c70d0a463057,SKU-11126,Motor F30,CTRA1-I-060-1,2026-07-21 02:30:02.965479+00
734cb512-0276-4174-9959-66b701d6764d,SKU-10630,Casing A72,CTRA1-E-064-1,2026-07-21 02:30:02.965479+00
7398c205-ae45-4fc2-b7a6-8c619e7b0923,SKU-10772,Motor Q43,CTRA1-G-009-1,2026-07-21 02:30:02.965479+00
73ab1bb2-3c82-41ce-8018-3be54c50e09a,SKU-12971,Casing F85,CTRA1-X-037-2,2026-07-21 02:30:02.965479+00
73b5de0c-871d-4fbc-8a5d-a042d7df54f0,SKU-12723,Gearbox I95,CTRA1-V-039-2,2026-07-21 02:30:02.965479+00
73c72dbf-eb51-415d-8b14-ec86c0551f69,SKU-12271,Wheel Axle G60,CTRA1-S-002-2,2026-07-21 02:30:02.965479+00
74091ceb-e3d9-406a-a4e5-1ea22883a6e2,SKU-10535,Body Shell L95,CTRA1-E-016-2,2026-07-21 02:30:02.965479+00
744a7e55-e2ba-4633-a6d1-5b2cf4cc5f60,SKU-11233,Casing G34,CTRA1-J-050-2,2026-07-21 02:30:02.965479+00
74a34813-4a77-4db4-99a7-c3bc518edc37,SKU-11988,Gearbox D74,CTRA1-P-050-1,2026-07-21 02:30:02.965479+00
74ae2c0c-b640-4d30-bbb1-79d85f38a9e1,SKU-12376,Chassis M20,CTRA1-S-055-1,2026-07-21 02:30:02.965479+00
74d347a2-da11-463f-8375-40491eeaa52b,SKU-10352,Motor G85,CTRA1-C-051-1,2026-07-21 02:30:02.965479+00
750258b0-172e-450c-a671-79f0907bd6c0,SKU-10089,Gearbox M70,CTRA1-A-045-2,2026-07-21 02:30:02.965479+00
75198e94-0cf0-4c17-9466-6450d80007af,SKU-12487,Wheel Axle W7,CTRA1-T-047-2,2026-07-21 02:30:02.965479+00
753c1364-d8ae-47bf-8805-3ad9e57f9f8c,SKU-10450,Panel G83,CTRA1-D-037-1,2026-07-21 02:30:02.965479+00
753e7a25-1a64-4a78-962f-a2dd8f7ee64c,SKU-12763,Body Shell R79,CTRA1-V-059-2,2026-07-21 02:30:02.965479+00
754afdbe-2e56-47f0-9dfa-c4c6464010bb,SKU-10565,Motor W28,CTRA1-E-031-2,2026-07-21 02:30:02.965479+00
7567a73a-0e4f-40e1-840a-c99b636b4060,SKU-12339,Motor C68,CTRA1-S-036-2,2026-07-21 02:30:02.965479+00
757b083a-de61-41d3-9761-3809f9cb5fd4,SKU-12554,Gearbox W71,CTRA1-U-018-1,2026-07-21 02:30:02.965479+00
7588c507-1e16-4e00-baf1-366066347702,SKU-12640,Wheel Axle I1,CTRA1-U-061-1,2026-07-21 02:30:02.965479+00
758af756-0877-435d-983e-c917bf86728b,SKU-10469,Casing P93,CTRA1-D-046-2,2026-07-21 02:30:02.965479+00
75947992-8cc4-4859-b832-2a52903d5c1f,SKU-11418,Motor V66,CTRA1-L-017-1,2026-07-21 02:30:02.965479+00
759bdf2f-b479-4239-8df5-fdac5bd94fa7,SKU-10316,Sensor Component T49,CTRA1-C-033-1,2026-07-21 02:30:02.965479+00
75a92e4d-007c-409b-be5b-6e9e470a2adb,SKU-11203,Motor K31,CTRA1-J-035-2,2026-07-21 02:30:02.965479+00
75b8d4b5-3d7f-448f-b090-847f818b6553,SKU-11375,Body Shell N93,CTRA1-K-058-2,2026-07-21 02:30:02.965479+00
75b94c65-366e-4c52-8295-0fddd1d803e9,SKU-10354,Casing Y85,CTRA1-C-052-1,2026-07-21 02:30:02.965479+00
75d431ae-51e3-499e-b91b-092511b0a00d,SKU-12955,Body Shell D90,CTRA1-X-029-2,2026-07-21 02:30:02.965479+00
762424b4-1e6e-4236-81a5-b3d9a8870a4b,SKU-10498,Panel U56,CTRA1-D-061-1,2026-07-21 02:30:02.965479+00
7633e2a9-d747-4615-9ebe-c3deb9f8852d,SKU-10703,Wheel Axle P67,CTRA1-F-037-2,2026-07-21 02:30:02.965479+00
7637a01e-aa4d-4e8b-b13f-81bddb4e3154,SKU-11303,Casing E19,CTRA1-K-022-2,2026-07-21 02:30:02.965479+00
764d1790-28a2-48a6-9e61-31c715777c93,SKU-10011,Motor Q71,CTRA1-A-006-2,2026-07-21 02:30:02.965479+00
76581658-61d9-45e8-830a-bfc687ca90df,SKU-12312,Wheel Axle J17,CTRA1-S-023-1,2026-07-21 02:30:02.965479+00
76672d02-8b68-46e1-a053-287383d5921d,SKU-10618,Motor V70,CTRA1-E-058-1,2026-07-21 02:30:02.965479+00
76702f0d-6fc0-4775-a462-13d9036975b8,SKU-12463,Casing Y17,CTRA1-T-035-2,2026-07-21 02:30:02.965479+00
767e511f-1217-4b54-b2e1-ad79aa4fb95b,SKU-10896,Chassis V28,CTRA1-H-008-1,2026-07-21 02:30:02.965479+00
76a5c1c3-42e2-411c-a0de-3682f734d85a,SKU-10737,Body Shell D81,CTRA1-F-054-2,2026-07-21 02:30:02.965479+00
76c0e245-ab40-48ff-b204-d3e9ab625c68,SKU-10963,Motor V56,CTRA1-H-041-2,2026-07-21 02:30:02.965479+00
76c1dffa-88d3-4654-a456-fa57944a6548,SKU-11710,Motor I30,CTRA1-N-037-1,2026-07-21 02:30:02.965479+00
76dd89f2-f301-42cc-9ad2-2f2db5c58002,SKU-11097,Casing L67,CTRA1-I-045-2,2026-07-21 02:30:02.965479+00
76e487a2-18cd-45c0-8396-841aeaeaf5c7,SKU-11137,Panel I25,CTRA1-J-002-2,2026-07-21 02:30:02.965479+00
76fddc03-b2d6-44de-8fbf-70a4125ee51f,SKU-12389,Panel V82,CTRA1-S-061-2,2026-07-21 02:30:02.965479+00
770ca1dd-152b-4667-9d53-3936aa7a74c8,SKU-10025,Panel E52,CTRA1-A-013-2,2026-07-21 02:30:02.965479+00
772277de-d401-4d30-9f5f-fb31b67eec9d,SKU-12415,Casing W71,CTRA1-T-011-2,2026-07-21 02:30:02.965479+00
7724c222-d1fe-4507-a912-32f339e52f28,SKU-12434,Sensor Component N55,CTRA1-T-021-1,2026-07-21 02:30:02.965479+00
773dc3a0-a4c1-46e0-b242-8295ac91e30d,SKU-10474,Wheel Axle W86,CTRA1-D-049-1,2026-07-21 02:30:02.965479+00
773e7abb-4522-4fab-9650-05ec65b9e201,SKU-12426,Body Shell F52,CTRA1-T-017-1,2026-07-21 02:30:02.965479+00
775b65b7-7a9a-40e1-b77b-912708113722,SKU-10912,Body Shell S86,CTRA1-H-016-1,2026-07-21 02:30:02.965479+00
7772ea6d-92ae-4871-a1bf-4d3b48308f12,SKU-11238,Wheel Axle S83,CTRA1-J-053-1,2026-07-21 02:30:02.965479+00
7774ed32-41c4-496c-9d4e-9f7e5cb4826e,SKU-11198,Gearbox T76,CTRA1-J-033-1,2026-07-21 02:30:02.965479+00
777a21d8-2daa-4256-a3b0-aa4d17ac2345,SKU-11246,Wheel Axle C65,CTRA1-J-057-1,2026-07-21 02:30:02.965479+00
777a465e-ced5-4db9-bffd-d61cce529861,SKU-10945,Wheel Axle X19,CTRA1-H-032-2,2026-07-21 02:30:02.965479+00
7794b72f-ed6d-41d1-bd52-3b7d72bca775,SKU-11785,Body Shell O34,CTRA1-O-011-2,2026-07-21 02:30:02.965479+00
77a01907-29f8-4743-ac6d-171cd31b2980,SKU-10425,Chassis C30,CTRA1-D-024-2,2026-07-21 02:30:02.965479+00
77b60331-1614-4737-85fa-3b3abff017c5,SKU-12756,Wheel Axle U12,CTRA1-V-056-1,2026-07-21 02:30:02.965479+00
77d6546b-87aa-485f-b62a-c97a8ad38e60,SKU-12571,Casing J31,CTRA1-U-026-2,2026-07-21 02:30:02.965479+00
77dc1189-a92f-4285-ae91-5d9ef07e3b51,SKU-10721,Motor R79,CTRA1-F-046-2,2026-07-21 02:30:02.965479+00
7824b2b6-c6d0-455b-a953-2759e4602755,SKU-10972,Casing Q96,CTRA1-H-046-1,2026-07-21 02:30:02.965479+00
78435142-e64e-4ba6-a3e2-c3f666b5ad50,SKU-11896,Gearbox I89,CTRA1-P-004-1,2026-07-21 02:30:02.965479+00
785bb846-5a23-4b6b-b5ed-2f9cfcd37a73,SKU-12387,Wheel Axle O32,CTRA1-S-060-2,2026-07-21 02:30:02.965479+00
785f3f4b-5dc0-4e08-8576-b4778e10014f,SKU-12564,Sensor Component J10,CTRA1-U-023-1,2026-07-21 02:30:02.965479+00
7862e159-0841-4e84-8e79-0a38a920965c,SKU-10599,Motor E79,CTRA1-E-048-2,2026-07-21 02:30:02.965479+00
789461db-5402-41ed-b764-a1020bb6fd8e,SKU-10156,Gearbox L81,CTRA1-B-016-1,2026-07-21 02:30:02.965479+00
78ca1b7d-cd07-40cb-90bf-6d7f567dbe4e,SKU-10617,Casing K36,CTRA1-E-057-2,2026-07-21 02:30:02.965479+00
78d1a6d5-60c4-4a8e-8ccb-ac6db0dbf28c,SKU-10995,Casing B94,CTRA1-H-057-2,2026-07-21 02:30:02.965479+00
7905e8df-54f1-4f11-99de-3b693d716d02,SKU-12062,Panel P29,CTRA1-Q-024-1,2026-07-21 02:30:02.965479+00
7917b0ff-6c58-47af-b38e-87f6d50ac154,SKU-10116,Casing P18,CTRA1-A-059-1,2026-07-21 02:30:02.965479+00
7968aec6-56e9-4d7d-a0be-eaf4623f0e77,SKU-12468,Gearbox G63,CTRA1-T-038-1,2026-07-21 02:30:02.965479+00
79bfd053-6367-4882-a3fa-5afb254bd083,SKU-11099,Wheel Axle I12,CTRA1-I-046-2,2026-07-21 02:30:02.965479+00
79ca1c4d-f5ea-4c82-90b8-65bef59e3454,SKU-10878,Motor V85,CTRA1-G-062-1,2026-07-21 02:30:02.965479+00
79db305e-b270-4071-87ca-09f5d79ee15f,SKU-12026,Motor S3,CTRA1-Q-006-1,2026-07-21 02:30:02.965479+00
7a05cb49-7e01-4b35-ba0c-3c3a92c09804,SKU-10329,Gearbox O11,CTRA1-C-039-2,2026-07-21 02:30:02.965479+00
7a0c63b5-2585-44dc-9acf-e3771940b2d7,SKU-10635,Gearbox B98,CTRA1-F-003-2,2026-07-21 02:30:02.965479+00
7a2082b6-0587-4810-8c1a-ba75e214fbdd,SKU-10980,Chassis G53,CTRA1-H-050-1,2026-07-21 02:30:02.965479+00
7a63622f-ae68-41df-b4dc-f04dc52f484d,SKU-11787,Panel P81,CTRA1-O-012-2,2026-07-21 02:30:02.965479+00
7a87a1b4-f250-46fb-9171-92aa2e1b0b68,SKU-12441,Gearbox Q56,CTRA1-T-024-2,2026-07-21 02:30:02.965479+00
7a996dee-c6d6-43d9-aeb5-f39ec415ba34,SKU-12372,Motor D75,CTRA1-S-053-1,2026-07-21 02:30:02.965479+00
7abfcde1-1f24-4cb0-9dfa-2e1b95cdbaec,SKU-11763,Body Shell H50,CTRA1-N-063-2,2026-07-21 02:30:02.965479+00
7ac10e96-3cdd-4ad8-bd66-720841249f7b,SKU-11273,Chassis R97,CTRA1-K-007-2,2026-07-21 02:30:02.965479+00
7aca589e-03c7-4821-907f-ed8296922562,SKU-12779,Sensor Component K74,CTRA1-W-004-2,2026-07-21 02:30:02.965479+00
7ae9f9cc-e3fa-4ba0-a1d2-0185a2b2a2eb,SKU-10762,Casing P42,CTRA1-G-004-1,2026-07-21 02:30:02.965479+00
7b257153-bbef-4ea6-ac25-8965faea62b3,SKU-10592,Chassis Q53,CTRA1-E-045-1,2026-07-21 02:30:02.965479+00
7b358766-8ae7-45fb-a7c2-8ca745b7eb4d,SKU-12171,Gearbox T23,CTRA1-R-015-2,2026-07-21 02:30:02.965479+00
7b649b1c-49e5-4cc6-8899-1529694f8a8d,SKU-11992,Body Shell T28,CTRA1-P-052-1,2026-07-21 02:30:02.965479+00
7b7afd2f-1c3c-40d3-8a7f-fe03685d74ef,SKU-10658,Sensor Component X62,CTRA1-F-015-1,2026-07-21 02:30:02.965479+00
7b7bf446-3f34-437f-97ef-cf00a0f8597f,SKU-11668,Motor E94,CTRA1-N-016-1,2026-07-21 02:30:02.965479+00
7b8a4e1a-af9f-491b-a179-5a1a9a77c63a,SKU-12093,Sensor Component T76,CTRA1-Q-039-2,2026-07-21 02:30:02.965479+00
7b977dee-981e-481e-bba5-1b8bf8d6e52c,SKU-10539,Wheel Axle N56,CTRA1-E-018-2,2026-07-21 02:30:02.965479+00
7bdb491b-08e6-4ad9-8feb-488c834338c0,SKU-12243,Motor G55,CTRA1-R-051-2,2026-07-21 02:30:02.965479+00
7bf10990-e64c-4324-ab5f-3aa169aee924,SKU-11916,Sensor Component Q25,CTRA1-P-014-1,2026-07-21 02:30:02.965479+00
7c038324-5080-4cbd-9781-c0d04e27df22,SKU-10491,Gearbox M12,CTRA1-D-057-2,2026-07-21 02:30:02.965479+00
7c0abe29-468e-43d9-9cf7-3738e53b6cc2,SKU-12031,Casing K36,CTRA1-Q-008-2,2026-07-21 02:30:02.965479+00
7c1a837b-01f9-462e-bac5-b45cf9dabbbe,SKU-12777,Casing Q95,CTRA1-W-003-2,2026-07-21 02:30:02.965479+00
7c2ff079-25e0-4142-916b-b26a57ecee53,SKU-11339,Casing J32,CTRA1-K-040-2,2026-07-21 02:30:02.965479+00
7c3caf33-e85b-4468-a887-5fa61229b29f,SKU-12363,Gearbox D14,CTRA1-S-048-2,2026-07-21 02:30:02.965479+00
7c503601-35cb-4e0c-931f-e96eebdb1f09,SKU-10999,Chassis Z46,CTRA1-H-059-2,2026-07-21 02:30:02.965479+00
7c51ede3-5d82-4f0d-a0e3-5a704332bd25,SKU-11334,Casing O86,CTRA1-K-038-1,2026-07-21 02:30:02.965479+00
7c56fcb8-accb-4040-9537-29ef17fa3ec5,SKU-10981,Panel Y76,CTRA1-H-050-2,2026-07-21 02:30:02.965479+00
7c738240-5649-45f2-90e8-c729e6dbf1ee,SKU-10181,Sensor Component J80,CTRA1-B-028-2,2026-07-21 02:30:02.965479+00
7cb71a75-8832-4b0b-9674-5805ff1ce159,SKU-10856,Panel F55,CTRA1-G-051-1,2026-07-21 02:30:02.965479+00
7cc4ec4c-03a2-4bde-acce-902e93815e3b,SKU-12674,Sensor Component X14,CTRA1-V-015-1,2026-07-21 02:30:02.965479+00
7cc4f4de-8956-43d1-adec-8ffc72e112ce,SKU-12374,Body Shell O59,CTRA1-S-054-1,2026-07-21 02:30:02.965479+00
7cd18184-3081-4f7a-85f8-8d89f155f219,SKU-12388,Casing Y90,CTRA1-S-061-1,2026-07-21 02:30:02.965479+00
7cd665e1-cb46-4b33-8f16-a446c163fb17,SKU-10012,Casing T8,CTRA1-A-007-1,2026-07-21 02:30:02.965479+00
7cfabc56-9b79-40a3-b1e7-1a010873e08f,SKU-11764,Motor P47,CTRA1-O-001-1,2026-07-21 02:30:02.965479+00
7d0b20f2-4ae9-407d-852b-83e0929e3b8c,SKU-10376,Panel B76,CTRA1-C-063-1,2026-07-21 02:30:02.965479+00
7d0bede7-7875-4b04-92bb-83dff8db2fad,SKU-12351,Gearbox K65,CTRA1-S-042-2,2026-07-21 02:30:02.965479+00
7d26f916-b3a5-46e3-b62a-f50a2e2727cb,SKU-12132,Chassis Y28,CTRA1-Q-059-1,2026-07-21 02:30:02.965479+00
7d2c1354-6874-44af-949f-8edd1867c0fd,SKU-12023,Body Shell S78,CTRA1-Q-004-2,2026-07-21 02:30:02.965479+00
7d654840-d6e4-44fc-bbfd-7afde2d4dfa2,SKU-10899,Panel X38,CTRA1-H-009-2,2026-07-21 02:30:02.965479+00
7d864a5f-1882-4d89-a548-76dc0c7b09ce,SKU-11708,Gearbox H20,CTRA1-N-036-1,2026-07-21 02:30:02.965479+00
7d9eef39-644c-4cb4-aee5-1ffedddeb5f2,SKU-10837,Panel H75,CTRA1-G-041-2,2026-07-21 02:30:02.965479+00
7dad407f-de80-4967-8099-ba9116bd90a2,SKU-12514,Gearbox F82,CTRA1-T-061-1,2026-07-21 02:30:02.965479+00
7dc5a8c2-abf8-4307-88e0-ee950586ebb9,SKU-10486,Gearbox K93,CTRA1-D-055-1,2026-07-21 02:30:02.965479+00
7de11a68-12c9-4e6f-ab4e-7a3c85e3af7f,SKU-12869,Body Shell A96,CTRA1-W-049-2,2026-07-21 02:30:02.965479+00
7df2e0fa-4147-4134-b8cb-65584e89d1af,SKU-11155,Panel L12,CTRA1-J-011-2,2026-07-21 02:30:02.965479+00
7e08be86-87f5-477c-be3a-51729fbf9a1c,SKU-12883,Casing W45,CTRA1-W-056-2,2026-07-21 02:30:02.965479+00
7e49563a-2e8f-4d52-8352-6b39a7ceeb5f,SKU-12455,Gearbox R20,CTRA1-T-031-2,2026-07-21 02:30:02.965479+00
7e6029f0-c41e-4888-9463-5ddb923accc5,SKU-10206,Sensor Component G31,CTRA1-B-041-1,2026-07-21 02:30:02.965479+00
7ea8df95-4a0f-41bc-a408-3ee38578eaaf,SKU-10779,Panel E83,CTRA1-G-012-2,2026-07-21 02:30:02.965479+00
7eb0c416-ea50-4b92-948a-4c580f17f5bd,SKU-12576,Sensor Component E3,CTRA1-U-029-1,2026-07-21 02:30:02.965479+00
7ebe23a8-0a34-4575-b10d-867e13e610d7,SKU-11747,Motor V72,CTRA1-N-055-2,2026-07-21 02:30:02.965479+00
7ec346b7-14b7-46b8-a6e4-a2b211fccfaf,SKU-10295,Body Shell B29,CTRA1-C-022-2,2026-07-21 02:30:02.965479+00
7ecbdcb7-748c-4eb1-99a3-6eccdd8860ab,SKU-12548,Wheel Axle D65,CTRA1-U-015-1,2026-07-21 02:30:02.965479+00
7ed92908-7131-436c-8bbe-9e1918a86397,SKU-12550,Casing P92,CTRA1-U-016-1,2026-07-21 02:30:02.965479+00
7eec99c9-0d5c-45e3-9506-6b3623f0635b,SKU-12499,Motor J18,CTRA1-T-053-2,2026-07-21 02:30:02.965479+00
7ef92e57-f460-4f24-94d2-c901072ce42d,SKU-11942,Chassis K66,CTRA1-P-027-1,2026-07-21 02:30:02.965479+00
7f050053-4c4b-4a67-93c0-37e836ea0cb6,SKU-12753,Motor U40,CTRA1-V-054-2,2026-07-21 02:30:02.965479+00
7f2423a6-7365-4f71-8d27-91560dd86a91,SKU-10481,Wheel Axle W68,CTRA1-D-052-2,2026-07-21 02:30:02.965479+00
7f4469ef-2373-42e3-a9cc-4a2e5b4a18a4,SKU-11963,Chassis P77,CTRA1-P-037-2,2026-07-21 02:30:02.965479+00
7f5af87a-1499-4f5d-82e6-5cec022a5fc8,SKU-11370,Casing F98,CTRA1-K-056-1,2026-07-21 02:30:02.965479+00
7f69ce79-050c-45bc-bdfa-83bc9c6bdc0d,SKU-10287,Casing Q27,CTRA1-C-018-2,2026-07-21 02:30:02.965479+00
7f732fb0-45af-449f-9c3a-1a430ed3c0f9,SKU-11758,Casing R64,CTRA1-N-061-1,2026-07-21 02:30:02.965479+00
7f791df6-73aa-4646-86b7-24ac96096ad4,SKU-11497,Casing M43,CTRA1-L-056-2,2026-07-21 02:30:02.965479+00
7f86378f-1d1f-43c7-bee1-93f199b4f98b,SKU-10077,Body Shell T88,CTRA1-A-039-2,2026-07-21 02:30:02.965479+00
7f99dbf7-9a61-44ac-807b-02b0bcfd6801,SKU-11895,Wheel Axle G45,CTRA1-P-003-2,2026-07-21 02:30:02.965479+00
7fb6102f-6d0a-4c5f-8935-2696ad2d07d9,SKU-11858,Casing F43,CTRA1-O-048-1,2026-07-21 02:30:02.965479+00
7fb994f2-1a46-48b1-9210-7a1bcbe77373,SKU-11382,Body Shell X94,CTRA1-K-062-1,2026-07-21 02:30:02.965479+00
7fc01212-d883-4ed5-926e-92d56dbb5b54,SKU-10149,Casing W93,CTRA1-B-012-2,2026-07-21 02:30:02.965479+00
7fcb2743-ff57-491c-9235-4d384a42bdef,SKU-12921,Body Shell L33,CTRA1-X-012-2,2026-07-21 02:30:02.965479+00
7fd43452-265e-4ae7-aa2a-9c9d51b69f59,SKU-12007,Panel V72,CTRA1-P-059-2,2026-07-21 02:30:02.965479+00
7ff143e0-3cd9-4aca-945e-25dc2fb3c3e6,SKU-10321,Body Shell I89,CTRA1-C-035-2,2026-07-21 02:30:02.965479+00
80273a98-8164-4de2-ad7c-36b4763e5468,SKU-12071,Gearbox J43,CTRA1-Q-028-2,2026-07-21 02:30:02.965479+00
8031a61a-98df-408a-8797-985c90de299a,SKU-12724,Wheel Axle J63,CTRA1-V-040-1,2026-07-21 02:30:02.965479+00
8043837f-00e9-4983-82f2-f14248752aee,SKU-11865,Wheel Axle S60,CTRA1-O-051-2,2026-07-21 02:30:02.965479+00
806044df-6e34-403d-bac9-00c5c68fcfe5,SKU-11210,Casing K13,CTRA1-J-039-1,2026-07-21 02:30:02.965479+00
8069188b-46a4-4c35-b1ce-7a5ae19c0eb4,SKU-11131,Motor V65,CTRA1-I-062-2,2026-07-21 02:30:02.965479+00
809bbdfd-8810-43a9-aad2-114bbc17f755,SKU-11670,Wheel Axle C91,CTRA1-N-017-1,2026-07-21 02:30:02.965479+00
80b12100-a210-4325-b09c-e449f27d4105,SKU-10767,Motor C4,CTRA1-G-006-2,2026-07-21 02:30:02.965479+00
80bd6918-9c79-4bc6-9c12-c74139c13436,SKU-12246,Chassis P28,CTRA1-R-053-1,2026-07-21 02:30:02.965479+00
8121e58b-9529-45e8-9bee-a37975f33616,SKU-10918,Body Shell L32,CTRA1-H-019-1,2026-07-21 02:30:02.965479+00
8146946f-d2a6-4733-93f7-a6c177f67877,SKU-11884,Wheel Axle Y52,CTRA1-O-061-1,2026-07-21 02:30:02.965479+00
815c7819-944c-4e5f-b6d4-02a538060fcd,SKU-12506,Body Shell G21,CTRA1-T-057-1,2026-07-21 02:30:02.965479+00
8174c822-e843-4014-8ac3-cad50e62273e,SKU-10436,Motor D45,CTRA1-D-030-1,2026-07-21 02:30:02.965479+00
817b4df5-e540-4904-b8c1-863a1106dd8a,SKU-11025,Wheel Axle C20,CTRA1-I-009-2,2026-07-21 02:30:02.965479+00
817db8fc-607a-4bbe-8d89-5266f8f271b8,SKU-12612,Chassis W25,CTRA1-U-047-1,2026-07-21 02:30:02.965479+00
8190347b-a593-4528-a775-429f089e9cb1,SKU-11515,Casing E58,CTRA1-M-002-2,2026-07-21 02:30:02.965479+00
81b13bd0-cd90-4f54-b3dc-40c6bdcc3a29,SKU-11027,Wheel Axle V11,CTRA1-I-010-2,2026-07-21 02:30:02.965479+00
81c09ea3-a8ab-4ccf-b7c7-fb604ea5bf3a,SKU-10088,Motor C51,CTRA1-A-045-1,2026-07-21 02:30:02.965479+00
81c53095-f776-4719-87d0-080022422e04,SKU-10726,Wheel Axle E85,CTRA1-F-049-1,2026-07-21 02:30:02.965479+00
81d594be-b517-4e9a-90d9-ec9a6fb722d3,SKU-10884,Motor C78,CTRA1-H-002-1,2026-07-21 02:30:02.965479+00
820149f5-59a4-4fd5-8709-bccc6503c4a6,SKU-12385,Casing N4,CTRA1-S-059-2,2026-07-21 02:30:02.965479+00
824e0b2c-0b99-4c98-94d1-67b039828c8f,SKU-10312,Sensor Component I95,CTRA1-C-031-1,2026-07-21 02:30:02.965479+00
825747f9-b7a1-447b-8e00-87353ca00431,SKU-12052,Motor U17,CTRA1-Q-019-1,2026-07-21 02:30:02.965479+00
825ae9d7-8be1-4d38-be16-b65f47ac6d15,SKU-12136,Gearbox E23,CTRA1-Q-061-1,2026-07-21 02:30:02.965479+00
8269f102-24da-4ff0-8746-dc803fd8800e,SKU-10233,Panel D26,CTRA1-B-054-2,2026-07-21 02:30:02.965479+00
8286b9d9-4b2c-454a-bbdd-fb5af39cd069,SKU-11618,Gearbox J68,CTRA1-M-054-1,2026-07-21 02:30:02.965479+00
82bc2305-9dea-4d28-a70a-8cd7a5f07153,SKU-12637,Panel W73,CTRA1-U-059-2,2026-07-21 02:30:02.965479+00
82ce9c0a-73fc-421c-93df-958c91e12fb3,SKU-10448,Wheel Axle B69,CTRA1-D-036-1,2026-07-21 02:30:02.965479+00
82f3a940-83cd-4044-bf89-56b0ab848fbf,SKU-12043,Body Shell L76,CTRA1-Q-014-2,2026-07-21 02:30:02.965479+00
8318a1cb-4bda-46cf-85b3-8fa030556914,SKU-11970,Wheel Axle A20,CTRA1-P-041-1,2026-07-21 02:30:02.965479+00
832779e0-8327-4c3d-8637-5b746690a3b1,SKU-11151,Casing T26,CTRA1-J-009-2,2026-07-21 02:30:02.965479+00
8344bdf7-fd47-495e-9dd4-3e3c7ccaf4eb,SKU-10906,Wheel Axle Z88,CTRA1-H-013-1,2026-07-21 02:30:02.965479+00
83634e51-0fb1-4cac-9967-611835ecfdf9,SKU-11972,Body Shell Z9,CTRA1-P-042-1,2026-07-21 02:30:02.965479+00
837df2df-78ae-4db3-b5af-62629ebe9396,SKU-10860,Chassis G22,CTRA1-G-053-1,2026-07-21 02:30:02.965479+00
83b061f1-f3de-440c-a814-251b9ae0c8dc,SKU-11384,Motor Z33,CTRA1-K-063-1,2026-07-21 02:30:02.965479+00
83bf870c-e42c-4377-9fe2-797f1ef5f670,SKU-10669,Body Shell O88,CTRA1-F-020-2,2026-07-21 02:30:02.965479+00
83c7dff5-1233-43f4-a527-4161eb8ff3bc,SKU-12251,Panel M77,CTRA1-R-055-2,2026-07-21 02:30:02.965479+00
83c8762c-c989-4dc8-aebc-2a4461eea64b,SKU-11012,Wheel Axle I32,CTRA1-I-003-1,2026-07-21 02:30:02.965479+00
83c9ebdc-bfc9-42cf-a51a-1d238825f385,SKU-12671,Casing S39,CTRA1-V-013-2,2026-07-21 02:30:02.965479+00
83d73776-f996-46c2-89bd-ca3bd11bf2de,SKU-12336,Body Shell X40,CTRA1-S-035-1,2026-07-21 02:30:02.965479+00
83fe2d68-723f-4033-9c48-77c934562dc3,SKU-11236,Casing F9,CTRA1-J-052-1,2026-07-21 02:30:02.965479+00
842eb4f7-e165-4dc6-bb83-ac6849f0eaa9,SKU-12176,Sensor Component N13,CTRA1-R-018-1,2026-07-21 02:30:02.965479+00
8453fc94-1051-48d6-9135-552c112ef725,SKU-12453,Body Shell M49,CTRA1-T-030-2,2026-07-21 02:30:02.965479+00
8459229c-993f-4887-ab30-a35ef89afe5a,SKU-10098,Chassis F78,CTRA1-A-050-1,2026-07-21 02:30:02.965479+00
84a4a58b-ad04-4f2c-97da-7c4c6690b10a,SKU-10986,Casing L8,CTRA1-H-053-1,2026-07-21 02:30:02.965479+00
84cd58f4-28a2-4579-87f0-f68fc8e63a75,SKU-11575,Gearbox R79,CTRA1-M-032-2,2026-07-21 02:30:02.965479+00
84df7260-50c6-439e-be3a-7242b5fea58a,SKU-10600,Gearbox U43,CTRA1-E-049-1,2026-07-21 02:30:02.965479+00
84e71f79-9a4a-4ce7-90c6-818340b6eb90,SKU-12186,Gearbox D75,CTRA1-R-023-1,2026-07-21 02:30:02.965479+00
850f10a6-c405-42be-ade0-999289d59d95,SKU-11789,Gearbox S8,CTRA1-O-013-2,2026-07-21 02:30:02.965479+00
8512bad0-e2c6-40f7-9005-1b7761aa2138,SKU-12694,Gearbox B78,CTRA1-V-025-1,2026-07-21 02:30:02.965479+00
85290c3d-47e0-440e-83c8-060ce6bae28f,SKU-10317,Wheel Axle E81,CTRA1-C-033-2,2026-07-21 02:30:02.965479+00
852fe6af-538c-4de7-8276-4b5935f368d6,SKU-10764,Wheel Axle J42,CTRA1-G-005-1,2026-07-21 02:30:02.965479+00
853bc41a-44e5-41af-92b3-fd0af40781b5,SKU-11053,Gearbox W32,CTRA1-I-023-2,2026-07-21 02:30:02.965479+00
853cc54c-266a-42af-8352-66122f37e332,SKU-10927,Casing R5,CTRA1-H-023-2,2026-07-21 02:30:02.965479+00
854130da-99aa-4c38-a34e-768943a71a61,SKU-10967,Motor Q33,CTRA1-H-043-2,2026-07-21 02:30:02.965479+00
8553f693-8b25-4851-a750-5faae3a0aa2d,SKU-13022,Wheel Axle E13,CTRA1-X-063-1,2026-07-21 02:30:02.965479+00
85771d9e-8bf6-42c5-8e89-8a83a2f6841d,SKU-11807,Panel B63,CTRA1-O-022-2,2026-07-21 02:30:02.965479+00
85a0ca0a-e0c5-4fb7-b0dd-ea98dde20a1a,SKU-10219,Panel V83,CTRA1-B-047-2,2026-07-21 02:30:02.965479+00
85b6626a-aa1c-40a2-90f0-bb98817a754f,SKU-11442,Gearbox X5,CTRA1-L-029-1,2026-07-21 02:30:02.965479+00
85c08c2b-a0bc-4ba4-9d9c-f5da66801e51,SKU-11579,Sensor Component J32,CTRA1-M-034-2,2026-07-21 02:30:02.965479+00
85c8b438-ec85-4e97-b811-65d5bda560f8,SKU-12930,Body Shell U69,CTRA1-X-017-1,2026-07-21 02:30:02.965479+00
85d02a24-7aba-48e4-86c2-7331dbf7d428,SKU-10398,Casing P14,CTRA1-D-011-1,2026-07-21 02:30:02.965479+00
85e6f235-6626-4e6c-a482-69651778d3e2,SKU-10338,Motor E39,CTRA1-C-044-1,2026-07-21 02:30:02.965479+00
86122987-6036-431e-b51d-8259292dc9c5,SKU-10071,Wheel Axle S76,CTRA1-A-036-2,2026-07-21 02:30:02.965479+00
861b6f71-32b3-4125-ac54-59ce86837896,SKU-10453,Motor G61,CTRA1-D-038-2,2026-07-21 02:30:02.965479+00
861f0e30-57ae-4b07-a41a-0d20f3f43132,SKU-11449,Gearbox V40,CTRA1-L-032-2,2026-07-21 02:30:02.965479+00
86540cfe-e297-4509-8b4a-fe33ad45f958,SKU-12827,Wheel Axle N69,CTRA1-W-028-2,2026-07-21 02:30:02.965479+00
865f5c7e-3f6c-4c3f-b806-e56314ffce0f,SKU-11590,Gearbox N32,CTRA1-M-040-1,2026-07-21 02:30:02.965479+00
8662ce10-8e61-4ec4-86db-3b943ee19f11,SKU-10971,Body Shell T36,CTRA1-H-045-2,2026-07-21 02:30:02.965479+00
86690330-8639-402c-8ac6-c58f2987708c,SKU-11792,Motor J84,CTRA1-O-015-1,2026-07-21 02:30:02.965479+00
86849ad6-66e4-45fe-9c0b-ed1ea98beddb,SKU-12496,Casing R12,CTRA1-T-052-1,2026-07-21 02:30:02.965479+00
86a32304-adae-4e83-b13a-41b6bdb09469,SKU-11029,Panel P42,CTRA1-I-011-2,2026-07-21 02:30:02.965479+00
86c14eaa-623d-462a-bd44-9919e28fd19e,SKU-10229,Gearbox K54,CTRA1-B-052-2,2026-07-21 02:30:02.965479+00
86d64361-b095-4ef6-a97c-28659a14c570,SKU-10870,Motor K50,CTRA1-G-058-1,2026-07-21 02:30:02.965479+00
86daab4c-b566-42ed-af58-55df33700cc9,SKU-10747,Casing Q53,CTRA1-F-059-2,2026-07-21 02:30:02.965479+00
86dd248c-3d51-43dd-a811-f265b4660016,SKU-11331,Chassis F83,CTRA1-K-036-2,2026-07-21 02:30:02.965479+00
86dda141-5d84-4624-b43a-f6228ad5ca56,SKU-11320,Motor D7,CTRA1-K-031-1,2026-07-21 02:30:02.965479+00
86e474d6-34b7-42f6-8641-c682249ecf07,SKU-11135,Gearbox E93,CTRA1-I-064-2,2026-07-21 02:30:02.965479+00
86e9e52c-5fd3-4f0f-bbfa-60cfa5da6093,SKU-11052,Wheel Axle S1,CTRA1-I-023-1,2026-07-21 02:30:02.965479+00
871d4a91-b82e-4b5c-9783-4af3cd87f34a,SKU-11089,Panel F48,CTRA1-I-041-2,2026-07-21 02:30:02.965479+00
873a75eb-97e8-4659-a409-211f9ced6221,SKU-11826,Casing U18,CTRA1-O-032-1,2026-07-21 02:30:02.965479+00
873f5963-cffe-42fa-b4de-b2263be00a6a,SKU-10836,Panel R71,CTRA1-G-041-1,2026-07-21 02:30:02.965479+00
87580bc3-3dfc-4821-bc65-13da035385ad,SKU-11510,Body Shell Q7,CTRA1-L-063-1,2026-07-21 02:30:02.965479+00
877202e1-27ce-4368-94bb-68704a0284f3,SKU-11002,Body Shell U56,CTRA1-H-061-1,2026-07-21 02:30:02.965479+00
87749cc9-ae22-4174-be05-eff5c2df19ed,SKU-12838,Wheel Axle U46,CTRA1-W-034-1,2026-07-21 02:30:02.965479+00
87a9b931-6c03-4b98-9797-37dd2b92acb3,SKU-12699,Sensor Component H28,CTRA1-V-027-2,2026-07-21 02:30:02.965479+00
87b3829b-d020-4f85-8311-a1cf545bf99f,SKU-10186,Casing J44,CTRA1-B-031-1,2026-07-21 02:30:02.965479+00
87c1b68a-5567-4bc0-aa8c-f72c91209ec8,SKU-10325,Motor J79,CTRA1-C-037-2,2026-07-21 02:30:02.965479+00
87e568dd-2c8c-4911-8ea2-eccb6a593065,SKU-12974,Motor N87,CTRA1-X-039-1,2026-07-21 02:30:02.965479+00
88086a81-d1af-4fa6-bd5e-d7bee73b0965,SKU-10787,Gearbox B35,CTRA1-G-016-2,2026-07-21 02:30:02.965479+00
8833b3aa-a051-424f-81ac-12fd2abb06de,SKU-10590,Wheel Axle W69,CTRA1-E-044-1,2026-07-21 02:30:02.965479+00
884f20e2-2fd0-4e7b-aa4a-3eb1908b7fee,SKU-10714,Motor H72,CTRA1-F-043-1,2026-07-21 02:30:02.965479+00
885c4599-3313-4418-93e9-3f8c3fc2e8b3,SKU-12157,Sensor Component H77,CTRA1-R-008-2,2026-07-21 02:30:02.965479+00
886f546d-f349-47be-a904-69c5ee68a6e7,SKU-12015,Wheel Axle I56,CTRA1-P-063-2,2026-07-21 02:30:02.965479+00
88747450-e4c3-4dac-8d87-6ed008842393,SKU-12642,Chassis J41,CTRA1-U-062-1,2026-07-21 02:30:02.965479+00
888b9db3-8a83-4e0f-9e06-c16437dee4cb,SKU-11223,Wheel Axle C74,CTRA1-J-045-2,2026-07-21 02:30:02.965479+00
889587e0-7bdb-4f61-94f9-f231ccfe14f8,SKU-10604,Chassis T97,CTRA1-E-051-1,2026-07-21 02:30:02.965479+00
8897768a-c8ff-4d81-8b50-61bbd6a5ae62,SKU-10367,Chassis D51,CTRA1-C-058-2,2026-07-21 02:30:02.965479+00
889fd306-8061-426f-9c5b-c101a008d58a,SKU-12392,Sensor Component K37,CTRA1-S-063-1,2026-07-21 02:30:02.965479+00
88a68886-c918-47cd-8684-bf4812bd1a84,SKU-10130,Body Shell A81,CTRA1-B-003-1,2026-07-21 02:30:02.965479+00
88b9a5a4-c993-4aca-a072-92d1edd8cc4f,SKU-12533,Motor D35,CTRA1-U-007-2,2026-07-21 02:30:02.965479+00
88c66c89-ce63-470c-99eb-6d9dd4cf0af9,SKU-12657,Chassis Z90,CTRA1-V-006-2,2026-07-21 02:30:02.965479+00
88efd3cc-08ff-4fa3-940d-c1f0b6cf45ff,SKU-10319,Wheel Axle D50,CTRA1-C-034-2,2026-07-21 02:30:02.965479+00
8911d8e1-e3e4-4cb9-ba97-4eb01d03cd9d,SKU-10983,Casing Y50,CTRA1-H-051-2,2026-07-21 02:30:02.965479+00
891a860c-52c9-492d-a19a-b2f6d0edae75,SKU-10540,Gearbox J27,CTRA1-E-019-1,2026-07-21 02:30:02.965479+00
891d15d5-0094-4e41-9519-2266e9274dd2,SKU-12235,Casing S19,CTRA1-R-047-2,2026-07-21 02:30:02.965479+00
8925b917-bd02-4699-a985-f8fbb28fce85,SKU-11009,Motor K42,CTRA1-I-001-2,2026-07-21 02:30:02.965479+00
893a6ff7-551e-43e7-92d5-e8eac5e910b7,SKU-12608,Motor Z53,CTRA1-U-045-1,2026-07-21 02:30:02.965479+00
89711403-8ed6-4917-bd57-aeb7017075d0,SKU-12189,Casing P91,CTRA1-R-024-2,2026-07-21 02:30:02.965479+00
8973e395-f300-49a8-8af5-86e30d949ada,SKU-11610,Motor G11,CTRA1-M-050-1,2026-07-21 02:30:02.965479+00
89ae1289-83a9-48fe-ae80-1370d0db83d8,SKU-11158,Motor M15,CTRA1-J-013-1,2026-07-21 02:30:02.965479+00
89cc235d-f7de-4b8a-bc85-456bfea7f4e3,SKU-10197,Body Shell Q84,CTRA1-B-036-2,2026-07-21 02:30:02.965479+00
89e9566b-066f-4a22-acd5-bfacfcf7db10,SKU-12494,Body Shell F3,CTRA1-T-051-1,2026-07-21 02:30:02.965479+00
89ec9c92-6e83-459b-886c-b6675a18628c,SKU-11315,Chassis S50,CTRA1-K-028-2,2026-07-21 02:30:02.965479+00
8a06e2b8-c5ef-4132-bf7e-9cc64248f61d,SKU-11090,Chassis F71,CTRA1-I-042-1,2026-07-21 02:30:02.965479+00
8a0ca391-84ba-4a5a-9bc5-f6bea532e047,SKU-10081,Wheel Axle L46,CTRA1-A-041-2,2026-07-21 02:30:02.965479+00
8a22615b-af93-4c51-8fda-bb4be5edf2f6,SKU-10067,Casing Q85,CTRA1-A-034-2,2026-07-21 02:30:02.965479+00
8a7190a4-7d01-4a48-9407-fb98c1220a63,HW-TM-01,Diecast Metal Chassis (Twin Mill),CTRA1-B-010-1,2026-07-21 02:30:02.965479+00
8a9b902d-6bf9-4664-85eb-a45a463f1bbe,SKU-12518,Sensor Component J79,CTRA1-T-063-1,2026-07-21 02:30:02.965479+00
8aa5a573-3982-44d0-a814-14f0cb306e14,SKU-12270,Body Shell K87,CTRA1-S-002-1,2026-07-21 02:30:02.965479+00
8aa97eef-6932-4613-8682-03c593f77060,SKU-12822,Gearbox Z9,CTRA1-W-026-1,2026-07-21 02:30:02.965479+00
8acaff3d-daa4-47c1-89b0-fe3d3f58f22c,SKU-11811,Sensor Component C92,CTRA1-O-024-2,2026-07-21 02:30:02.965479+00
8adbd083-0a35-41f8-be50-3dc69cbcfda7,SKU-12789,Motor X80,CTRA1-W-009-2,2026-07-21 02:30:02.965479+00
8aea455d-419a-432b-8b70-9e1cf6693506,SKU-11061,Chassis B33,CTRA1-I-027-2,2026-07-21 02:30:02.965479+00
8af3c8a9-61f2-42d1-ad02-421516b99997,SKU-11100,Panel X94,CTRA1-I-047-1,2026-07-21 02:30:02.965479+00
8b282519-4381-4a8d-84b5-77c94514561b,SKU-11943,Wheel Axle T58,CTRA1-P-027-2,2026-07-21 02:30:02.965479+00
8b4f2168-001b-4ca3-a1ef-aa941844ce67,SKU-12513,Panel L16,CTRA1-T-060-2,2026-07-21 02:30:02.965479+00
8b64d762-ac9f-4440-81b4-4aad70d4ff9a,SKU-10821,Wheel Axle K35,CTRA1-G-033-2,2026-07-21 02:30:02.965479+00
8b758f64-97e9-4719-bfea-d34fe45bdee4,SKU-12942,Casing G2,CTRA1-X-023-1,2026-07-21 02:30:02.965479+00
8b77ff02-dcfc-4e1a-ad94-2ab25e99cf4e,SKU-11073,Chassis E23,CTRA1-I-033-2,2026-07-21 02:30:02.965479+00
8b84d036-deef-47f2-b07f-9e791c4373ae,SKU-10261,Motor D31,CTRA1-C-005-2,2026-07-21 02:30:02.965479+00
8bc47fad-d1ec-47d6-8980-26834759fc46,SKU-10802,Panel V90,CTRA1-G-024-1,2026-07-21 02:30:02.965479+00
8bcc258b-44f9-4598-92de-4d750266e541,SKU-11219,Gearbox P45,CTRA1-J-043-2,2026-07-21 02:30:02.965479+00
8bceed18-bdd8-48f3-92fa-b9b3697ef953,SKU-12841,Casing F48,CTRA1-W-035-2,2026-07-21 02:30:02.965479+00
8bd82ff8-8766-45c3-9a49-f5a6a457a54c,SKU-10769,Motor P78,CTRA1-G-007-2,2026-07-21 02:30:02.965479+00
8bdc35bf-00e2-49f1-9619-07ed69bf4758,SKU-11114,Wheel Axle G58,CTRA1-I-054-1,2026-07-21 02:30:02.965479+00
8bef680c-c05f-4df2-8fcc-1db1c3736463,SKU-12371,Motor R72,CTRA1-S-052-2,2026-07-21 02:30:02.965479+00
8bf94617-32f4-455e-92c1-8429c025049e,SKU-11653,Panel P53,CTRA1-N-008-2,2026-07-21 02:30:02.965479+00
8c1ff882-5a65-4b54-b92e-9fbd73660b29,SKU-10657,Motor K4,CTRA1-F-014-2,2026-07-21 02:30:02.965479+00
8c271b61-5ec0-4697-9d1d-b1f7c9a473db,SKU-11762,Gearbox Y34,CTRA1-N-063-1,2026-07-21 02:30:02.965479+00
8c2f3c71-82f0-4366-9e91-377393cc0a0b,SKU-12130,Gearbox Y99,CTRA1-Q-058-1,2026-07-21 02:30:02.965479+00
8c4a0141-7636-44b8-a6c1-0c42e32689e3,SKU-12337,Sensor Component N60,CTRA1-S-035-2,2026-07-21 02:30:02.965479+00
8c680cb6-cfb2-4340-8648-15eddd434347,SKU-12697,Casing Y14,CTRA1-V-026-2,2026-07-21 02:30:02.965479+00
8c8402d0-ad94-44a0-a0e0-088263aec8a1,SKU-12064,Chassis Y86,CTRA1-Q-025-1,2026-07-21 02:30:02.965479+00
8ca25102-3d83-431e-8f2a-5db06b280b0e,SKU-12025,Panel E31,CTRA1-Q-005-2,2026-07-21 02:30:02.965479+00
8ccc9475-6a62-476c-a54a-5840f0d67ba6,SKU-12314,Wheel Axle E76,CTRA1-S-024-1,2026-07-21 02:30:02.965479+00
8cd1606b-4382-4502-90e5-d5a47f5727eb,SKU-10942,Panel Y85,CTRA1-H-031-1,2026-07-21 02:30:02.965479+00
8cdb7cbf-0f87-4f96-a073-566f369b0c82,SKU-10872,Body Shell F56,CTRA1-G-059-1,2026-07-21 02:30:02.965479+00
8cdd3f57-3e17-4975-b3bd-e0b8e413ab15,SKU-12856,Body Shell X21,CTRA1-W-043-1,2026-07-21 02:30:02.965479+00
8cf3c786-7fc5-4529-b504-2d1e5a578a91,SKU-11211,Casing S45,CTRA1-J-039-2,2026-07-21 02:30:02.965479+00
8d34db9f-a31c-4fca-8c17-0b6799dbed1f,SKU-10308,Gearbox H95,CTRA1-C-029-1,2026-07-21 02:30:02.965479+00
8d35a826-731a-44ac-b792-fc9081867073,SKU-10008,Panel I87,CTRA1-A-005-1,2026-07-21 02:30:02.965479+00
8d5621aa-1ab8-4ef8-9d44-762ea61023ee,SKU-10242,Casing H39,CTRA1-B-059-1,2026-07-21 02:30:02.965479+00
8d6355d8-e5ba-40d0-b1b7-2cebd9aadf7c,SKU-10516,Motor B52,CTRA1-E-007-1,2026-07-21 02:30:02.965479+00
8d7bd0cc-b74a-41a1-9707-a8cdc996a5af,SKU-11344,Casing K2,CTRA1-K-043-1,2026-07-21 02:30:02.965479+00
8d7dc181-6785-46ae-9291-353cfab4fbbc,SKU-11969,Sensor Component D82,CTRA1-P-040-2,2026-07-21 02:30:02.965479+00
8db2bdf2-dc57-40c1-9d8f-62dd185223eb,SKU-10417,Panel I22,CTRA1-D-020-2,2026-07-21 02:30:02.965479+00
8dc90a43-3d6b-483f-8ade-57ab798a7d2f,SKU-11799,Panel D23,CTRA1-O-018-2,2026-07-21 02:30:02.965479+00
8dd041a6-75e4-4b83-9816-a55e46281f4d,SKU-12690,Motor I80,CTRA1-V-023-1,2026-07-21 02:30:02.965479+00
8ddbe64a-041b-43f6-ac3c-8206eb687022,SKU-11849,Chassis S1,CTRA1-O-043-2,2026-07-21 02:30:02.965479+00
8debfb4d-0c62-409a-a3d4-20d84769f615,SKU-10134,Sensor Component X49,CTRA1-B-005-1,2026-07-21 02:30:02.965479+00
8e09de0b-a794-49f7-87b4-4d1230d35b8e,SKU-11285,Casing K4,CTRA1-K-013-2,2026-07-21 02:30:02.965479+00
8e0df990-09d8-499d-8942-25482ff19634,SKU-10306,Wheel Axle K50,CTRA1-C-028-1,2026-07-21 02:30:02.965479+00
8e1576b6-774c-4f82-a8bf-f848b862860d,SKU-11066,Gearbox C34,CTRA1-I-030-1,2026-07-21 02:30:02.965479+00
8e37b5fe-eaa1-470f-b302-d32b5d5c6c46,SKU-10100,Panel H42,CTRA1-A-051-1,2026-07-21 02:30:02.965479+00
8e475f9a-eaa9-498c-9679-ecd9f5b173dd,SKU-12914,Panel Q40,CTRA1-X-009-1,2026-07-21 02:30:02.965479+00
8e6680a8-4413-4278-9c83-d8120e6737ee,SKU-11055,Wheel Axle Q56,CTRA1-I-024-2,2026-07-21 02:30:02.965479+00
8e674143-d248-4d50-9199-7438f12e865b,SKU-11042,Body Shell L59,CTRA1-I-018-1,2026-07-21 02:30:02.965479+00
8e9c3585-5c1b-41f7-b460-9dfd1c7c2ae8,SKU-11735,Gearbox R52,CTRA1-N-049-2,2026-07-21 02:30:02.965479+00
8ea74c65-1064-4c96-9abc-a2d84ef295f7,SKU-12059,Wheel Axle X89,CTRA1-Q-022-2,2026-07-21 02:30:02.965479+00
8eafb8d7-5ada-4307-9ebb-b94d1a59cb92,SKU-12465,Wheel Axle E70,CTRA1-T-036-2,2026-07-21 02:30:02.965479+00
8ec28508-af7d-421e-aa9c-77718fcfc771,SKU-12213,Casing H79,CTRA1-R-036-2,2026-07-21 02:30:02.965479+00
8ed654f7-1bf2-44c0-9d94-3d67fc9fc84a,SKU-12944,Panel C51,CTRA1-X-024-1,2026-07-21 02:30:02.965479+00
8ef3b7ee-4444-4e84-9856-acd15e20a674,SKU-12508,Chassis L51,CTRA1-T-058-1,2026-07-21 02:30:02.965479+00
8f08deab-520a-491a-bad0-c6fec6483a6d,SKU-10126,Wheel Axle F85,CTRA1-A-064-1,2026-07-21 02:30:02.965479+00
8f188299-9397-45b4-8d03-1d0d663c5224,SKU-12661,Sensor Component W92,CTRA1-V-008-2,2026-07-21 02:30:02.965479+00
8f577b2f-53d7-4dcb-9895-b2af3e83dc2e,SKU-11019,Wheel Axle B9,CTRA1-I-006-2,2026-07-21 02:30:02.965479+00
8f8480db-e6ba-4d09-9b8d-64721f9d49d5,SKU-11788,Wheel Axle Z17,CTRA1-O-013-1,2026-07-21 02:30:02.965479+00
8f8fb995-665a-4d7c-afe2-0bc98a1e26e9,SKU-12092,Gearbox N42,CTRA1-Q-039-1,2026-07-21 02:30:02.965479+00
8fa22d3b-10e7-4346-9172-8da1a2d4b8e9,SKU-11165,Wheel Axle W69,CTRA1-J-016-2,2026-07-21 02:30:02.965479+00
8fb6fe8d-d119-4384-bf81-41fff508ac6f,SKU-11015,Panel Y49,CTRA1-I-004-2,2026-07-21 02:30:02.965479+00
8fb8a8ac-567c-4a39-97d9-2b5b0e3a7472,SKU-10868,Body Shell R79,CTRA1-G-057-1,2026-07-21 02:30:02.965479+00
8fc3a753-3fa0-4a54-8586-3c821141bc30,SKU-11243,Body Shell Q59,CTRA1-J-055-2,2026-07-21 02:30:02.965479+00
8fc3ed8e-5cf3-4313-9c98-a5671dbf2abc,SKU-11096,Panel P49,CTRA1-I-045-1,2026-07-21 02:30:02.965479+00
8fdd1388-af40-46b4-9aae-f73898e7e37d,SKU-12379,Casing M50,CTRA1-S-056-2,2026-07-21 02:30:02.965479+00
90035720-b66f-4307-947d-8d7ea5900ba6,SKU-12719,Casing J91,CTRA1-V-037-2,2026-07-21 02:30:02.965479+00
900cd8cd-21e8-459f-97ff-d25be09b5360,SKU-11110,Casing U6,CTRA1-I-052-1,2026-07-21 02:30:02.965479+00
9015df4d-68a3-43d4-8ba8-9902bd1e6630,SKU-12280,Body Shell L94,CTRA1-S-007-1,2026-07-21 02:30:02.965479+00
9018135e-e202-4450-9c76-1f6f8bec9e40,SKU-10777,Chassis D77,CTRA1-G-011-2,2026-07-21 02:30:02.965479+00
90238e90-8e9d-4415-a0af-2b5e66fb2bd0,SKU-10250,Sensor Component E35,CTRA1-B-063-1,2026-07-21 02:30:02.965479+00
902a4f75-1103-40ed-836b-948b521b20c2,SKU-10040,Gearbox P75,CTRA1-A-021-1,2026-07-21 02:30:02.965479+00
902d1ffe-e6d1-4eae-a053-940893bab1ef,SKU-12224,Gearbox J41,CTRA1-R-042-1,2026-07-21 02:30:02.965479+00
90559acd-053c-4b9e-be4b-d1d97f24a530,SKU-11424,Body Shell P5,CTRA1-L-020-1,2026-07-21 02:30:02.965479+00
9068cc5f-d2c8-4fb7-80c1-98d70e7a26ba,SKU-10357,Body Shell V19,CTRA1-C-053-2,2026-07-21 02:30:02.965479+00
90727780-a40c-4162-8300-362e2e89e6a3,SKU-12806,Gearbox P23,CTRA1-W-018-1,2026-07-21 02:30:02.965479+00
907fbd1d-e8c2-4f49-b946-596a4aaab121,SKU-13004,Sensor Component V46,CTRA1-X-054-1,2026-07-21 02:30:02.965479+00
9091b892-9aee-4974-8a4a-76ad6cea3bbe,SKU-12655,Motor B85,CTRA1-V-005-2,2026-07-21 02:30:02.965479+00
909a2e71-a876-4adf-a743-cdee245bc16f,SKU-10702,Panel H34,CTRA1-F-037-1,2026-07-21 02:30:02.965479+00
90a19dda-a4ef-4cd9-a052-9be268eb2887,SKU-10863,Gearbox P36,CTRA1-G-054-2,2026-07-21 02:30:02.965479+00
90c2bddb-c39d-40b3-828a-131ac9dbbf9f,SKU-11776,Wheel Axle J48,CTRA1-O-007-1,2026-07-21 02:30:02.965479+00
90c7ace3-01c0-4302-9449-1d53e41c3f65,SKU-12601,Casing C97,CTRA1-U-041-2,2026-07-21 02:30:02.965479+00
90f6d5ed-2ca9-4280-87ea-b369da067499,SKU-11193,Chassis O29,CTRA1-J-030-2,2026-07-21 02:30:02.965479+00
9110cc96-f578-49e2-bd6f-4a64932ae829,SKU-10817,Casing S93,CTRA1-G-031-2,2026-07-21 02:30:02.965479+00
912ada3b-30e6-4faf-8c31-9fe5a23b2c07,SKU-10957,Wheel Axle T41,CTRA1-H-038-2,2026-07-21 02:30:02.965479+00
914dd742-1562-4346-86b8-9bf0eabf65d3,SKU-10668,Gearbox H77,CTRA1-F-020-1,2026-07-21 02:30:02.965479+00
91532cba-a1b3-46ff-858d-1f364d91cd29,SKU-12199,Sensor Component J50,CTRA1-R-029-2,2026-07-21 02:30:02.965479+00
9166294c-817a-47f0-aca5-5b2b6ccd21f9,SKU-11056,Motor D3,CTRA1-I-025-1,2026-07-21 02:30:02.965479+00
917c145a-cd16-4461-8045-a9cf197f4119,SKU-12715,Wheel Axle J70,CTRA1-V-035-2,2026-07-21 02:30:02.965479+00
9188cc3f-68d9-42f7-b745-9862baf83172,SKU-11354,Panel Y72,CTRA1-K-048-1,2026-07-21 02:30:02.965479+00
919c3cac-ab82-4049-b281-ebbdc85eaf65,SKU-11154,Panel J47,CTRA1-J-011-1,2026-07-21 02:30:02.965479+00
919f04d7-20ac-4286-b9cb-155fe72f0ec2,SKU-11866,Sensor Component Q32,CTRA1-O-052-1,2026-07-21 02:30:02.965479+00
91b90343-e697-4653-98f5-cac7b3be556a,SKU-10677,Chassis C61,CTRA1-F-024-2,2026-07-21 02:30:02.965479+00
91cfe012-d84f-4d09-adc9-3cd7c62c9dab,SKU-12320,Panel B58,CTRA1-S-027-1,2026-07-21 02:30:02.965479+00
91d47a42-d624-4132-98e1-c86e5875c225,SKU-10138,Sensor Component P35,CTRA1-B-007-1,2026-07-21 02:30:02.965479+00
91daf93f-bae0-46ae-bf17-478c637af17c,SKU-11905,Chassis V16,CTRA1-P-008-2,2026-07-21 02:30:02.965479+00
91e97f64-6bc6-4d05-aacb-9c87b12afeab,SKU-11828,Wheel Axle K9,CTRA1-O-033-1,2026-07-21 02:30:02.965479+00
91f0c737-1315-4a93-af6a-5224fbffe8af,SKU-10485,Casing E97,CTRA1-D-054-2,2026-07-21 02:30:02.965479+00
92118e68-03f5-4a08-8b59-25e00fb45bf5,SKU-10616,Wheel Axle R13,CTRA1-E-057-1,2026-07-21 02:30:02.965479+00
9224e73b-7144-4d0a-83e2-0369774240e0,SKU-10859,Body Shell S77,CTRA1-G-052-2,2026-07-21 02:30:02.965479+00
923857e2-8a67-476b-a34d-7c698d88b66e,SKU-11616,Motor O71,CTRA1-M-053-1,2026-07-21 02:30:02.965479+00
92425404-b203-4301-a999-3efd33d79df0,SKU-10244,Wheel Axle T61,CTRA1-B-060-1,2026-07-21 02:30:02.965479+00
9251a31f-5731-4a86-bab1-35b6b86ece63,SKU-11166,Wheel Axle U40,CTRA1-J-017-1,2026-07-21 02:30:02.965479+00
9266e7d1-3a65-4bfb-9bf1-26f9810577e8,SKU-10117,Chassis M1,CTRA1-A-059-2,2026-07-21 02:30:02.965479+00
926e580b-fad6-4cc2-ab47-d693e0a624ff,SKU-10196,Wheel Axle W21,CTRA1-B-036-1,2026-07-21 02:30:02.965479+00
92a88a9f-c117-4c0e-87a5-2fa46afa4c4a,SKU-12273,Motor J48,CTRA1-S-003-2,2026-07-21 02:30:02.965479+00
92adcb32-9a2c-417d-8d63-280e1a9ff291,SKU-10755,Casing I49,CTRA1-F-063-2,2026-07-21 02:30:02.965479+00
92b39189-9334-4c31-8678-79795921924b,SKU-10075,Body Shell T15,CTRA1-A-038-2,2026-07-21 02:30:02.965479+00
92b61bbe-bf58-4c72-923e-48ad6e4bdbdd,SKU-12590,Motor T60,CTRA1-U-036-1,2026-07-21 02:30:02.965479+00
92c5bbdb-ba28-4dcf-8f5d-bf9e854d632f,SKU-11960,Chassis I47,CTRA1-P-036-1,2026-07-21 02:30:02.965479+00
92e5bbc2-7918-4b1e-b5f9-c7498d5e0544,SKU-10097,Motor M26,CTRA1-A-049-2,2026-07-21 02:30:02.965479+00
92f2b5d4-c350-4005-ab4d-7958567743ea,SKU-11944,Body Shell V24,CTRA1-P-028-1,2026-07-21 02:30:02.965479+00
9330597c-4bb3-414b-bd47-2a2e8ff04d5f,SKU-11118,Panel K12,CTRA1-I-056-1,2026-07-21 02:30:02.965479+00
9338145e-88c4-4ccb-80e4-9d3d350bf746,SKU-10523,Casing I53,CTRA1-E-010-2,2026-07-21 02:30:02.965479+00
9345e9b7-b8e7-43d3-b44a-0d33ed505127,SKU-11004,Panel D41,CTRA1-H-062-1,2026-07-21 02:30:02.965479+00
9357c11c-f64b-4585-961f-d63369ed7502,SKU-10395,Chassis N62,CTRA1-D-009-2,2026-07-21 02:30:02.965479+00
935de290-7018-4446-8507-574826c89122,SKU-11142,Casing K15,CTRA1-J-005-1,2026-07-21 02:30:02.965479+00
9368176c-b028-4876-8873-4c05af776d4c,SKU-12010,Chassis X78,CTRA1-P-061-1,2026-07-21 02:30:02.965479+00
936a4e68-d1c7-4579-9d85-9191e901ebc1,SKU-12626,Casing B65,CTRA1-U-054-1,2026-07-21 02:30:02.965479+00
9371db24-3f32-438d-948a-fbacb79a3b75,SKU-12726,Gearbox V18,CTRA1-V-041-1,2026-07-21 02:30:02.965479+00
9385ad2a-1379-4200-ac25-cf9a8f45eb3d,SKU-12423,Body Shell C90,CTRA1-T-015-2,2026-07-21 02:30:02.965479+00
93f5e343-73bc-4b4f-a41b-ff1c0b3419f3,SKU-12116,Chassis E14,CTRA1-Q-051-1,2026-07-21 02:30:02.965479+00
94038eeb-9f46-4cf9-9968-8eb28b9e910c,SKU-11095,Wheel Axle T17,CTRA1-I-044-2,2026-07-21 02:30:02.965479+00
9412cca0-589d-4f51-890b-9b17aace65d9,SKU-10273,Body Shell K23,CTRA1-C-011-2,2026-07-21 02:30:02.965479+00
94524182-2719-423c-a575-a8debe3d37eb,SKU-10690,Panel S61,CTRA1-F-031-1,2026-07-21 02:30:02.965479+00
945ba610-d314-49f8-abd2-e8a8aaa2c5c6,SKU-12424,Motor Z38,CTRA1-T-016-1,2026-07-21 02:30:02.965479+00
94752bad-481a-459f-825a-41078bcf2652,SKU-10788,Gearbox M65,CTRA1-G-017-1,2026-07-21 02:30:02.965479+00
948f310d-695f-48b2-ae28-965a379eaaae,SKU-12581,Motor K25,CTRA1-U-031-2,2026-07-21 02:30:02.965479+00
94966128-c861-4c54-b46d-81f3312d8b4b,SKU-12786,Sensor Component E29,CTRA1-W-008-1,2026-07-21 02:30:02.965479+00
94ab5db7-9394-446e-9af4-fb46bb5ed85e,SKU-10704,Body Shell G17,CTRA1-F-038-1,2026-07-21 02:30:02.965479+00
94b14d20-2b54-4781-a324-82001dca961e,SKU-10163,Panel M13,CTRA1-B-019-2,2026-07-21 02:30:02.965479+00
94b9824b-1082-48a4-9ec1-4d2ffbb20829,SKU-12915,Body Shell D42,CTRA1-X-009-2,2026-07-21 02:30:02.965479+00
94bae95b-b054-4a1b-bf7b-2ff19bd525b4,SKU-10881,Gearbox Y67,CTRA1-G-063-2,2026-07-21 02:30:02.965479+00
94d27270-2735-4a6a-bf34-90b65164025a,SKU-10350,Body Shell F42,CTRA1-C-050-1,2026-07-21 02:30:02.965479+00
94e9627b-9f55-41f0-820a-bac4816c3733,SKU-11775,Wheel Axle S52,CTRA1-O-006-2,2026-07-21 02:30:02.965479+00
950d6680-7473-489b-816b-5d28d229f729,SKU-12288,Body Shell U77,CTRA1-S-011-1,2026-07-21 02:30:02.965479+00
9530db0c-1103-4f30-99fe-650ecd1969e8,SKU-12653,Gearbox H30,CTRA1-V-004-2,2026-07-21 02:30:02.965479+00
9551b6cb-ce79-48c2-8008-37b16b931638,SKU-10454,Gearbox H95,CTRA1-D-039-1,2026-07-21 02:30:02.965479+00
9566d7c2-8749-473a-9791-ef03066ec94c,SKU-11934,Sensor Component E37,CTRA1-P-023-1,2026-07-21 02:30:02.965479+00
95723e08-70fd-45e1-88c2-f1bd284a0f1c,SKU-10035,Panel C71,CTRA1-A-018-2,2026-07-21 02:30:02.965479+00
95791384-7102-43cc-af74-d84fef211d95,SKU-12713,Casing O63,CTRA1-V-034-2,2026-07-21 02:30:02.965479+00
957fad05-1aea-41a9-9543-77b8fce30b40,SKU-11964,Body Shell F24,CTRA1-P-038-1,2026-07-21 02:30:02.965479+00
958eddf4-3f2f-454e-922d-d3315a4432d3,SKU-11486,Body Shell E34,CTRA1-L-051-1,2026-07-21 02:30:02.965479+00
958f861e-9e71-4499-966c-1626afd5bacb,SKU-10167,Casing L14,CTRA1-B-021-2,2026-07-21 02:30:02.965479+00
95a0be66-f1df-4637-823c-f05f74238c9f,SKU-11530,Casing C23,CTRA1-M-010-1,2026-07-21 02:30:02.965479+00
95a31866-a69a-41d0-867e-16893d1d4b1f,SKU-11961,Gearbox N49,CTRA1-P-036-2,2026-07-21 02:30:02.965479+00
95a65736-7589-4766-8bed-43c933fa216b,SKU-12902,Panel U6,CTRA1-X-003-1,2026-07-21 02:30:02.965479+00
95aa983e-deb3-489e-b39b-1cf2ade40864,SKU-10187,Motor K43,CTRA1-B-031-2,2026-07-21 02:30:02.965479+00
95c15149-c572-465f-8d74-16d5debce7f4,SKU-10886,Gearbox N18,CTRA1-H-003-1,2026-07-21 02:30:02.965479+00
95c3b37e-9d2b-4834-95da-8aec826053b9,SKU-11984,Sensor Component F73,CTRA1-P-048-1,2026-07-21 02:30:02.965479+00
960b8c3e-3ee1-4fb2-9dda-671fc35aaa55,SKU-12045,Gearbox B27,CTRA1-Q-015-2,2026-07-21 02:30:02.965479+00
9622aca0-607f-43ac-98f6-13ff0e632a58,SKU-12483,Body Shell V39,CTRA1-T-045-2,2026-07-21 02:30:02.965479+00
96236d74-b1c2-4c3b-9e84-29d6c98aac06,SKU-11147,Body Shell K32,CTRA1-J-007-2,2026-07-21 02:30:02.965479+00
9625f05a-3670-4a31-9666-482593769d6a,SKU-12812,Gearbox A16,CTRA1-W-021-1,2026-07-21 02:30:02.965479+00
963b860b-64b5-4bac-a6e9-9a3068b469c4,SKU-11113,Panel E28,CTRA1-I-053-2,2026-07-21 02:30:02.965479+00
964434c8-9618-4f2c-bc80-3c6449d09da2,SKU-11386,Casing V75,CTRA1-K-064-1,2026-07-21 02:30:02.965479+00
965403d9-ff46-48cd-a85c-08c27df8aaaa,SKU-11659,Gearbox K57,CTRA1-N-011-2,2026-07-21 02:30:02.965479+00
965e17cb-561d-41cb-868f-8e11f957d599,SKU-11361,Motor L45,CTRA1-K-051-2,2026-07-21 02:30:02.965479+00
9686ad45-5cb4-41f3-a519-09b3ed31b215,SKU-11684,Panel C43,CTRA1-N-024-1,2026-07-21 02:30:02.965479+00
9687a8ee-c4ce-4c3d-bcec-776b3b33cfc1,SKU-10775,Gearbox F17,CTRA1-G-010-2,2026-07-21 02:30:02.965479+00
96965619-0f7b-46a3-86e6-4bcafc2ac93f,SKU-11560,Casing D92,CTRA1-M-025-1,2026-07-21 02:30:02.965479+00
9699a298-aa8f-4598-aec4-3eaba7bc21d6,SKU-11750,Body Shell M6,CTRA1-N-057-1,2026-07-21 02:30:02.965479+00
96c8a507-0617-4730-a771-dd15f0f0f2af,SKU-12144,Panel K3,CTRA1-R-002-1,2026-07-21 02:30:02.965479+00
96eae96d-e9fa-4d44-9a9e-ca0dd8325c55,SKU-12638,Motor X8,CTRA1-U-060-1,2026-07-21 02:30:02.965479+00
970311b1-730c-4a7b-8f67-aec8422a1472,SKU-11598,Gearbox H4,CTRA1-M-044-1,2026-07-21 02:30:02.965479+00
9703ce74-3875-4b3e-8f22-8bf21e58e040,SKU-13012,Gearbox W53,CTRA1-X-058-1,2026-07-21 02:30:02.965479+00
970b3c38-1cf7-4f16-b938-6d0693ab8551,SKU-12264,Motor W71,CTRA1-R-062-1,2026-07-21 02:30:02.965479+00
9715f93c-2624-47a9-bb24-06d7cb5840c9,SKU-12147,Wheel Axle J23,CTRA1-R-003-2,2026-07-21 02:30:02.965479+00
972db607-a422-4731-9121-4179b18f0df7,SKU-12198,Gearbox F32,CTRA1-R-029-1,2026-07-21 02:30:02.965479+00
973e980a-e0a2-4a41-a622-e54640001138,SKU-11138,Chassis Y52,CTRA1-J-003-1,2026-07-21 02:30:02.965479+00
9745ab89-6bf7-4757-b7c4-0392f9d7e2c9,SKU-12219,Casing A31,CTRA1-R-039-2,2026-07-21 02:30:02.965479+00
974fe57a-cec3-4582-8194-d2084a7fd2ed,SKU-10106,Wheel Axle N17,CTRA1-A-054-1,2026-07-21 02:30:02.965479+00
976e3070-fd5c-402e-b3bf-35b9dce9786b,SKU-11057,Body Shell U1,CTRA1-I-025-2,2026-07-21 02:30:02.965479+00
9797b754-4a07-4604-bcbb-24ceb5a98289,SKU-11140,Body Shell N11,CTRA1-J-004-1,2026-07-21 02:30:02.965479+00
97b320d6-f1b9-4e11-bc43-1c36d75d3af2,SKU-12481,Gearbox D46,CTRA1-T-044-2,2026-07-21 02:30:02.965479+00
97bb0d3d-8ba9-40f8-adb4-71bac19c533b,SKU-10408,Wheel Axle J48,CTRA1-D-016-1,2026-07-21 02:30:02.965479+00
97e282fb-a5dd-4318-b30d-2785068d2309,SKU-12836,Casing Y9,CTRA1-W-033-1,2026-07-21 02:30:02.965479+00
97e79022-7be1-4aa6-a5b0-699619b8cc95,SKU-11707,Wheel Axle L0,CTRA1-N-035-2,2026-07-21 02:30:02.965479+00
97ef6570-c8eb-45ba-8b6a-f7d185d12d2b,SKU-12636,Casing B64,CTRA1-U-059-1,2026-07-21 02:30:02.965479+00
980283be-94fe-4a96-ae70-5c953422972f,SKU-10532,Panel Y8,CTRA1-E-015-1,2026-07-21 02:30:02.965479+00
9807285f-c243-4c5e-827d-18b5aeaaad4a,SKU-12755,Wheel Axle K20,CTRA1-V-055-2,2026-07-21 02:30:02.965479+00
982caba6-8ba6-471b-ba3a-ea883d214772,SKU-10757,Casing O28,CTRA1-G-001-2,2026-07-21 02:30:02.965479+00
9848131c-21d1-42b6-b5b2-74be638f7a4d,SKU-11455,Motor R89,CTRA1-L-035-2,2026-07-21 02:30:02.965479+00
985728a9-0e00-4223-b211-b6659697b60b,SKU-12871,Body Shell X37,CTRA1-W-050-2,2026-07-21 02:30:02.965479+00
9869b80e-1100-4799-a403-f44ddcfa338c,SKU-10717,Motor F46,CTRA1-F-044-2,2026-07-21 02:30:02.965479+00
98717587-22ea-4b98-b866-f64db8fa0c4b,SKU-10166,Casing I76,CTRA1-B-021-1,2026-07-21 02:30:02.965479+00
98aada8a-1fd2-4133-a049-870f7a478087,SKU-13009,Gearbox I60,CTRA1-X-056-2,2026-07-21 02:30:02.965479+00
98bec343-2329-498e-af94-a3f494dd3b9d,SKU-10938,Casing N28,CTRA1-H-029-1,2026-07-21 02:30:02.965479+00
98c18bbd-1759-4887-a30f-5a089214a003,SKU-10955,Motor I53,CTRA1-H-037-2,2026-07-21 02:30:02.965479+00
98c201ac-c014-4c64-8e3d-dd9baed12c18,SKU-10495,Wheel Axle U80,CTRA1-D-059-2,2026-07-21 02:30:02.965479+00
98c5bf54-3b7a-4ea9-b0ee-785f9fb2c89d,SKU-11651,Body Shell B33,CTRA1-N-007-2,2026-07-21 02:30:02.965479+00
98d6c650-10ba-458a-b888-2f480f3196f0,SKU-11612,Panel D53,CTRA1-M-051-1,2026-07-21 02:30:02.965479+00
98e8db39-d66f-4770-802f-a15d07f60109,SKU-10671,Body Shell P3,CTRA1-F-021-2,2026-07-21 02:30:02.965479+00
991e17e0-6c9b-4e8b-9a76-f565c229a4b9,SKU-11043,Body Shell G71,CTRA1-I-018-2,2026-07-21 02:30:02.965479+00
991e652f-377a-406a-81df-eb5edb2666d8,SKU-12354,Casing C97,CTRA1-S-044-1,2026-07-21 02:30:02.965479+00
992d5b41-d417-4bc5-b1b7-b8b64c3a6302,SKU-12195,Motor N68,CTRA1-R-027-2,2026-07-21 02:30:02.965479+00
994919ef-89b2-41da-ab1c-0e118ef74932,SKU-12734,Chassis I85,CTRA1-V-045-1,2026-07-21 02:30:02.965479+00
996ce9fb-9e38-47d2-9ba4-7cb87f6f77a8,SKU-10581,Casing C80,CTRA1-E-039-2,2026-07-21 02:30:02.965479+00
99723a84-f09e-4249-89bb-6acbd9dc2c8f,SKU-10620,Motor B5,CTRA1-E-059-1,2026-07-21 02:30:02.965479+00
99822b26-e1e5-41b2-9879-5799b6164227,SKU-12870,Body Shell Q17,CTRA1-W-050-1,2026-07-21 02:30:02.965479+00
9995be5e-ef84-4562-83d9-e69082927bcc,SKU-11868,Wheel Axle X83,CTRA1-O-053-1,2026-07-21 02:30:02.965479+00
99e5b768-99e7-4540-b32c-7047105f7606,SKU-11818,Motor K26,CTRA1-O-028-1,2026-07-21 02:30:02.965479+00
9a119140-7584-485e-ad29-954ac1a854aa,SKU-10006,Chassis J73,CTRA1-A-004-1,2026-07-21 02:30:02.965479+00
9a2b0c90-88cc-4ff9-bac7-f2effcb13a4f,SKU-11422,Panel B28,CTRA1-L-019-1,2026-07-21 02:30:02.965479+00
9a3a2e77-a791-4c6e-b23c-d8188b3b832c,SKU-12845,Wheel Axle B37,CTRA1-W-037-2,2026-07-21 02:30:02.965479+00
9a513ef7-588b-4de1-b1eb-5fc465e72bb8,SKU-10096,Wheel Axle V75,CTRA1-A-049-1,2026-07-21 02:30:02.965479+00
9a7074c1-2b6c-4a0b-a39f-642d00668952,SKU-10940,Casing J8,CTRA1-H-030-1,2026-07-21 02:30:02.965479+00
9a8a85b2-98f9-4bb4-871c-133d8b394a5d,SKU-11428,Gearbox A67,CTRA1-L-022-1,2026-07-21 02:30:02.965479+00
9a8c35b7-0c5c-4d27-9efe-9e6a78bcd8d0,SKU-10889,Panel S16,CTRA1-H-004-2,2026-07-21 02:30:02.965479+00
9af115e7-1ff2-4660-a0c3-d83bc323f174,SKU-12507,Gearbox G72,CTRA1-T-057-2,2026-07-21 02:30:02.965479+00
9b6c0550-ab4f-4f3d-bdfc-833643f03b6a,SKU-11396,Gearbox B22,CTRA1-L-006-1,2026-07-21 02:30:02.965479+00
9b747c01-8039-450c-9868-e20a54a47d97,SKU-12458,Gearbox K18,CTRA1-T-033-1,2026-07-21 02:30:02.965479+00
9bb2bc43-af56-4c74-94dc-f4a76dedbf7d,SKU-11456,Chassis H95,CTRA1-L-036-1,2026-07-21 02:30:02.965479+00
9bd98767-1d45-4e97-911d-4fb43b1c585f,SKU-11648,Panel N3,CTRA1-N-006-1,2026-07-21 02:30:02.965479+00
9bf35011-14bf-446d-bf36-6eed47d43059,SKU-11950,Panel X83,CTRA1-P-031-1,2026-07-21 02:30:02.965479+00
9bfe6e9c-7762-4315-beea-6f440f024d39,SKU-12546,Gearbox D33,CTRA1-U-014-1,2026-07-21 02:30:02.965479+00
9c05398c-a509-44ff-b926-5aa1fe55a5b8,SKU-10883,Gearbox F41,CTRA1-G-064-2,2026-07-21 02:30:02.965479+00
9c0b5755-568a-455a-a12a-baaa73c2e9c3,SKU-12298,Gearbox H68,CTRA1-S-016-1,2026-07-21 02:30:02.965479+00
9c133c90-84ba-4535-afb5-cd968999b54a,SKU-10827,Casing N57,CTRA1-G-036-2,2026-07-21 02:30:02.965479+00
9c31ef63-ab1b-401d-8b67-d85f4cef2cf6,SKU-11483,Sensor Component C15,CTRA1-L-049-2,2026-07-21 02:30:02.965479+00
9c4731c5-5c0f-458c-b9a0-e7459be44622,SKU-10159,Panel L55,CTRA1-B-017-2,2026-07-21 02:30:02.965479+00
9c52159a-a674-492f-a8aa-421ec1fb99a4,SKU-12751,Casing K19,CTRA1-V-053-2,2026-07-21 02:30:02.965479+00
9c636e56-f26a-43b7-bfbf-dc0197268e28,SKU-10358,Motor F99,CTRA1-C-054-1,2026-07-21 02:30:02.965479+00
9c6b520e-7b86-4e6e-82a8-046ceaa79ccb,SKU-11249,Gearbox P93,CTRA1-J-058-2,2026-07-21 02:30:02.965479+00
9c75a857-e222-4828-a8b0-d803ff6ed83e,SKU-12928,Wheel Axle D88,CTRA1-X-016-1,2026-07-21 02:30:02.965479+00
9ca4641d-1952-4446-a7f8-33f40f9490b3,SKU-12077,Gearbox H69,CTRA1-Q-031-2,2026-07-21 02:30:02.965479+00
9ca4a16f-dfbd-48e2-977e-8d5fbc78117c,SKU-12340,Chassis Y82,CTRA1-S-037-1,2026-07-21 02:30:02.965479+00
9cc9c5bc-b94c-4f2f-9df8-e3986fa7ca24,SKU-12439,Casing Q80,CTRA1-T-023-2,2026-07-21 02:30:02.965479+00
9cd683f8-1fd1-4543-a4fa-1f9069a5bd3a,SKU-10520,Sensor Component E69,CTRA1-E-009-1,2026-07-21 02:30:02.965479+00
9cdf414d-64f7-485a-b212-a13bbfbd47f5,SKU-12420,Body Shell H2,CTRA1-T-014-1,2026-07-21 02:30:02.965479+00
9cf26369-0487-4112-9b68-bc8098759e3c,SKU-12573,Gearbox V5,CTRA1-U-027-2,2026-07-21 02:30:02.965479+00
9cf674c4-a29b-4adb-b0f8-25105a10a5d2,SKU-11549,Panel H79,CTRA1-M-019-2,2026-07-21 02:30:02.965479+00
9d0a7751-fbec-40ca-8948-e6c5f85ca493,SKU-10648,Panel G10,CTRA1-F-010-1,2026-07-21 02:30:02.965479+00
9d2c86bb-c1d6-4ea0-954e-341d48ba9ba1,SKU-11028,Panel R96,CTRA1-I-011-1,2026-07-21 02:30:02.965479+00
9d2e0829-bac1-4545-a44f-148fa790a229,SKU-10360,Gearbox Y37,CTRA1-C-055-1,2026-07-21 02:30:02.965479+00
9d365e5d-cd98-435b-bee9-34f977c79ad0,SKU-12900,Gearbox L80,CTRA1-X-002-1,2026-07-21 02:30:02.965479+00
9d4417e7-6f75-4fee-8b09-aa820562fbcb,SKU-11474,Panel P8,CTRA1-L-045-1,2026-07-21 02:30:02.965479+00
9d5d5216-b235-4b2e-83ea-8fd7d29258cc,SKU-10650,Body Shell D57,CTRA1-F-011-1,2026-07-21 02:30:02.965479+00
9dafcb2c-df2d-455f-ae82-8d44498cb015,SKU-10546,Casing S78,CTRA1-E-022-1,2026-07-21 02:30:02.965479+00
9dc55315-a942-4d38-bcba-86400550ca84,SKU-12960,Motor X0,CTRA1-X-032-1,2026-07-21 02:30:02.965479+00
9ddbf98d-d4e7-4ae5-a9e9-62b0ff8d3b0b,SKU-11192,Motor W30,CTRA1-J-030-1,2026-07-21 02:30:02.965479+00
9ddf2771-5c01-46c8-b28f-dd4f1026f921,SKU-10932,Body Shell T55,CTRA1-H-026-1,2026-07-21 02:30:02.965479+00
9df41d46-119c-4648-9fb6-380f4a68d6c1,SKU-10795,Wheel Axle W97,CTRA1-G-020-2,2026-07-21 02:30:02.965479+00
9dfc0c02-0eae-4ef9-aef6-c51d86cbd249,SKU-10679,Body Shell Q49,CTRA1-F-025-2,2026-07-21 02:30:02.965479+00
9e14ee23-56f8-484a-83cb-a7fb8646abff,SKU-11064,Chassis H15,CTRA1-I-029-1,2026-07-21 02:30:02.965479+00
9e161646-0a64-4356-bade-6409404219e2,SKU-11130,Body Shell E92,CTRA1-I-062-1,2026-07-21 02:30:02.965479+00
9e783178-67ab-4c60-9a41-5ee91119ef32,SKU-12315,Panel I12,CTRA1-S-024-2,2026-07-21 02:30:02.965479+00
9e8ac4c4-fcba-453d-8947-3db9b6982a71,SKU-10876,Casing V97,CTRA1-G-061-1,2026-07-21 02:30:02.965479+00
9eac7abf-6ac4-4fe2-97f6-757d0fab0efb,SKU-12805,Body Shell S7,CTRA1-W-017-2,2026-07-21 02:30:02.965479+00
9eb0a2b5-e259-4939-8f66-da23295cd0a0,SKU-11748,Sensor Component T66,CTRA1-N-056-1,2026-07-21 02:30:02.965479+00
9ebdd932-97fb-4cc3-8013-3a81d23b3aaa,SKU-12324,Casing M40,CTRA1-S-029-1,2026-07-21 02:30:02.965479+00
9edfd3cd-d7ce-4206-8043-ccaf2e28d65f,SKU-12375,Wheel Axle S34,CTRA1-S-054-2,2026-07-21 02:30:02.965479+00
9eeb83e8-f4c4-4ab4-b342-b0299a11f036,SKU-11036,Casing K73,CTRA1-I-015-1,2026-07-21 02:30:02.965479+00
9ef06ffe-8415-4f7c-9c60-3543f063bec9,SKU-10390,Casing O21,CTRA1-D-007-1,2026-07-21 02:30:02.965479+00
9ef85a24-bae7-409e-987a-ec15e80d647f,SKU-10961,Casing T97,CTRA1-H-040-2,2026-07-21 02:30:02.965479+00
9ef85d3f-b148-48b8-954c-6e8f8f344ab3,SKU-10511,Motor H5,CTRA1-E-004-2,2026-07-21 02:30:02.965479+00
9f34fa09-42ac-4538-b04a-ad1db4d35e81,SKU-10926,Panel O70,CTRA1-H-023-1,2026-07-21 02:30:02.965479+00
9f43b799-0bbd-4c7c-b716-fcca592df425,SKU-10305,Chassis H53,CTRA1-C-027-2,2026-07-21 02:30:02.965479+00
9f4d709a-65a0-41d7-b5ec-f284090b1845,SKU-11470,Casing J95,CTRA1-L-043-1,2026-07-21 02:30:02.965479+00
9f5f5fb3-64a7-46e7-9959-a6b1c7c031f0,SKU-12261,Gearbox T32,CTRA1-R-060-2,2026-07-21 02:30:02.965479+00
9f7f0016-a487-44d9-b03f-7e64b7457d52,SKU-11706,Sensor Component M43,CTRA1-N-035-1,2026-07-21 02:30:02.965479+00
9f83792c-e9bf-4bae-8fe5-f3f31d411fb3,SKU-10072,Gearbox X95,CTRA1-A-037-1,2026-07-21 02:30:02.965479+00
9fc0798b-a8c6-4661-b378-fe71ef99e5b3,SKU-11232,Motor J35,CTRA1-J-050-1,2026-07-21 02:30:02.965479+00
9fe20726-8461-4938-8565-1f82e6cc852f,SKU-11058,Gearbox R82,CTRA1-I-026-1,2026-07-21 02:30:02.965479+00
a013d9b9-49d0-4138-9a83-a1104dd25f81,SKU-12867,Panel O49,CTRA1-W-048-2,2026-07-21 02:30:02.965479+00
a027beeb-cb92-4dc7-be13-23b819f6bf58,SKU-11373,Body Shell U7,CTRA1-K-057-2,2026-07-21 02:30:02.965479+00
a030a7e4-167f-4a26-be87-0f83d4765299,SKU-10484,Gearbox F90,CTRA1-D-054-1,2026-07-21 02:30:02.965479+00
a04b2485-5d8c-485b-aacc-e10de06c8887,SKU-10299,Gearbox X14,CTRA1-C-024-2,2026-07-21 02:30:02.965479+00
a067049a-d64a-4dc8-972e-81ab2bf5b2a5,SKU-11518,Wheel Axle O91,CTRA1-M-004-1,2026-07-21 02:30:02.965479+00
a069a2d0-dac9-4c98-8fe9-6626c2e8e314,SKU-10304,Body Shell O76,CTRA1-C-027-1,2026-07-21 02:30:02.965479+00
a0812c6b-af58-42e1-8948-0f02b476e59f,SKU-11405,Body Shell Y6,CTRA1-L-010-2,2026-07-21 02:30:02.965479+00
a08c30ca-f668-4869-b7a6-22e98bb2e57b,SKU-11904,Gearbox X67,CTRA1-P-008-1,2026-07-21 02:30:02.965479+00
a091f93f-e892-4027-9b86-e208ccefec94,BB-FA-01,Assorted Handbags (Polybag),CTRA1-X-010-1,2026-07-21 02:30:02.965479+00
a0a460b7-a408-4f7e-895d-52564759f236,SKU-12122,Wheel Axle I69,CTRA1-Q-054-1,2026-07-21 02:30:02.965479+00
a0b83dad-4454-4eff-87ec-31f126c69556,SKU-12182,Gearbox T40,CTRA1-R-021-1,2026-07-21 02:30:02.965479+00
a0c48f88-d81c-4826-8be1-be58bab80780,SKU-11265,Gearbox B94,CTRA1-K-003-2,2026-07-21 02:30:02.965479+00
a0cc43d5-93b6-4298-80cd-ca1092853d9b,SKU-11366,Motor I48,CTRA1-K-054-1,2026-07-21 02:30:02.965479+00
a0dc656c-360b-47ce-aba9-8df48f1fad83,SKU-10569,Gearbox K69,CTRA1-E-033-2,2026-07-21 02:30:02.965479+00
a0e7659c-8475-4588-af99-3e83055ab964,SKU-12366,Motor Q35,CTRA1-S-050-1,2026-07-21 02:30:02.965479+00
a0fe3024-437a-4310-aae0-6cad97d1903c,SKU-10686,Gearbox K64,CTRA1-F-029-1,2026-07-21 02:30:02.965479+00
a1161950-9363-4483-b71b-d54da8b6f844,SKU-11877,Motor J62,CTRA1-O-057-2,2026-07-21 02:30:02.965479+00
a13db34a-7adb-4e4b-9f2c-da4742d3dd91,SKU-12549,Sensor Component M56,CTRA1-U-015-2,2026-07-21 02:30:02.965479+00
a145d5a9-936f-44c9-9225-f52c9efbab34,SKU-12240,Casing D24,CTRA1-R-050-1,2026-07-21 02:30:02.965479+00
a1829543-86a4-46a3-876a-216860f90f39,SKU-10345,Panel G45,CTRA1-C-047-2,2026-07-21 02:30:02.965479+00
a188224a-af35-4776-a064-5fd7c4a91a3d,SKU-12688,Body Shell T88,CTRA1-V-022-1,2026-07-21 02:30:02.965479+00
a19be3aa-245d-4548-9230-8b27a971dc9d,SKU-11258,Sensor Component I33,CTRA1-J-063-1,2026-07-21 02:30:02.965479+00
a1c38faa-2fbc-4ae1-b4f4-7f6d60f9eb0a,SKU-11882,Body Shell Q27,CTRA1-O-060-1,2026-07-21 02:30:02.965479+00
a1c87e34-6407-465b-bb81-490924061bac,SKU-10919,Wheel Axle S88,CTRA1-H-019-2,2026-07-21 02:30:02.965479+00
a1d6c7b2-b2d4-416a-8fdc-e49e014f0a84,SKU-10311,Sensor Component C33,CTRA1-C-030-2,2026-07-21 02:30:02.965479+00
a236f919-7df1-421d-b002-23721b99cedd,SKU-11974,Gearbox F70,CTRA1-P-043-1,2026-07-21 02:30:02.965479+00
a24510ec-53fc-4007-ae9f-e872cd7922b0,SKU-10562,Gearbox Y56,CTRA1-E-030-1,2026-07-21 02:30:02.965479+00
a250db22-a3f6-46c8-b8d2-5b8f813f663d,SKU-11716,Body Shell Q29,CTRA1-N-040-1,2026-07-21 02:30:02.965479+00
a26e6e01-69cf-4532-8dd1-49487c066e06,SKU-10758,Motor R70,CTRA1-G-002-1,2026-07-21 02:30:02.965479+00
a2765494-1f4f-4bd8-b002-0763e83571ca,SKU-12691,Gearbox Q25,CTRA1-V-023-2,2026-07-21 02:30:02.965479+00
a2a3f213-2396-43ce-b556-3995edb12388,SKU-11482,Wheel Axle Z26,CTRA1-L-049-1,2026-07-21 02:30:02.965479+00
a2d7d87a-2db4-44a4-a6cd-6755823199fe,SKU-13016,Motor C3,CTRA1-X-060-1,2026-07-21 02:30:02.965479+00
a2ddd0fa-2b64-4d6b-a01a-c70deb3bddf3,SKU-10662,Casing O17,CTRA1-F-017-1,2026-07-21 02:30:02.965479+00
a2e398f2-9941-40f7-a774-02bfc6acbf7c,SKU-12813,Sensor Component I93,CTRA1-W-021-2,2026-07-21 02:30:02.965479+00
a2f2b5a4-dac9-44d4-89f7-204999a86109,SKU-12940,Gearbox Z67,CTRA1-X-022-1,2026-07-21 02:30:02.965479+00
a313fd05-c8d8-4494-bc38-8feb388ca539,SKU-12778,Gearbox K23,CTRA1-W-004-1,2026-07-21 02:30:02.965479+00
a31c6f52-8a74-4811-8dc9-cd52eff4c954,SKU-12968,Casing S84,CTRA1-X-036-1,2026-07-21 02:30:02.965479+00
a337710f-26d9-496c-a674-a5eb92a8384f,SKU-12547,Gearbox R29,CTRA1-U-014-2,2026-07-21 02:30:02.965479+00
a33a1ba5-f437-454b-874e-76708e883bba,SKU-11561,Motor I20,CTRA1-M-025-2,2026-07-21 02:30:02.965479+00
a3d0b766-c2b6-4284-9e7c-247071410c04,SKU-12431,Gearbox K76,CTRA1-T-019-2,2026-07-21 02:30:02.965479+00
a3d2be1b-3891-4a7a-acbf-b0df4cc1b436,SKU-10517,Motor R10,CTRA1-E-007-2,2026-07-21 02:30:02.965479+00
a3f3b9a8-5896-4cfd-b916-1e20657ada16,SKU-10185,Gearbox D59,CTRA1-B-030-2,2026-07-21 02:30:02.965479+00
a3f957cb-6217-46f8-bfea-98e9fca8a53c,SKU-10865,Wheel Axle P67,CTRA1-G-055-2,2026-07-21 02:30:02.965479+00
a4159146-e6b0-411a-91a1-01f1bf96f80e,SKU-11878,Panel R38,CTRA1-O-058-1,2026-07-21 02:30:02.965479+00
a419ba65-2053-4779-9841-bfd293d227c5,SKU-11609,Sensor Component X61,CTRA1-M-049-2,2026-07-21 02:30:02.965479+00
a4312de7-9e4c-4e1d-ae9b-55d473a6d4f5,SKU-12918,Panel X5,CTRA1-X-011-1,2026-07-21 02:30:02.965479+00
a433cb9b-e820-4aae-870e-0e499c7b20b4,SKU-10741,Gearbox A24,CTRA1-F-056-2,2026-07-21 02:30:02.965479+00
a44439fe-1f90-4e28-9916-8cf9839d814f,SKU-11127,Casing G5,CTRA1-I-060-2,2026-07-21 02:30:02.965479+00
a444fe95-2562-447e-b950-3000a3379eb2,SKU-12365,Casing P22,CTRA1-S-049-2,2026-07-21 02:30:02.965479+00
a46067cc-150b-4ddc-adb4-0bb58fa3d5c9,SKU-11620,Wheel Axle H9,CTRA1-M-055-1,2026-07-21 02:30:02.965479+00
a461117e-e13e-40b3-b832-35632dd78feb,SKU-11913,Casing Q56,CTRA1-P-012-2,2026-07-21 02:30:02.965479+00
a46ec1d3-612c-4828-a52e-9361c99ebe12,SKU-12250,Panel T7,CTRA1-R-055-1,2026-07-21 02:30:02.965479+00
a4a88cf5-c449-4732-a545-e4f14bd95e51,SKU-10309,Casing R59,CTRA1-C-029-2,2026-07-21 02:30:02.965479+00
a4b276a1-bfba-4f17-b77b-7a48a39404d3,SKU-11569,Casing X10,CTRA1-M-029-2,2026-07-21 02:30:02.965479+00
a4b527e9-86ab-43f0-ba06-49478459e613,SKU-12853,Motor U24,CTRA1-W-041-2,2026-07-21 02:30:02.965479+00
a4d0838f-8853-4320-8d75-59c0de12a31a,SKU-12994,Motor U49,CTRA1-X-049-1,2026-07-21 02:30:02.965479+00
a4de982b-8db9-4dc2-b132-775b38011fa4,SKU-10684,Chassis P63,CTRA1-F-028-1,2026-07-21 02:30:02.965479+00
a4e1ca76-4808-4d25-9f02-b5c7500c833e,SKU-11965,Wheel Axle P78,CTRA1-P-038-2,2026-07-21 02:30:02.965479+00
a4e9fa0d-d74e-485c-9d54-9b597716ee21,SKU-10424,Body Shell B48,CTRA1-D-024-1,2026-07-21 02:30:02.965479+00
a4ec2006-ddca-47f7-8574-94ecce19feb9,SKU-11806,Sensor Component C51,CTRA1-O-022-1,2026-07-21 02:30:02.965479+00
a5036a0f-e2ab-4853-93a0-6351f86a2e0a,SKU-12875,Motor U10,CTRA1-W-052-2,2026-07-21 02:30:02.965479+00
a516abd1-724a-453f-af80-9ce7b06742cb,SKU-10200,Gearbox H79,CTRA1-B-038-1,2026-07-21 02:30:02.965479+00
a530f423-15c3-47d3-b394-09d82b8f6051,SKU-10386,Sensor Component V76,CTRA1-D-005-1,2026-07-21 02:30:02.965479+00
a53f3fcc-963d-4436-ab60-76597fb1bddd,SKU-10222,Motor G48,CTRA1-B-049-1,2026-07-21 02:30:02.965479+00
a543e170-dfa7-413d-be61-2072fab4b9cc,SKU-12536,Sensor Component R59,CTRA1-U-009-1,2026-07-21 02:30:02.965479+00
a587b51d-980e-47fc-9564-659b94567999,SKU-11149,Motor Q41,CTRA1-J-008-2,2026-07-21 02:30:02.965479+00
a5908e73-dc5f-486a-ad05-20e6a448aa90,SKU-12236,Gearbox S31,CTRA1-R-048-1,2026-07-21 02:30:02.965479+00
a59c1b96-ab7f-448a-90ca-aecf3340f6fd,SKU-10591,Gearbox T2,CTRA1-E-044-2,2026-07-21 02:30:02.965479+00
a5abaea7-aacd-4bdf-b9a3-98a9547109a0,SKU-12937,Motor O64,CTRA1-X-020-2,2026-07-21 02:30:02.965479+00
a5bc03b0-1884-4ca0-892b-e07c81a159cc,SKU-10421,Body Shell Z61,CTRA1-D-022-2,2026-07-21 02:30:02.965479+00
a5caeb61-3bd8-488c-a3e4-e640f3586145,SKU-10170,Motor P68,CTRA1-B-023-1,2026-07-21 02:30:02.965479+00
a5e5ad65-4fcd-48ed-b603-32cacd1b4fec,SKU-11289,Wheel Axle B2,CTRA1-K-015-2,2026-07-21 02:30:02.965479+00
a5faef2a-33e2-4a5b-b5e4-c7ee31c9d503,SKU-10171,Gearbox J92,CTRA1-B-023-2,2026-07-21 02:30:02.965479+00
a6059eb5-eee7-4010-8180-9ee0d7b809af,SKU-10364,Body Shell J48,CTRA1-C-057-1,2026-07-21 02:30:02.965479+00
a60b2592-eacf-4118-97e4-5efad8090be6,SKU-12347,Wheel Axle H37,CTRA1-S-040-2,2026-07-21 02:30:02.965479+00
a626ae34-bb54-4f0c-9dd4-f9bdaf72f200,SKU-12350,Gearbox O79,CTRA1-S-042-1,2026-07-21 02:30:02.965479+00
a65ca2eb-78c9-410f-aad6-93f2ec9efc33,SKU-12384,Panel I62,CTRA1-S-059-1,2026-07-21 02:30:02.965479+00
a68c9ddd-b8d4-4393-9805-2518991293dd,SKU-11207,Panel C56,CTRA1-J-037-2,2026-07-21 02:30:02.965479+00
a6925821-7b25-48e5-be03-c95504718024,SKU-10643,Chassis Q3,CTRA1-F-007-2,2026-07-21 02:30:02.965479+00
a6b8b5f3-55cb-471d-8da0-cc652854545a,SKU-11124,Casing J13,CTRA1-I-059-1,2026-07-21 02:30:02.965479+00
a6bf6aaf-741e-41bc-949a-4d77cf29b1a3,SKU-10433,Casing X37,CTRA1-D-028-2,2026-07-21 02:30:02.965479+00
a6c3ca9c-3a90-458d-ad54-52f73ad42d7b,SKU-10519,Wheel Axle I47,CTRA1-E-008-2,2026-07-21 02:30:02.965479+00
a6ca3006-7426-4106-863c-2db23acac194,SKU-10724,Wheel Axle X61,CTRA1-F-048-1,2026-07-21 02:30:02.965479+00
a6cba143-3ea1-4ce7-a955-91258b92cf8c,SKU-12061,Casing Y5,CTRA1-Q-023-2,2026-07-21 02:30:02.965479+00
a6cfe77a-de29-49d8-8483-3151331ab64c,SKU-11712,Wheel Axle U9,CTRA1-N-038-1,2026-07-21 02:30:02.965479+00
a6d5cc56-54db-4580-802c-b86d18596de7,SKU-12600,Motor U66,CTRA1-U-041-1,2026-07-21 02:30:02.965479+00
a6ec77bd-6eb8-4332-acee-924f6b318863,SKU-10614,Sensor Component X46,CTRA1-E-056-1,2026-07-21 02:30:02.965479+00
a726bc15-b3de-4f05-95b4-dd3d215a4e29,SKU-12742,Panel Q9,CTRA1-V-049-1,2026-07-21 02:30:02.965479+00
a7284287-671e-4401-87b3-50abb1ff6e25,SKU-11991,Casing Q67,CTRA1-P-051-2,2026-07-21 02:30:02.965479+00
a75c0281-492f-48cc-93dd-670c458e0aa6,SKU-12419,Body Shell L85,CTRA1-T-013-2,2026-07-21 02:30:02.965479+00
a766ebf4-775f-49e6-abee-15c423a8285d,BB-DH-01,Miniature Pink Sofa,CTRA1-T-050-1,2026-07-21 02:30:02.965479+00
a7687ee9-8036-4456-9e15-897ee189ad3d,SKU-12729,Body Shell A11,CTRA1-V-042-2,2026-07-21 02:30:02.965479+00
a77aaafd-5291-4775-9e81-8ae7939d30e2,SKU-10712,Body Shell G0,CTRA1-F-042-1,2026-07-21 02:30:02.965479+00
a77c830c-24fe-4214-a17a-f85ea5220e23,SKU-12325,Gearbox V69,CTRA1-S-029-2,2026-07-21 02:30:02.965479+00
a7a99f20-ec72-4b55-8a5c-c45bdb2d8909,SKU-10455,Body Shell A28,CTRA1-D-039-2,2026-07-21 02:30:02.965479+00
a7b9c0fa-861c-4535-9314-aebd83cc6095,SKU-10093,Panel H15,CTRA1-A-047-2,2026-07-21 02:30:02.965479+00
a7c2c9a1-94ed-478a-81b7-a5631296b9ea,SKU-11621,Wheel Axle D56,CTRA1-M-055-2,2026-07-21 02:30:02.965479+00
a7d70998-3a06-46e7-8241-a726dfbb8f2b,SKU-12650,Body Shell N44,CTRA1-V-003-1,2026-07-21 02:30:02.965479+00
a80ae4e6-71e6-407c-88df-b9651c0f1a25,SKU-11204,Wheel Axle S67,CTRA1-J-036-1,2026-07-21 02:30:02.965479+00
a81859ca-739e-4b5e-b27c-372888d2d0d3,SKU-10177,Wheel Axle E31,CTRA1-B-026-2,2026-07-21 02:30:02.965479+00
a81b3ce6-78b6-4725-ad39-b54472bbca27,SKU-12884,Gearbox G39,CTRA1-W-057-1,2026-07-21 02:30:02.965479+00
a831dc83-79b7-4d0a-bdd0-26e7da77851e,SKU-12489,Motor J9,CTRA1-T-048-2,2026-07-21 02:30:02.965479+00
a844f323-b115-4e1e-8624-2f785a77c2a8,SKU-10073,Body Shell H47,CTRA1-A-037-2,2026-07-21 02:30:02.965479+00
a8484c3e-b712-4253-b6a3-e78cb6194ff3,SKU-10801,Sensor Component T77,CTRA1-G-023-2,2026-07-21 02:30:02.965479+00
a84e9a88-304e-4179-9a23-449e841e066e,SKU-12906,Gearbox L73,CTRA1-X-005-1,2026-07-21 02:30:02.965479+00
a85eea69-c81f-4908-8933-c39db792776a,SKU-10289,Wheel Axle S54,CTRA1-C-019-2,2026-07-21 02:30:02.965479+00
a864684d-549a-439a-95dc-052e44363336,SKU-10158,Wheel Axle A64,CTRA1-B-017-1,2026-07-21 02:30:02.965479+00
a8771ae0-4e5f-478c-a828-5925e25d7874,SKU-12331,Chassis R5,CTRA1-S-032-2,2026-07-21 02:30:02.965479+00
a8792862-108d-434b-9b46-d49cb4c115d2,SKU-12301,Gearbox I84,CTRA1-S-017-2,2026-07-21 02:30:02.965479+00
a88ff2e6-b3d5-444e-8e9a-011a9dce8f66,SKU-10445,Sensor Component W90,CTRA1-D-034-2,2026-07-21 02:30:02.965479+00
a89006ab-6ad9-49dd-9e0c-0f6c5c5e5f8c,SKU-10194,Casing V8,CTRA1-B-035-1,2026-07-21 02:30:02.965479+00
a8977bb9-7eb9-4d16-a7d7-41aa0064b4bf,SKU-12864,Motor K16,CTRA1-W-047-1,2026-07-21 02:30:02.965479+00
a8bea92d-488d-4cf3-a45c-181967bede3c,SKU-11529,Gearbox X9,CTRA1-M-009-2,2026-07-21 02:30:02.965479+00
a8d79d20-3bfd-42c6-8f42-15fac9da2a39,SKU-10275,Casing H9,CTRA1-C-012-2,2026-07-21 02:30:02.965479+00
a8e54379-133d-4caa-8e0b-7f67127b565d,SKU-10563,Gearbox M49,CTRA1-E-030-2,2026-07-21 02:30:02.965479+00
a8e61c33-6391-4694-b3eb-8527232c8117,SKU-12702,Body Shell Q67,CTRA1-V-029-1,2026-07-21 02:30:02.965479+00
a8fb16db-f693-41fc-af99-be7bbfcdc38c,SKU-12970,Wheel Axle I91,CTRA1-X-037-1,2026-07-21 02:30:02.965479+00
a90a0962-d18f-4f2f-8a97-cff9df51a695,SKU-11725,Motor Y96,CTRA1-N-044-2,2026-07-21 02:30:02.965479+00
a9277a5d-94bf-4124-9349-b9e0373f8a52,SKU-11819,Body Shell C37,CTRA1-O-028-2,2026-07-21 02:30:02.965479+00
a938260c-62c4-4b55-a176-bc169b79599e,SKU-12616,Body Shell S99,CTRA1-U-049-1,2026-07-21 02:30:02.965479+00
a93ec522-a716-44a3-ad14-31e06c8de9c1,SKU-10303,Gearbox B25,CTRA1-C-026-2,2026-07-21 02:30:02.965479+00
a95351c3-b88b-4fef-96fd-a39e2c1f9f03,SKU-11513,Panel L7,CTRA1-M-001-2,2026-07-21 02:30:02.965479+00
a95d47cb-3d7d-4d56-afaa-e8d1b158496a,SKU-12265,Sensor Component X88,CTRA1-R-062-2,2026-07-21 02:30:02.965479+00
a992a387-e39f-4ad0-b53a-93f96137767d,SKU-12881,Casing Q1,CTRA1-W-055-2,2026-07-21 02:30:02.965479+00
a9a0ca37-4599-4f3e-abfc-fc68ffa225c0,SKU-10382,Gearbox T80,CTRA1-D-003-1,2026-07-21 02:30:02.965479+00
a9b8dacc-83ee-4366-b7eb-3e5b3f9fc6f4,SKU-11629,Motor I97,CTRA1-M-059-2,2026-07-21 02:30:02.965479+00
a9d1651c-2f7e-4aac-864f-1faa1521b888,SKU-10225,Panel P77,CTRA1-B-050-2,2026-07-21 02:30:02.965479+00
a9da8845-ed6b-40c7-9e83-58f88bba5a79,SKU-10327,Wheel Axle U96,CTRA1-C-038-2,2026-07-21 02:30:02.965479+00
a9e13d03-ddc4-447e-91ad-d5ee5ec07e40,SKU-11465,Gearbox W62,CTRA1-L-040-2,2026-07-21 02:30:02.965479+00
a9fe73fd-a3be-43e9-b802-3674384b3b24,SKU-11023,Panel L60,CTRA1-I-008-2,2026-07-21 02:30:02.965479+00
aa01b5e9-ef65-49a7-898e-4a440f3cd7bd,SKU-12720,Wheel Axle H38,CTRA1-V-038-1,2026-07-21 02:30:02.965479+00
aa0b6fc1-e872-4a60-8509-a63c41d79da2,SKU-12267,Motor U85,CTRA1-R-063-2,2026-07-21 02:30:02.965479+00
aa230166-c791-4fd8-a9e2-8dc4eff772b6,SKU-10435,Gearbox C85,CTRA1-D-029-2,2026-07-21 02:30:02.965479+00
aa3f0022-6a17-455b-a777-3800f9622ab1,SKU-10078,Casing S59,CTRA1-A-040-1,2026-07-21 02:30:02.965479+00
aa4f7e1e-d6ed-4575-9f51-559000950154,SKU-11440,Wheel Axle X62,CTRA1-L-028-1,2026-07-21 02:30:02.965479+00
aa5627c4-7a63-4f57-8b4d-9989c1c97480,SKU-10234,Wheel Axle K10,CTRA1-B-055-1,2026-07-21 02:30:02.965479+00
aa5fa041-f7b2-4c04-9137-590d588991c9,SKU-12358,Panel P97,CTRA1-S-046-1,2026-07-21 02:30:02.965479+00
aa7449a7-5a83-4582-bab3-f3aa58e6f1b8,SKU-10898,Motor M4,CTRA1-H-009-1,2026-07-21 02:30:02.965479+00
aa97cfd1-1b4f-4a71-a040-6218d814a97e,SKU-11665,Wheel Axle U6,CTRA1-N-014-2,2026-07-21 02:30:02.965479+00
aabd0e58-8f5b-4b29-b5d1-d5225c0b90d9,SKU-10132,Wheel Axle F81,CTRA1-B-004-1,2026-07-21 02:30:02.965479+00
aad16957-6ce6-4790-99cd-a28ccbd28541,SKU-10022,Motor H64,CTRA1-A-012-1,2026-07-21 02:30:02.965479+00
ab047000-4da5-4681-814d-4ec147aff60d,SKU-11327,Chassis G35,CTRA1-K-034-2,2026-07-21 02:30:02.965479+00
ab06e064-d627-4feb-9e2f-d3e041ec285f,SKU-11248,Body Shell P72,CTRA1-J-058-1,2026-07-21 02:30:02.965479+00
ab4414f8-9198-42f9-b605-73ef7a1674c6,SKU-10349,Body Shell E6,CTRA1-C-049-2,2026-07-21 02:30:02.965479+00
ab45d576-669c-4d87-b4be-72653830f0a0,SKU-12825,Gearbox U20,CTRA1-W-027-2,2026-07-21 02:30:02.965479+00
ab492b21-bc7d-4359-a28a-866e3c802dbb,SKU-12999,Motor P98,CTRA1-X-051-2,2026-07-21 02:30:02.965479+00
ab4af412-c930-49a0-8e8f-8b5c058aec77,SKU-12179,Motor Z75,CTRA1-R-019-2,2026-07-21 02:30:02.965479+00
ab503814-7214-42a0-8e73-db3bd74b4f29,SKU-12931,Casing D19,CTRA1-X-017-2,2026-07-21 02:30:02.965479+00
ab5a2ba1-4444-450b-bc4a-7c955a8bff71,SKU-12654,Motor H4,CTRA1-V-005-1,2026-07-21 02:30:02.965479+00
ab784c5d-d18f-4027-b27d-f6ef1a19d842,SKU-12565,Gearbox P12,CTRA1-U-023-2,2026-07-21 02:30:02.965479+00
ab7f68e6-8463-4dfe-80dc-d9c6fd86b135,SKU-12345,Wheel Axle Y29,CTRA1-S-039-2,2026-07-21 02:30:02.965479+00
ab927e29-8e65-4614-b50d-c0d1048bf5cb,SKU-10568,Wheel Axle C69,CTRA1-E-033-1,2026-07-21 02:30:02.965479+00
ab950675-d8be-4065-8586-aa8787619ef9,SKU-10739,Body Shell L64,CTRA1-F-055-2,2026-07-21 02:30:02.965479+00
ab9c995d-c1df-4e3d-9c64-f7c5108ebb62,SKU-12318,Wheel Axle H9,CTRA1-S-026-1,2026-07-21 02:30:02.965479+00
abc4415e-4406-4a55-a43a-712ff9c6af9a,SKU-11379,Body Shell C48,CTRA1-K-060-2,2026-07-21 02:30:02.965479+00
abd781fd-dee3-45d7-b993-6256b89a9dbf,SKU-10607,Gearbox N44,CTRA1-E-052-2,2026-07-21 02:30:02.965479+00
abed0811-156f-445f-9aba-c47881c5fd8c,SKU-10293,Gearbox R92,CTRA1-C-021-2,2026-07-21 02:30:02.965479+00
abed6e94-9852-4ca2-ba4b-5a90e785a7a8,SKU-11421,Gearbox C54,CTRA1-L-018-2,2026-07-21 02:30:02.965479+00
ac01bd58-6e5f-46fd-af75-9e61f55ef219,SKU-12042,Body Shell X6,CTRA1-Q-014-1,2026-07-21 02:30:02.965479+00
ac64b1fa-8d6c-47d0-973c-5e7a5bcd6315,SKU-10949,Body Shell W6,CTRA1-H-034-2,2026-07-21 02:30:02.965479+00
acb97518-cb7e-4edc-84ae-d74bc0ae5282,SKU-12613,Chassis B24,CTRA1-U-047-2,2026-07-21 02:30:02.965479+00
acd5f800-2953-4994-a62b-e10c10915d58,SKU-10530,Body Shell Q6,CTRA1-E-014-1,2026-07-21 02:30:02.965479+00
acd738f4-5867-43ad-b4f4-7b7ef463c1e1,SKU-12953,Panel C91,CTRA1-X-028-2,2026-07-21 02:30:02.965479+00
acdd4341-2881-45a2-b675-fcc081c925bd,SKU-11469,Gearbox Z68,CTRA1-L-042-2,2026-07-21 02:30:02.965479+00
ace89fe7-e8b6-4f0d-96a1-ed5bff1f0c73,SKU-12644,Motor J53,CTRA1-U-063-1,2026-07-21 02:30:02.965479+00
acf2ad1e-c0ba-407f-8392-bedb7c0aabe8,SKU-10475,Sensor Component H93,CTRA1-D-049-2,2026-07-21 02:30:02.965479+00
ad12d56b-ba8e-47d8-81e1-69e182659f85,SKU-12120,Gearbox H61,CTRA1-Q-053-1,2026-07-21 02:30:02.965479+00
ad5a34c1-e56c-46fa-8db6-82fe09341205,SKU-12814,Casing T73,CTRA1-W-022-1,2026-07-21 02:30:02.965479+00
ad867e23-828b-421c-93b9-9eb806ad2343,SKU-10608,Body Shell P57,CTRA1-E-053-1,2026-07-21 02:30:02.965479+00
ad88764c-0497-4940-976d-f4f3a7ee76e4,SKU-10730,Casing O39,CTRA1-F-051-1,2026-07-21 02:30:02.965479+00
ad8943db-2575-415b-9bce-e76f72074fcd,SKU-12369,Panel W75,CTRA1-S-051-2,2026-07-21 02:30:02.965479+00
ada14959-3dfe-41cb-9a6d-9475cff370a4,SKU-10290,Motor W55,CTRA1-C-020-1,2026-07-21 02:30:02.965479+00
adaaf2e5-426a-4bc3-8959-bc9273a997b8,SKU-12544,Motor J49,CTRA1-U-013-1,2026-07-21 02:30:02.965479+00
adcbbd59-d886-4d15-9e64-c5e342528d35,SKU-10990,Gearbox F16,CTRA1-H-055-1,2026-07-21 02:30:02.965479+00
add904e3-1e35-4fa4-aaa3-8e162e169c70,SKU-12965,Wheel Axle S14,CTRA1-X-034-2,2026-07-21 02:30:02.965479+00
addd3341-47d1-40b6-bb6d-340a367c0f9d,SKU-10381,Wheel Axle X4,CTRA1-D-002-2,2026-07-21 02:30:02.965479+00
ae0b3e5e-2e05-4175-b520-5ddcb3b2c25a,SKU-12334,Chassis T21,CTRA1-S-034-1,2026-07-21 02:30:02.965479+00
ae2a5d59-27f7-40d3-af08-d2629a522328,SKU-12924,Wheel Axle J17,CTRA1-X-014-1,2026-07-21 02:30:02.965479+00
ae2a73e9-8735-4690-b341-5dac0f2e9e0f,SKU-10538,Panel I69,CTRA1-E-018-1,2026-07-21 02:30:02.965479+00
ae35247d-88ca-4b01-92df-c0eb913404cd,SKU-11436,Motor T71,CTRA1-L-026-1,2026-07-21 02:30:02.965479+00
ae4565f9-2037-4a31-a98d-9f99eb5f9609,SKU-10369,Body Shell V48,CTRA1-C-059-2,2026-07-21 02:30:02.965479+00
ae535e20-6d43-4493-98ab-756fe27eacb7,SKU-10199,Motor O36,CTRA1-B-037-2,2026-07-21 02:30:02.965479+00
ae6addd5-abf5-4869-aa2b-159045cea2f9,SKU-10015,Panel T90,CTRA1-A-008-2,2026-07-21 02:30:02.965479+00
ae782caf-34d6-4627-a1aa-0ab5d3508202,SKU-11608,Body Shell W97,CTRA1-M-049-1,2026-07-21 02:30:02.965479+00
ae91d838-1c1d-419b-952e-bf20f676a60f,SKU-12473,Wheel Axle U0,CTRA1-T-040-2,2026-07-21 02:30:02.965479+00
ae963c6a-6953-43dd-a518-fa488c0e6ccf,SKU-11856,Body Shell E45,CTRA1-O-047-1,2026-07-21 02:30:02.965479+00
aeb4cc89-6f89-428f-bd3d-8008cbfd6af5,SKU-10706,Body Shell X97,CTRA1-F-039-1,2026-07-21 02:30:02.965479+00
aec51b7d-13f1-4e9c-a3db-28958f740d85,SKU-10343,Body Shell V65,CTRA1-C-046-2,2026-07-21 02:30:02.965479+00
af06ac51-9e9d-4e6d-ac7c-9485ba4494ce,SKU-11709,Panel S93,CTRA1-N-036-2,2026-07-21 02:30:02.965479+00
af1fe843-8194-42c0-910c-a12f876391e4,SKU-10534,Body Shell V80,CTRA1-E-016-1,2026-07-21 02:30:02.965479+00
af2ad990-73ce-4517-b46f-2fd085b15073,SKU-11431,Body Shell Y54,CTRA1-L-023-2,2026-07-21 02:30:02.965479+00
af2c7419-5f0f-435e-a52e-7593b647178f,SKU-11693,Gearbox T74,CTRA1-N-028-2,2026-07-21 02:30:02.965479+00
af4642fe-44b9-4e1d-bffc-e5180d0dfd9c,SKU-11522,Body Shell I70,CTRA1-M-006-1,2026-07-21 02:30:02.965479+00
af764e87-6d63-47ed-8df6-7f4fc97e2980,SKU-11226,Panel C57,CTRA1-J-047-1,2026-07-21 02:30:02.965479+00
af85662e-b0f9-46a5-b1fd-445ad0265f17,SKU-11294,Wheel Axle G21,CTRA1-K-018-1,2026-07-21 02:30:02.965479+00
af8c0195-2323-4efd-918f-28290601c40d,SKU-12899,Casing B2,CTRA1-W-064-2,2026-07-21 02:30:02.965479+00
af91327a-0bed-4e62-9ce7-157fc5f92904,SKU-11603,Wheel Axle R42,CTRA1-M-046-2,2026-07-21 02:30:02.965479+00
afa05fcb-cfcd-4bea-a09f-e2fda2b0c273,SKU-12680,Gearbox O81,CTRA1-V-018-1,2026-07-21 02:30:02.965479+00
afb5d517-9a88-45ea-8fe9-49d4cd2de15c,SKU-12256,Wheel Axle J76,CTRA1-R-058-1,2026-07-21 02:30:02.965479+00
afd7620d-c340-4a0c-9aaf-16bee353a781,SKU-10020,Panel V59,CTRA1-A-011-1,2026-07-21 02:30:02.965479+00
aff73a4b-d365-4e6c-9abb-855b34b59685,SKU-11290,Chassis G77,CTRA1-K-016-1,2026-07-21 02:30:02.965479+00
afff38ea-3a62-4c47-ace8-0bfbce5eedb6,SKU-12800,Casing G81,CTRA1-W-015-1,2026-07-21 02:30:02.965479+00
b0102073-ec82-48be-af2e-cf93dcb29cb8,SKU-11119,Motor J76,CTRA1-I-056-2,2026-07-21 02:30:02.965479+00
b014e14b-148b-4af3-b95c-cf8277b31558,SKU-11645,Body Shell L10,CTRA1-N-004-2,2026-07-21 02:30:02.965479+00
b025ee8b-c910-4f74-926c-4cbbcb01979e,SKU-12373,Casing M86,CTRA1-S-053-2,2026-07-21 02:30:02.965479+00
b02d9db2-db04-4457-b07b-67c253a813db,SKU-11663,Motor Z16,CTRA1-N-013-2,2026-07-21 02:30:02.965479+00
b031b6f1-2ba3-4463-8ea5-d84b763c0710,SKU-11079,Motor O42,CTRA1-I-036-2,2026-07-21 02:30:02.965479+00
b0499d0e-07b0-443e-bdea-922ca0bf8782,SKU-12749,Panel V33,CTRA1-V-052-2,2026-07-21 02:30:02.965479+00
b054a188-1995-47d2-823e-f88bd33b7ca8,SKU-11570,Casing L63,CTRA1-M-030-1,2026-07-21 02:30:02.965479+00
b0698d9c-d4ba-4089-9452-9a6ed71bc91b,SKU-12309,Wheel Axle M77,CTRA1-S-021-2,2026-07-21 02:30:02.965479+00
b07757c4-e56f-42bf-947f-2876d72e759f,SKU-12935,Wheel Axle T62,CTRA1-X-019-2,2026-07-21 02:30:02.965479+00
b07b5281-93b3-40a9-807a-ac1ef49be3b3,SKU-11067,Casing V93,CTRA1-I-030-2,2026-07-21 02:30:02.965479+00
b0854466-862a-4c80-b003-d7e0a3e2088e,SKU-11586,Chassis S15,CTRA1-M-038-1,2026-07-21 02:30:02.965479+00
b0876976-1c60-469a-8cce-ed8c819589cf,SKU-11071,Sensor Component Y8,CTRA1-I-032-2,2026-07-21 02:30:02.965479+00
b08a5023-31c1-4832-bfee-f3b15ff174e7,SKU-10259,Body Shell D9,CTRA1-C-004-2,2026-07-21 02:30:02.965479+00
b0d709ad-1b32-4992-b9d0-3cf06bacd367,SKU-10004,Motor U6,CTRA1-A-003-1,2026-07-21 02:30:02.965479+00
b0d94ac1-dd3c-44e7-a26d-5394f292cfba,SKU-10933,Body Shell D81,CTRA1-H-026-2,2026-07-21 02:30:02.965479+00
b0e09496-3a84-449a-aeb9-ee31a3aef0fd,SKU-12809,Wheel Axle C23,CTRA1-W-019-2,2026-07-21 02:30:02.965479+00
b0e3aeee-bd4c-4018-af2d-75ef9b1aeb27,SKU-13013,Motor N89,CTRA1-X-058-2,2026-07-21 02:30:02.965479+00
b0e960b9-4f6f-465a-aa0e-550dbf1d96e1,SKU-11955,Panel K9,CTRA1-P-033-2,2026-07-21 02:30:02.965479+00
b1090cb7-0000-46ae-90de-060f88195bd1,SKU-11021,Wheel Axle Y65,CTRA1-I-007-2,2026-07-21 02:30:02.965479+00
b1118587-befa-4ac8-baef-6eaf2a2d8308,SKU-11218,Casing H21,CTRA1-J-043-1,2026-07-21 02:30:02.965479+00
b122fc13-8d1c-4d1f-9810-782692061e9a,SKU-12733,Gearbox C77,CTRA1-V-044-2,2026-07-21 02:30:02.965479+00
b13abd2e-0925-4c27-b721-dd9a12cf2885,SKU-11032,Panel E85,CTRA1-I-013-1,2026-07-21 02:30:02.965479+00
b1413237-6962-47d1-ad24-145039e621dc,SKU-10499,Motor Y54,CTRA1-D-061-2,2026-07-21 02:30:02.965479+00
b15aec6a-d5bc-4fda-8486-65a17b89f6bf,SKU-10451,Panel Y16,CTRA1-D-037-2,2026-07-21 02:30:02.965479+00
b1641e01-3161-4fc9-8adb-b5950b0b0fb5,SKU-12643,Gearbox I87,CTRA1-U-062-2,2026-07-21 02:30:02.965479+00
b1bbb3d5-14d5-40e1-8d34-e893dbfda24d,SKU-12008,Panel J75,CTRA1-P-060-1,2026-07-21 02:30:02.965479+00
b1c040ee-3549-428a-9313-d44ed17530bc,SKU-11910,Body Shell G0,CTRA1-P-011-1,2026-07-21 02:30:02.965479+00
b1ee9e13-d66c-4a39-a3f4-e3ddb208e205,SKU-10678,Motor I10,CTRA1-F-025-1,2026-07-21 02:30:02.965479+00
b1f94bdd-e9fa-40a5-915b-8c8c4c516b3d,SKU-10031,Gearbox G26,CTRA1-A-016-2,2026-07-21 02:30:02.965479+00
b2014df1-3415-42f6-972f-bc3e62a9e3f4,SKU-12933,Body Shell U66,CTRA1-X-018-2,2026-07-21 02:30:02.965479+00
b2109480-060d-4dcc-90e9-6e86d644df4d,SKU-12659,Panel C18,CTRA1-V-007-2,2026-07-21 02:30:02.965479+00
b214d573-d23d-4399-bad8-9218378883f4,SKU-12712,Panel G72,CTRA1-V-034-1,2026-07-21 02:30:02.965479+00
b2365c70-54f5-451c-90a4-a1873b95b506,SKU-11841,Chassis V36,CTRA1-O-039-2,2026-07-21 02:30:02.965479+00
b25b1141-c699-479f-91da-92b96a5144b9,SKU-10790,Sensor Component C91,CTRA1-G-018-1,2026-07-21 02:30:02.965479+00
b2604c42-3880-488c-b104-9206f0a1e9c0,SKU-11594,Casing G2,CTRA1-M-042-1,2026-07-21 02:30:02.965479+00
b2a89190-e033-49cf-b1de-962e05f19037,SKU-12797,Gearbox N2,CTRA1-W-013-2,2026-07-21 02:30:02.965479+00
b2af4b03-7e34-4695-a0ec-10a51a3edca4,SKU-10542,Panel U5,CTRA1-E-020-1,2026-07-21 02:30:02.965479+00
b30c3ac7-658c-4b29-ad85-ad9e8ca689db,SKU-10966,Casing Q80,CTRA1-H-043-1,2026-07-21 02:30:02.965479+00
b32dc255-bd4f-4665-9ec9-d1c576b98f74,SKU-12561,Motor P17,CTRA1-U-021-2,2026-07-21 02:30:02.965479+00
b3303d05-74ff-44da-b4e1-24561f94d689,SKU-12917,Gearbox V8,CTRA1-X-010-2,2026-07-21 02:30:02.965479+00
b3506ece-6449-4213-a46d-d68ec3b98b30,SKU-11557,Body Shell D50,CTRA1-M-023-2,2026-07-21 02:30:02.965479+00
b35dcfa0-feab-49c7-bc02-9731361e0df4,SKU-12074,Panel T23,CTRA1-Q-030-1,2026-07-21 02:30:02.965479+00
b38a5c03-8d32-4235-b520-34492d79db12,SKU-12247,Gearbox T65,CTRA1-R-053-2,2026-07-21 02:30:02.965479+00
b39f40c9-6097-49ef-a96f-32e010320de8,SKU-12161,Casing F77,CTRA1-R-010-2,2026-07-21 02:30:02.965479+00
b3a99b31-e962-4b9d-a775-d5e7e73a1e23,SKU-12588,Body Shell A13,CTRA1-U-035-1,2026-07-21 02:30:02.965479+00
b3cdef2f-bcd0-4e78-af36-a549a2b7e7da,SKU-12801,Casing G7,CTRA1-W-015-2,2026-07-21 02:30:02.965479+00
b3eb5fb9-1c24-434a-84a5-1c13da9c8a98,SKU-10372,Gearbox E62,CTRA1-C-061-1,2026-07-21 02:30:02.965479+00
b3ef463a-5495-41d2-866c-fa7316f0d24c,SKU-11847,Wheel Axle M5,CTRA1-O-042-2,2026-07-21 02:30:02.965479+00
b3ff7897-7a84-4efe-88de-5dc087aac154,SKU-11020,Casing B1,CTRA1-I-007-1,2026-07-21 02:30:02.965479+00
b4107193-e4cd-4572-bd22-3406bdc6c09a,SKU-11585,Chassis Q68,CTRA1-M-037-2,2026-07-21 02:30:02.965479+00
b418eddc-b7be-4983-bf3e-136988ede75f,SKU-10873,Wheel Axle W53,CTRA1-G-059-2,2026-07-21 02:30:02.965479+00
b46d2e37-3676-4e9a-9fe2-dd53240c052c,SKU-11045,Body Shell N71,CTRA1-I-019-2,2026-07-21 02:30:02.965479+00
b4bc8a73-4ee6-4841-aef9-27397ed22053,SKU-10752,Wheel Axle V77,CTRA1-F-062-1,2026-07-21 02:30:02.965479+00
b4e35f49-25e6-48f5-bd31-945fed4e07e9,SKU-10497,Gearbox I30,CTRA1-D-060-2,2026-07-21 02:30:02.965479+00
b4e89b49-8740-4719-823e-ff61af0e3d9d,SKU-11471,Chassis E82,CTRA1-L-043-2,2026-07-21 02:30:02.965479+00
b4f38363-d38e-4381-9ae8-2859ea3e6861,SKU-10584,Casing Q12,CTRA1-E-041-1,2026-07-21 02:30:02.965479+00
b4fe4715-39ec-4a63-8bf9-46ff087350bf,SKU-10203,Body Shell N80,CTRA1-B-039-2,2026-07-21 02:30:02.965479+00
b5404e04-c70b-478a-a717-33104f367081,SKU-12949,Panel W60,CTRA1-X-026-2,2026-07-21 02:30:02.965479+00
b544dcb1-2262-4523-a4cf-2d7c918ae2f7,SKU-11783,Wheel Axle T28,CTRA1-O-010-2,2026-07-21 02:30:02.965479+00
b5570bd6-8777-4c2d-9b79-c517b6d6186d,SKU-10997,Motor B76,CTRA1-H-058-2,2026-07-21 02:30:02.965479+00
b57213c6-39bb-442d-afa7-d2d4070ceee6,SKU-12482,Sensor Component N61,CTRA1-T-045-1,2026-07-21 02:30:02.965479+00
b59d0fe1-518c-4cb2-ace1-3bb0a090661d,SKU-11103,Motor Z15,CTRA1-I-048-2,2026-07-21 02:30:02.965479+00
b5ae2d03-7556-4a94-bb95-9b54189111e0,SKU-12891,Body Shell Q68,CTRA1-W-060-2,2026-07-21 02:30:02.965479+00
b5b324a4-cf3a-41d5-a08e-510d8680c1fa,SKU-12291,Panel B30,CTRA1-S-012-2,2026-07-21 02:30:02.965479+00
b63e0fde-e38b-497a-aa46-50e85632cc0c,SKU-10812,Wheel Axle L27,CTRA1-G-029-1,2026-07-21 02:30:02.965479+00
b63f8391-4f51-40a4-aff0-89c98d96d527,SKU-11555,Panel V16,CTRA1-M-022-2,2026-07-21 02:30:02.965479+00
b6585b6a-d1f8-473f-8910-6e6725bdd183,SKU-11660,Panel U69,CTRA1-N-012-1,2026-07-21 02:30:02.965479+00
b659e6b5-d8b1-4a3b-88e9-b731aea35d05,SKU-11546,Casing C87,CTRA1-M-018-1,2026-07-21 02:30:02.965479+00
b668bca4-d516-4a87-b9c6-492c507b464c,SKU-10255,Panel L60,CTRA1-C-002-2,2026-07-21 02:30:02.965479+00
b678b3dc-3648-4561-9394-9d9a2a126270,SKU-11687,Wheel Axle M56,CTRA1-N-025-2,2026-07-21 02:30:02.965479+00
b6906144-a931-4304-a80a-143cdb77bd9e,SKU-11033,Gearbox D58,CTRA1-I-013-2,2026-07-21 02:30:02.965479+00
b6963c9b-ca25-4ad9-9c13-bfe28370f3eb,SKU-10252,Gearbox Y86,CTRA1-C-001-1,2026-07-21 02:30:02.965479+00
b6c8e356-f45a-4215-9772-b7f89066a88e,SKU-10742,Body Shell H1,CTRA1-F-057-1,2026-07-21 02:30:02.965479+00
b7187a5d-5655-4632-a81d-f9f098937c46,SKU-11433,Body Shell Z61,CTRA1-L-024-2,2026-07-21 02:30:02.965479+00
b72ef3a8-b56c-422a-b01b-4bf38d0dafd1,SKU-12831,Motor T78,CTRA1-W-030-2,2026-07-21 02:30:02.965479+00
b73aa740-96ca-466e-835e-1687af9d9358,SKU-10387,Chassis S38,CTRA1-D-005-2,2026-07-21 02:30:02.965479+00
b747b389-33f6-4fae-be0f-55a02bae1d33,SKU-11363,Chassis P75,CTRA1-K-052-2,2026-07-21 02:30:02.965479+00
b78400cb-fd58-46aa-9ba3-e052d909069d,SKU-12329,Gearbox U68,CTRA1-S-031-2,2026-07-21 02:30:02.965479+00
b789a9d4-d64b-4f7b-a5c8-bad26eb3abbc,SKU-12541,Gearbox Y58,CTRA1-U-011-2,2026-07-21 02:30:02.965479+00
b78a5795-40c4-432b-802f-eaf4c2142a6d,SKU-11672,Casing K38,CTRA1-N-018-1,2026-07-21 02:30:02.965479+00
b793c537-1af0-4b72-bd3a-0ac8456d3a42,SKU-12036,Wheel Axle F5,CTRA1-Q-011-1,2026-07-21 02:30:02.965479+00
b79d538f-8e3c-4c73-9b62-2c1bca42667a,SKU-11697,Wheel Axle N61,CTRA1-N-030-2,2026-07-21 02:30:02.965479+00
b79d6e46-a5ca-4a0c-86ee-9b9f13ef63bd,SKU-10301,Body Shell H20,CTRA1-C-025-2,2026-07-21 02:30:02.965479+00
b7a6a160-857c-414c-b68e-cd2468eea9dd,SKU-11376,Chassis Q64,CTRA1-K-059-1,2026-07-21 02:30:02.965479+00
b7b4a3ba-e4d8-4cd5-8902-efa6cd04dc89,SKU-10848,Chassis G75,CTRA1-G-047-1,2026-07-21 02:30:02.965479+00
b7bc880a-c844-4977-9173-7ea6fc93427d,SKU-12082,Body Shell N12,CTRA1-Q-034-1,2026-07-21 02:30:02.965479+00
b7de2b13-2a26-429e-b6b4-30ac0bf6af95,SKU-11200,Motor R19,CTRA1-J-034-1,2026-07-21 02:30:02.965479+00
b7eb98c2-728e-4879-92de-142300a4a89a,SKU-12863,Motor Y73,CTRA1-W-046-2,2026-07-21 02:30:02.965479+00
b7f23891-4b8e-4dec-b0ea-53a970c260c1,SKU-11326,Gearbox T63,CTRA1-K-034-1,2026-07-21 02:30:02.965479+00
b7f8533f-6f98-4ee3-95cc-12ea25c0d8ae,SKU-10749,Motor E35,CTRA1-F-060-2,2026-07-21 02:30:02.965479+00
b801d030-16f5-4a0c-9a99-95c5dc21aa48,SKU-10890,Gearbox L16,CTRA1-H-005-1,2026-07-21 02:30:02.965479+00
b829d794-b4c9-48b6-bb5c-3f2edbcb1691,SKU-11786,Body Shell N54,CTRA1-O-012-1,2026-07-21 02:30:02.965479+00
b834659f-54b8-43f2-94a4-febada7551a3,SKU-11394,Gearbox N46,CTRA1-L-005-1,2026-07-21 02:30:02.965479+00
b83fc4a8-ec13-4f7d-adea-4e94d6407ca4,SKU-10452,Panel L92,CTRA1-D-038-1,2026-07-21 02:30:02.965479+00
b84a03a9-b5c5-47e5-9cf7-d50868130fdf,SKU-11721,Wheel Axle U59,CTRA1-N-042-2,2026-07-21 02:30:02.965479+00
b8593b2f-b723-450c-8f8a-2a296ae07368,SKU-11270,Casing D26,CTRA1-K-006-1,2026-07-21 02:30:02.965479+00
b88980ab-51ab-4465-860a-99ce8d7017bf,SKU-10241,Gearbox B11,CTRA1-B-058-2,2026-07-21 02:30:02.965479+00
b8955f44-dd16-463a-a30d-8d763d47ca56,SKU-11778,Chassis V69,CTRA1-O-008-1,2026-07-21 02:30:02.965479+00
b8bdf4b2-1b4b-4770-bdde-3873762b37f0,SKU-12148,Sensor Component H70,CTRA1-R-004-1,2026-07-21 02:30:02.965479+00
b8dbb9e4-55ed-48b5-933e-83ea6d923328,SKU-12621,Sensor Component K36,CTRA1-U-051-2,2026-07-21 02:30:02.965479+00
b8e1d470-ce0b-4e49-a57b-01a26b48908c,SKU-12063,Gearbox B26,CTRA1-Q-024-2,2026-07-21 02:30:02.965479+00
b8e500f6-4dcb-4b6b-8c38-b3cad08b1100,SKU-10330,Motor A60,CTRA1-C-040-1,2026-07-21 02:30:02.965479+00
b8e8d76f-1b41-4082-9717-20c4239d9bb5,SKU-10032,Body Shell K58,CTRA1-A-017-1,2026-07-21 02:30:02.965479+00
b8f4ee17-581b-4f1c-8b15-67479a647776,SKU-11650,Panel P39,CTRA1-N-007-1,2026-07-21 02:30:02.965479+00
b8f5ce91-511e-481a-9acc-bbff7678e10f,SKU-12609,Body Shell C73,CTRA1-U-045-2,2026-07-21 02:30:02.965479+00
b920c317-ddfb-4d54-8fc0-dc7b1a5d5d48,SKU-11604,Sensor Component V32,CTRA1-M-047-1,2026-07-21 02:30:02.965479+00
b9220d7e-30b3-45d2-8fad-cd5e17da3dda,SKU-10694,Casing T62,CTRA1-F-033-1,2026-07-21 02:30:02.965479+00
b928bc93-bb45-454c-9284-5e6111ac6748,SKU-11639,Wheel Axle G88,CTRA1-M-064-2,2026-07-21 02:30:02.965479+00
b92cf011-4459-4b77-81f0-116bbf3fccf0,SKU-10271,Casing W8,CTRA1-C-010-2,2026-07-21 02:30:02.965479+00
b94e0f2a-779e-468e-8187-8efb32799dc9,SKU-10227,Casing L35,CTRA1-B-051-2,2026-07-21 02:30:02.965479+00
b9535e1a-d0f4-4e64-9fce-304f9b84be3f,SKU-12526,Wheel Axle X28,CTRA1-U-004-1,2026-07-21 02:30:02.965479+00
b95fc4d0-78ec-45dc-9a80-7150d0d5f254,SKU-12158,Sensor Component N9,CTRA1-R-009-1,2026-07-21 02:30:02.965479+00
b96748f9-003c-419b-92c0-b8685cc3a6b3,SKU-10943,Body Shell K46,CTRA1-H-031-2,2026-07-21 02:30:02.965479+00
b98976cb-fefc-4a3b-9a1e-5e42fb5b7a1a,SKU-11780,Wheel Axle O42,CTRA1-O-009-1,2026-07-21 02:30:02.965479+00
b9923a75-5e1e-42f7-bce6-f93e8b1cc7db,SKU-10799,Motor E86,CTRA1-G-022-2,2026-07-21 02:30:02.965479+00
b9a19c53-2537-4117-b5ec-5482f7f60232,SKU-10389,Wheel Axle X23,CTRA1-D-006-2,2026-07-21 02:30:02.965479+00
b9ac1645-1e64-4d38-b2cc-a8a16c9f4bcf,SKU-11102,Motor U49,CTRA1-I-048-1,2026-07-21 02:30:02.965479+00
b9caa5c5-0221-4c53-8a02-e35dbfda747a,SKU-11105,Casing M62,CTRA1-I-049-2,2026-07-21 02:30:02.965479+00
b9ce1cfa-f186-41b9-a551-c503958aedfe,SKU-12732,Motor S67,CTRA1-V-044-1,2026-07-21 02:30:02.965479+00
b9d20b24-e606-4323-8844-145d738012db,SKU-11007,Casing F21,CTRA1-H-063-2,2026-07-21 02:30:02.965479+00
b9dd7f96-88b3-41df-8e9f-3e7ff264aeb0,SKU-12911,Sensor Component N7,CTRA1-X-007-2,2026-07-21 02:30:02.965479+00
ba113af2-9935-43ac-aa05-b703b5ee5abe,SKU-11467,Chassis Y14,CTRA1-L-041-2,2026-07-21 02:30:02.965479+00
ba14de7d-fd7e-4c4b-9249-2be2b7a4797e,SKU-11190,Body Shell P34,CTRA1-J-029-1,2026-07-21 02:30:02.965479+00
ba17c967-3f1d-4e2b-b23d-0b2d8efad40b,SKU-12360,Wheel Axle J89,CTRA1-S-047-1,2026-07-21 02:30:02.965479+00
ba316fc7-9b45-4987-aa92-e026c4ad3d0f,SKU-10754,Chassis C98,CTRA1-F-063-1,2026-07-21 02:30:02.965479+00
ba6f03e9-8641-49d7-ba90-88751e97d373,SKU-11770,Sensor Component O85,CTRA1-O-004-1,2026-07-21 02:30:02.965479+00
ba73da7c-21b4-456d-9195-34cd97c2dd60,SKU-11699,Sensor Component X83,CTRA1-N-031-2,2026-07-21 02:30:02.965479+00
ba7fe937-06a9-4409-b0bd-f234decc4fc6,SKU-11439,Chassis X19,CTRA1-L-027-2,2026-07-21 02:30:02.965479+00
ba8d5b20-a641-4001-ab0d-bb7faefe887f,SKU-12020,Wheel Axle S63,CTRA1-Q-003-1,2026-07-21 02:30:02.965479+00
badac439-6635-41dd-84ed-df79c627a7ce,SKU-12192,Chassis E76,CTRA1-R-026-1,2026-07-21 02:30:02.965479+00
badaecfa-a804-4def-8be4-d929d52a6bf4,SKU-11917,Body Shell F9,CTRA1-P-014-2,2026-07-21 02:30:02.965479+00
bae94bd3-5e8d-47a2-bdcc-4078e178235e,SKU-12406,Wheel Axle S5,CTRA1-T-007-1,2026-07-21 02:30:02.965479+00
baed5be0-541f-4ecb-b431-7de6ce55a8b4,SKU-12274,Gearbox T77,CTRA1-S-004-1,2026-07-21 02:30:02.965479+00
baf2c0eb-9e13-4267-9c0d-bf1231ea2ee0,SKU-11220,Motor D47,CTRA1-J-044-1,2026-07-21 02:30:02.965479+00
bb03679c-9fa0-48e5-b087-efee4e6ccf27,SKU-10778,Casing I91,CTRA1-G-012-1,2026-07-21 02:30:02.965479+00
bb26ddcc-13da-40e4-b37a-3cea44f070d2,SKU-11003,Gearbox E27,CTRA1-H-061-2,2026-07-21 02:30:02.965479+00
bb62e41f-1c71-45d0-ae41-373cd3942de1,SKU-10631,Panel F56,CTRA1-E-064-2,2026-07-21 02:30:02.965479+00
bb78811c-472a-4abf-972d-b2ff856a2be2,SKU-11062,Body Shell J55,CTRA1-I-028-1,2026-07-21 02:30:02.965479+00
bb8b5cde-06ad-4379-920f-404196a6e297,SKU-11652,Body Shell S1,CTRA1-N-008-1,2026-07-21 02:30:02.965479+00
bb9b5323-b25b-4292-b391-2bd364c69591,SKU-12628,Panel I42,CTRA1-U-055-1,2026-07-21 02:30:02.965479+00
bbd74f49-2e21-435b-b0bb-359a5da25f11,SKU-11875,Chassis I80,CTRA1-O-056-2,2026-07-21 02:30:02.965479+00
bbdd0a2b-815f-487a-9570-8e8b6263ccb5,SKU-12341,Body Shell X84,CTRA1-S-037-2,2026-07-21 02:30:02.965479+00
bbe326b1-e355-4404-9d98-5cfbe4f99287,SKU-11341,Casing V91,CTRA1-K-041-2,2026-07-21 02:30:02.965479+00
bc074caf-84ba-425f-b0c0-387768c72ef1,SKU-11111,Casing S60,CTRA1-I-052-2,2026-07-21 02:30:02.965479+00
bc145d09-fdf3-45b8-9340-8702d502cb40,SKU-10323,Motor B9,CTRA1-C-036-2,2026-07-21 02:30:02.965479+00
bc2332d2-e193-45da-a529-4df1069a09ae,SKU-11745,Wheel Axle E71,CTRA1-N-054-2,2026-07-21 02:30:02.965479+00
bc3eee19-e571-4b58-9f75-209d690bbbec,SKU-12493,Gearbox Q90,CTRA1-T-050-2,2026-07-21 02:30:02.965479+00
bc4b9b30-753c-4af1-b0b4-c1f3ae4a2710,SKU-11085,Sensor Component D77,CTRA1-I-039-2,2026-07-21 02:30:02.965479+00
bc5f2e50-b6ec-4769-a20b-d39773fdacdf,SKU-12830,Gearbox W4,CTRA1-W-030-1,2026-07-21 02:30:02.965479+00
bc6a4b68-a391-48dc-ba55-e1c9af5a8af3,SKU-11773,Body Shell T12,CTRA1-O-005-2,2026-07-21 02:30:02.965479+00
bc78a1ac-16cd-44e4-8d2e-60f0ac93739e,SKU-10092,Panel O49,CTRA1-A-047-1,2026-07-21 02:30:02.965479+00
bc78ec9c-ed7d-4547-b6eb-0a3a554ba16a,SKU-11181,Casing F79,CTRA1-J-024-2,2026-07-21 02:30:02.965479+00
bc8aaee2-df7f-4827-8fae-50b0fb9955b5,SKU-12396,Wheel Axle E8,CTRA1-T-002-1,2026-07-21 02:30:02.965479+00
bc94074c-394d-4b92-972a-4cc0b47071b9,SKU-12745,Body Shell R28,CTRA1-V-050-2,2026-07-21 02:30:02.965479+00
bc980df9-00e5-4a3c-b475-ded15ba1e126,SKU-12126,Panel J2,CTRA1-Q-056-1,2026-07-21 02:30:02.965479+00
bc9a32aa-e585-46fc-bf1c-fe95c8d27ae3,SKU-12029,Wheel Axle H17,CTRA1-Q-007-2,2026-07-21 02:30:02.965479+00
bc9df69e-5c8f-4925-b589-d746332dc17b,SKU-13006,Chassis J22,CTRA1-X-055-1,2026-07-21 02:30:02.965479+00
bcbc83db-1ed2-4ce3-84ba-23dd5531989e,SKU-12731,Chassis I70,CTRA1-V-043-2,2026-07-21 02:30:02.965479+00
bcc54e63-276b-4b63-91a9-0639204ced55,SKU-12284,Gearbox K67,CTRA1-S-009-1,2026-07-21 02:30:02.965479+00
bccb6b70-6e48-4ce4-936b-899bfa922cff,SKU-10807,Chassis T60,CTRA1-G-026-2,2026-07-21 02:30:02.965479+00
bd2244e3-3875-47fc-8b2e-44ac984d253f,SKU-12498,Body Shell O11,CTRA1-T-053-1,2026-07-21 02:30:02.965479+00
bd23b6b7-026c-456a-b951-2bc6ad51b4f2,SKU-12693,Gearbox S22,CTRA1-V-024-2,2026-07-21 02:30:02.965479+00
bd31b855-272a-4d16-b1c4-035823927e18,SKU-11767,Gearbox X7,CTRA1-O-002-2,2026-07-21 02:30:02.965479+00
bd59c6da-1dba-47e1-8026-def38f0cec9a,SKU-10223,Motor T34,CTRA1-B-049-2,2026-07-21 02:30:02.965479+00
bd677ec9-c395-4317-b4f0-054e03ae4850,SKU-12311,Wheel Axle C27,CTRA1-S-022-2,2026-07-21 02:30:02.965479+00
bd6cdcd1-7e13-4d04-825c-5447bbd4d96d,SKU-11268,Sensor Component M0,CTRA1-K-005-1,2026-07-21 02:30:02.965479+00
bd72b1fa-028f-4401-bf26-401aac679378,SKU-12486,Casing U17,CTRA1-T-047-1,2026-07-21 02:30:02.965479+00
bd845737-84f8-4a9c-bb3a-d1221ab3ff45,SKU-11014,Body Shell E98,CTRA1-I-004-1,2026-07-21 02:30:02.965479+00
bd976e61-e26e-485f-b731-93f34004f613,SKU-12357,Motor T37,CTRA1-S-045-2,2026-07-21 02:30:02.965479+00
bda7f6e0-2ec8-4319-a4fd-7a392143c745,SKU-10108,Casing R52,CTRA1-A-055-1,2026-07-21 02:30:02.965479+00
bdeffac2-8d42-4086-9e23-ac277f6ae1d0,SKU-12866,Gearbox A15,CTRA1-W-048-1,2026-07-21 02:30:02.965479+00
be042f19-6404-4647-ac7e-0c28573b9a1e,SKU-12417,Motor Q92,CTRA1-T-012-2,2026-07-21 02:30:02.965479+00
be0f935e-836b-466a-958a-96c16193618e,SKU-12242,Casing P27,CTRA1-R-051-1,2026-07-21 02:30:02.965479+00
be3db902-c840-4659-adc8-92fea546cd59,SKU-11391,Motor T35,CTRA1-L-003-2,2026-07-21 02:30:02.965479+00
be456b5d-7128-4575-ab67-0f12a9685fd8,SKU-12997,Casing H54,CTRA1-X-050-2,2026-07-21 02:30:02.965479+00
be4c019a-8a71-44d8-b2dc-84cc9767a452,SKU-11990,Gearbox S68,CTRA1-P-051-1,2026-07-21 02:30:02.965479+00
be4e8980-8ff8-4399-ba37-40da589e24d2,SKU-10734,Motor H35,CTRA1-F-053-1,2026-07-21 02:30:02.965479+00
be5c0cb2-8921-466c-964d-f0670ee92c40,HW-MT-02,Heavy Duty Suspension Springs,CTRA1-N-032-2,2026-07-21 02:30:02.965479+00
be6f3665-8f83-43e7-aca7-c5d7f0f54064,SKU-12445,Gearbox F33,CTRA1-T-026-2,2026-07-21 02:30:02.965479+00
be9ab052-ad60-4352-bc84-274c78157614,SKU-10549,Casing E26,CTRA1-E-023-2,2026-07-21 02:30:02.965479+00
bea58f3a-60a2-4178-aa17-678e159377e6,SKU-10283,Panel R25,CTRA1-C-016-2,2026-07-21 02:30:02.965479+00
beaa7d49-a678-46ff-87e4-a7c6698bcb17,SKU-12552,Motor E91,CTRA1-U-017-1,2026-07-21 02:30:02.965479+00
beb589b7-536b-45b7-99e7-465f32f7d877,SKU-12877,Motor G36,CTRA1-W-053-2,2026-07-21 02:30:02.965479+00
bebe6172-4398-4267-a4b2-8081f1c80177,SKU-13019,Chassis S70,CTRA1-X-061-2,2026-07-21 02:30:02.965479+00
bec31bd2-4e03-4bc4-bebb-b154afc1c609,SKU-10340,Motor R65,CTRA1-C-045-1,2026-07-21 02:30:02.965479+00
bedd6cc1-f055-46d6-8343-9913b598b469,SKU-11338,Casing N27,CTRA1-K-040-1,2026-07-21 02:30:02.965479+00
bee089d2-976d-44cf-8656-0a407d8fbb9a,SKU-11728,Motor Y81,CTRA1-N-046-1,2026-07-21 02:30:02.965479+00
bee0e91e-642c-47eb-b892-77a5b0f3415d,SKU-12527,Gearbox V61,CTRA1-U-004-2,2026-07-21 02:30:02.965479+00
bf0bafff-bb98-4dee-abb9-8a315da1340e,SKU-12961,Sensor Component F15,CTRA1-X-032-2,2026-07-21 02:30:02.965479+00
bf176413-dc64-4afc-a5d8-e545e9b81b49,SKU-11432,Body Shell O17,CTRA1-L-024-1,2026-07-21 02:30:02.965479+00
bf1b45c7-ab1c-49c3-899f-51b620fecb5b,SKU-10147,Gearbox U35,CTRA1-B-011-2,2026-07-21 02:30:02.965479+00
bf2ccd89-8c0b-417e-9f53-e55dc40eb89f,SKU-10900,Panel X97,CTRA1-H-010-1,2026-07-21 02:30:02.965479+00
bf57b207-34ba-4343-803a-ca5cea9eae2c,SKU-11602,Body Shell L69,CTRA1-M-046-1,2026-07-21 02:30:02.965479+00
bf991125-58f7-402c-a7b4-72eb226b7591,SKU-12112,Body Shell T99,CTRA1-Q-049-1,2026-07-21 02:30:02.965479+00
bfa71b88-3fec-4f00-b825-d86dc4ccdbff,SKU-11957,Body Shell V67,CTRA1-P-034-2,2026-07-21 02:30:02.965479+00
c027e511-a967-49ea-b0cd-01c5f9e70edc,SKU-11757,Body Shell L96,CTRA1-N-060-2,2026-07-21 02:30:02.965479+00
c03310c9-d2a7-45ba-8540-2e7ee16dfa16,SKU-10430,Body Shell I48,CTRA1-D-027-1,2026-07-21 02:30:02.965479+00
c03402e6-5d6f-4a6e-9043-b72cb63af211,SKU-11563,Wheel Axle H3,CTRA1-M-026-2,2026-07-21 02:30:02.965479+00
c0892b7d-78c1-45c8-bc14-efe0eff569e4,SKU-11284,Wheel Axle X14,CTRA1-K-013-1,2026-07-21 02:30:02.965479+00
c090a7e2-0df5-48e4-b6c9-611c859297c3,SKU-10047,Gearbox T62,CTRA1-A-024-2,2026-07-21 02:30:02.965479+00
c09af8ca-dda2-47f6-9657-e940bae60810,SKU-10718,Panel N15,CTRA1-F-045-1,2026-07-21 02:30:02.965479+00
c0a26a8f-7bc9-4102-8085-538098672a12,SKU-10342,Casing J64,CTRA1-C-046-1,2026-07-21 02:30:02.965479+00
c0a921cd-724f-4bfb-953d-c348939c3f1e,SKU-12747,Gearbox U80,CTRA1-V-051-2,2026-07-21 02:30:02.965479+00
c0dd3b4b-e318-4391-8cf4-029823c0fdd4,SKU-11308,Motor G57,CTRA1-K-025-1,2026-07-21 02:30:02.965479+00
c10778a2-cefd-41e3-95c0-f795c7ee2622,SKU-11870,Panel F16,CTRA1-O-054-1,2026-07-21 02:30:02.965479+00
c134bf36-5a30-4e69-8844-831b5c926b67,SKU-10874,Panel P21,CTRA1-G-060-1,2026-07-21 02:30:02.965479+00
c14d5a85-64c9-4a07-94d6-6d7188cbf3e0,SKU-11163,Wheel Axle M4,CTRA1-J-015-2,2026-07-21 02:30:02.965479+00
c1509db4-9244-44b5-873c-2bc9e1bb555d,SKU-12888,Chassis N15,CTRA1-W-059-1,2026-07-21 02:30:02.965479+00
c16dbc2c-3667-4239-888a-69eef1d1635e,SKU-12989,Casing G46,CTRA1-X-046-2,2026-07-21 02:30:02.965479+00
c1cdd2ed-cbd1-4fa5-a597-8a3d14549148,SKU-12660,Body Shell F81,CTRA1-V-008-1,2026-07-21 02:30:02.965479+00
c1ddbffa-8f1b-424d-b801-03b7f36166a0,SKU-11898,Chassis S43,CTRA1-P-005-1,2026-07-21 02:30:02.965479+00
c1ee739f-2072-4354-a939-e773845c893a,SKU-12230,Motor R60,CTRA1-R-045-1,2026-07-21 02:30:02.965479+00
c1ef205c-2af6-4155-b9bc-2ca89050a40c,SKU-11901,Motor O70,CTRA1-P-006-2,2026-07-21 02:30:02.965479+00
c225b8f8-b68d-4405-a3b2-c6432bb5dc5d,SKU-11112,Motor B29,CTRA1-I-053-1,2026-07-21 02:30:02.965479+00
c22e2b9c-0e1f-4a52-8d74-97a1a3189326,SKU-12667,Panel V66,CTRA1-V-011-2,2026-07-21 02:30:02.965479+00
c23dc533-8ed8-4e22-bfab-0d5a8385d4bf,SKU-12842,Motor G78,CTRA1-W-036-1,2026-07-21 02:30:02.965479+00
c24b3dea-bd6a-4083-8bdc-83ebd1186658,SKU-12282,Wheel Axle H50,CTRA1-S-008-1,2026-07-21 02:30:02.965479+00
c25dbfdd-68a2-4bb8-b3a5-1d7005dfd19d,SKU-10574,Body Shell S93,CTRA1-E-036-1,2026-07-21 02:30:02.965479+00
c27c5cf6-662c-46d2-a58b-3f0b1bbc0ada,SKU-10518,Motor C61,CTRA1-E-008-1,2026-07-21 02:30:02.965479+00
c2879269-3b12-4f5a-a3e3-dadd9e4b353d,SKU-10834,Sensor Component D91,CTRA1-G-040-1,2026-07-21 02:30:02.965479+00
c2996748-a78c-47da-8f42-7e00c60cb4ed,SKU-10440,Wheel Axle Q42,CTRA1-D-032-1,2026-07-21 02:30:02.965479+00
c2b92056-bdaf-43d3-8e15-55b8c6911670,SKU-12553,Motor P7,CTRA1-U-017-2,2026-07-21 02:30:02.965479+00
c2d0e99d-5841-417b-90f6-c9b3e118b3ad,SKU-11312,Motor V11,CTRA1-K-027-1,2026-07-21 02:30:02.965479+00
c2f218e0-c1b7-4429-b0a5-c68274533ee4,SKU-11673,Wheel Axle D69,CTRA1-N-018-2,2026-07-21 02:30:02.965479+00
c305b121-b056-4305-8d9d-8121d4447600,SKU-10509,Wheel Axle Y59,CTRA1-E-003-2,2026-07-21 02:30:02.965479+00
c3068073-a825-4f7d-98de-fad64d083083,SKU-10136,Body Shell S97,CTRA1-B-006-1,2026-07-21 02:30:02.965479+00
c319b2ba-dd24-45d8-90ea-df6e8928d5ec,SKU-12670,Sensor Component J70,CTRA1-V-013-1,2026-07-21 02:30:02.965479+00
c32220ee-173b-4178-802f-7262800004cf,SKU-12689,Casing O22,CTRA1-V-022-2,2026-07-21 02:30:02.965479+00
c3692f40-69c7-47b2-8678-8b5394b1d479,SKU-11224,Body Shell B51,CTRA1-J-046-1,2026-07-21 02:30:02.965479+00
c372bc86-5364-4bbb-a9b3-a5eb71b8344d,SKU-10374,Casing F41,CTRA1-C-062-1,2026-07-21 02:30:02.965479+00
c38eb694-b78f-4067-8be2-8c23acde50e3,SKU-11584,Body Shell K94,CTRA1-M-037-1,2026-07-21 02:30:02.965479+00
c391a82e-fbff-4443-97f2-b629bc5ad314,SKU-12932,Motor V24,CTRA1-X-018-1,2026-07-21 02:30:02.965479+00
c3cdd30a-6dc4-4aec-9b99-c1a9e571c7eb,SKU-12484,Motor C84,CTRA1-T-046-1,2026-07-21 02:30:02.965479+00
c3dbcb11-6d59-4ce4-b598-3d5cf98d6932,SKU-12798,Body Shell I13,CTRA1-W-014-1,2026-07-21 02:30:02.965479+00
c3f0527d-e215-4360-908e-a96948fc59de,SKU-10947,Gearbox F32,CTRA1-H-033-2,2026-07-21 02:30:02.965479+00
c412391d-6f38-4723-a82d-5c14bc18dc3d,SKU-10828,Casing L90,CTRA1-G-037-1,2026-07-21 02:30:02.965479+00
c4128cce-68e3-4ae5-a18a-e76d66ea2da4,SKU-12925,Wheel Axle I47,CTRA1-X-014-2,2026-07-21 02:30:02.965479+00
c417e59d-7c2f-4706-bdaf-ddb83a21734b,SKU-11835,Body Shell X76,CTRA1-O-036-2,2026-07-21 02:30:02.965479+00
c422a25f-f853-4066-8adf-69d6ce229450,SKU-10525,Body Shell T42,CTRA1-E-011-2,2026-07-21 02:30:02.965479+00
c42c3a4f-2bc5-4b09-ad57-e2db39db0d40,SKU-11093,Body Shell K2,CTRA1-I-043-2,2026-07-21 02:30:02.965479+00
c456193a-92af-4aa1-afd6-dc3ddf4451ef,SKU-12035,Casing Z51,CTRA1-Q-010-2,2026-07-21 02:30:02.965479+00
c461d231-78a3-4a4b-9026-83c3d15ed1f7,SKU-11548,Gearbox K76,CTRA1-M-019-1,2026-07-21 02:30:02.965479+00
c474552a-4695-4a61-abe4-ecaeb1c451a5,SKU-11729,Panel B13,CTRA1-N-046-2,2026-07-21 02:30:02.965479+00
c4747cab-6248-488c-bb78-ab607c4037c3,SKU-10867,Motor W61,CTRA1-G-056-2,2026-07-21 02:30:02.965479+00
c474f402-068a-47a5-9cc4-6bdd50fb9fe6,SKU-12040,Panel E94,CTRA1-Q-013-1,2026-07-21 02:30:02.965479+00
c49fd54a-9934-4a17-89f4-df2099ef78c2,SKU-12982,Panel N82,CTRA1-X-043-1,2026-07-21 02:30:02.965479+00
c4cbff17-191a-4771-9d7d-11fb80742197,SKU-12682,Wheel Axle D11,CTRA1-V-019-1,2026-07-21 02:30:02.965479+00
c4da9ddc-b776-4c98-ac14-35e3d41a9423,SKU-12469,Gearbox W42,CTRA1-T-038-2,2026-07-21 02:30:02.965479+00
c4dc488b-d1af-4d99-9f81-d3cb04212c21,SKU-10412,Gearbox R73,CTRA1-D-018-1,2026-07-21 02:30:02.965479+00
c4e0528a-c31d-4e1a-8e58-bd92943ce917,SKU-12817,Body Shell K67,CTRA1-W-023-2,2026-07-21 02:30:02.965479+00
c4ede07d-b87d-418b-8054-d9f5756537f1,SKU-11389,Sensor Component H45,CTRA1-L-002-2,2026-07-21 02:30:02.965479+00
c4f94a6c-a3b6-4525-b08f-f7c34b10a851,SKU-12604,Panel O97,CTRA1-U-043-1,2026-07-21 02:30:02.965479+00
c4f9d95d-ec89-4767-bc83-31663463aa2d,SKU-11046,Chassis D40,CTRA1-I-020-1,2026-07-21 02:30:02.965479+00
c552bf2b-4687-46fa-87f0-cc9c8b1b1759,SKU-12297,Panel Q96,CTRA1-S-015-2,2026-07-21 02:30:02.965479+00
c5a67d05-f40b-4b28-a862-c90566a9ad32,SKU-10816,Panel W80,CTRA1-G-031-1,2026-07-21 02:30:02.965479+00
c5aece25-1e8e-4140-9282-a123d5bc7df4,SKU-10284,Gearbox Q13,CTRA1-C-017-1,2026-07-21 02:30:02.965479+00
c5b90541-ae62-47ca-8375-5f1374461d89,SKU-10653,Wheel Axle T90,CTRA1-F-012-2,2026-07-21 02:30:02.965479+00
c5c3c63a-f925-42b6-ba5c-266171eed22c,SKU-12855,Casing E36,CTRA1-W-042-2,2026-07-21 02:30:02.965479+00
c5d3177a-0f36-4396-86df-c6504ed1329a,SKU-10577,Gearbox Y55,CTRA1-E-037-2,2026-07-21 02:30:02.965479+00
c5e21f67-0d2a-4e59-a04c-d9ba96b520f5,SKU-10080,Casing T70,CTRA1-A-041-1,2026-07-21 02:30:02.965479+00
c5ea709d-ed7b-4129-a555-fa0226be4de4,SKU-10480,Gearbox E2,CTRA1-D-052-1,2026-07-21 02:30:02.965479+00
c5ef463d-408d-45c1-81c3-192dfbcea64d,SKU-11184,Gearbox T79,CTRA1-J-026-1,2026-07-21 02:30:02.965479+00
c61454ed-4ece-4d95-ac49-0f2bf3d8ba48,SKU-12995,Casing V56,CTRA1-X-049-2,2026-07-21 02:30:02.965479+00
c629fc3a-c64d-4305-8dfa-61477d70e53e,SKU-12622,Casing I46,CTRA1-U-052-1,2026-07-21 02:30:02.965479+00
c63dfd1d-c69a-45db-8636-a242349f939c,SKU-10605,Casing S71,CTRA1-E-051-2,2026-07-21 02:30:02.965479+00
c6433eb7-3030-4c74-a690-458fd9de8240,SKU-12984,Gearbox U6,CTRA1-X-044-1,2026-07-21 02:30:02.965479+00
c652abf8-1ce5-4046-8c64-44c54be44095,SKU-11897,Casing U53,CTRA1-P-004-2,2026-07-21 02:30:02.965479+00
c6592b8f-203b-45cc-b4e9-dbcaf813b463,SKU-11301,Casing U89,CTRA1-K-021-2,2026-07-21 02:30:02.965479+00
c6737075-5bea-42b6-9154-b345148a8c9d,SKU-12050,Gearbox H64,CTRA1-Q-018-1,2026-07-21 02:30:02.965479+00
c67aadf8-e422-4d70-ba9c-3ecb1e619eb5,SKU-10084,Body Shell F50,CTRA1-A-043-1,2026-07-21 02:30:02.965479+00
c67aefb0-dc2a-4c2b-9839-dccda8e8c7ac,SKU-10232,Casing O18,CTRA1-B-054-1,2026-07-21 02:30:02.965479+00
c689b873-4b47-40bd-ae47-8ed35fa3c0a5,SKU-10407,Sensor Component V36,CTRA1-D-015-2,2026-07-21 02:30:02.965479+00
c6d8f140-5069-4ee8-a06b-42e12e97e95b,SKU-10715,Body Shell X89,CTRA1-F-043-2,2026-07-21 02:30:02.965479+00
c70bbd31-8561-4e30-a446-2c599548f62e,SKU-12326,Casing J42,CTRA1-S-030-1,2026-07-21 02:30:02.965479+00
c7114090-4048-4bcd-8979-9da0e4ce11dd,SKU-12239,Motor K61,CTRA1-R-049-2,2026-07-21 02:30:02.965479+00
c712b827-f5a2-478d-b7a4-0d9c749ab5f1,SKU-10944,Body Shell V76,CTRA1-H-032-1,2026-07-21 02:30:02.965479+00
c744e073-5e96-4555-a69a-67a9adf19f24,SKU-11489,Sensor Component J66,CTRA1-L-052-2,2026-07-21 02:30:02.965479+00
c749571f-64c2-4a6a-9635-3cbdc5f117dc,SKU-12212,Wheel Axle S57,CTRA1-R-036-1,2026-07-21 02:30:02.965479+00
c7860a37-6a67-47b4-9766-c520dac2e721,SKU-12223,Wheel Axle K2,CTRA1-R-041-2,2026-07-21 02:30:02.965479+00
c78a9d8e-54d6-456e-9f4e-baeb0130325c,SKU-11360,Casing D27,CTRA1-K-051-1,2026-07-21 02:30:02.965479+00
c791603c-f6e8-49a3-8235-c547fb54a153,SKU-12090,Sensor Component O47,CTRA1-Q-038-1,2026-07-21 02:30:02.965479+00
c7acdd2a-9a76-46e4-81b0-7bfcbfdb2de5,SKU-10236,Panel O82,CTRA1-B-056-1,2026-07-21 02:30:02.965479+00
c7bf78b4-9013-4d59-983d-d919e346cdc7,SKU-12784,Gearbox G49,CTRA1-W-007-1,2026-07-21 02:30:02.965479+00
c87fc5ca-ae3d-4329-88d5-0868cf958c96,SKU-10049,Sensor Component Y6,CTRA1-A-025-2,2026-07-21 02:30:02.965479+00
c8854316-1062-4b3e-9c50-93a6bec3bc7f,SKU-12766,Sensor Component W58,CTRA1-V-061-1,2026-07-21 02:30:02.965479+00
c88b2837-bd66-4db7-9f50-1d5d75a7311d,SKU-11822,Body Shell O82,CTRA1-O-030-1,2026-07-21 02:30:02.965479+00
c88fceb2-4a25-4580-9b68-16c0b922caaf,SKU-11909,Sensor Component B73,CTRA1-P-010-2,2026-07-21 02:30:02.965479+00
c8c437dd-2d07-4add-a96c-3a2b015e5b8a,SKU-12624,Casing N36,CTRA1-U-053-1,2026-07-21 02:30:02.965479+00
c8e15b12-833d-4cff-9815-64851c436686,SKU-10150,Motor W27,CTRA1-B-013-1,2026-07-21 02:30:02.965479+00
c8f9f47c-3c05-42a6-a46a-671371e27017,SKU-10139,Gearbox D82,CTRA1-B-007-2,2026-07-21 02:30:02.965479+00
c90ca439-8cce-491d-a161-acd2bd4523a0,SKU-10661,Body Shell Q12,CTRA1-F-016-2,2026-07-21 02:30:02.965479+00
c91c5242-2e70-4bb8-803a-299636ae5fb4,SKU-10559,Body Shell F67,CTRA1-E-028-2,2026-07-21 02:30:02.965479+00
c94f8887-cce9-47c4-863c-ceb505f75bb8,SKU-12966,Body Shell V80,CTRA1-X-035-1,2026-07-21 02:30:02.965479+00
c951c4f9-9b8c-45e9-bec3-77dc943c9e07,SKU-12896,Body Shell N91,CTRA1-W-063-1,2026-07-21 02:30:02.965479+00
c9618af4-018e-4ca9-9780-dbfa02e19109,SKU-11452,Body Shell W39,CTRA1-L-034-1,2026-07-21 02:30:02.965479+00
c9b7793a-7787-4fcf-a183-8db5fa3e90d5,SKU-11930,Motor K82,CTRA1-P-021-1,2026-07-21 02:30:02.965479+00
ca0d297e-4c5a-497e-a8b4-4d262595b734,SKU-12028,Gearbox G54,CTRA1-Q-007-1,2026-07-21 02:30:02.965479+00
ca1ea1ab-d520-4273-b811-45101e78d823,SKU-11477,Gearbox M43,CTRA1-L-046-2,2026-07-21 02:30:02.965479+00
ca2919d4-7b83-4663-b9bc-ed8a332c1f49,SKU-12206,Panel W58,CTRA1-R-033-1,2026-07-21 02:30:02.965479+00
ca3ff7f6-b5fc-4543-9437-50c42675e76f,SKU-11074,Gearbox K64,CTRA1-I-034-1,2026-07-21 02:30:02.965479+00
ca44b74c-8406-45b3-a740-c3d26510f85f,SKU-10356,Body Shell N59,CTRA1-C-053-1,2026-07-21 02:30:02.965479+00
ca5bce95-abdc-4ba8-848c-759b875e8853,SKU-10632,Gearbox M52,CTRA1-F-002-1,2026-07-21 02:30:02.965479+00
ca6194fb-2987-4ddb-a273-8b03522f6635,SKU-12488,Chassis M42,CTRA1-T-048-1,2026-07-21 02:30:02.965479+00
ca63d027-03c8-411c-b686-118adf2c39ba,SKU-10751,Panel P29,CTRA1-F-061-2,2026-07-21 02:30:02.965479+00
ca7ae348-45ba-419d-a38b-20b936b1bc2c,SKU-11562,Gearbox G7,CTRA1-M-026-1,2026-07-21 02:30:02.965479+00
ca9cfe26-f992-4f83-80d7-9682b4e84f91,SKU-11269,Wheel Axle J43,CTRA1-K-005-2,2026-07-21 02:30:02.965479+00
caa78c4e-0dd2-4ca3-ba0b-19046a72c8e6,SKU-11076,Gearbox P23,CTRA1-I-035-1,2026-07-21 02:30:02.965479+00
cab9adef-26a4-4c55-8a75-da95224c29eb,SKU-10822,Body Shell V69,CTRA1-G-034-1,2026-07-21 02:30:02.965479+00
cac49800-cb8d-427c-bd13-9ee4c22e26c4,SKU-12602,Wheel Axle I42,CTRA1-U-042-1,2026-07-21 02:30:02.965479+00
cad930ae-29b3-4b18-a7a4-e10e207fe676,SKU-11458,Casing K26,CTRA1-L-037-1,2026-07-21 02:30:02.965479+00
cadd42e4-7d34-446a-b7e4-5b3476c90804,SKU-10732,Chassis U3,CTRA1-F-052-1,2026-07-21 02:30:02.965479+00
cb003883-0db2-4e11-bca7-b7713bb42799,SKU-11678,Sensor Component M20,CTRA1-N-021-1,2026-07-21 02:30:02.965479+00
cb0edae7-5eca-4f45-825a-5d070ea9967f,SKU-12305,Sensor Component S79,CTRA1-S-019-2,2026-07-21 02:30:02.965479+00
cb18e086-b91d-4ee8-9c6a-16ed84a3c241,SKU-12145,Body Shell J18,CTRA1-R-002-2,2026-07-21 02:30:02.965479+00
cb26de64-8821-4dec-8af5-f66a4627524b,SKU-10659,Gearbox C4,CTRA1-F-015-2,2026-07-21 02:30:02.965479+00
cb3662b6-9879-4e7f-8407-4c41a2e52d8a,SKU-12592,Casing Z5,CTRA1-U-037-1,2026-07-21 02:30:02.965479+00
cb37d5da-5c24-45c8-bdc4-1826e465052a,SKU-11572,Casing O82,CTRA1-M-031-1,2026-07-21 02:30:02.965479+00
cb6e60b1-8e1e-48f4-8aba-7ed9f1029d15,SKU-11098,Sensor Component O48,CTRA1-I-046-1,2026-07-21 02:30:02.965479+00
cb789172-d7a0-43e0-b095-215b1d740451,SKU-12200,Chassis U27,CTRA1-R-030-1,2026-07-21 02:30:02.965479+00
cba3d3d7-c946-4b7e-95f4-fd732a2de70c,SKU-11675,Casing U61,CTRA1-N-019-2,2026-07-21 02:30:02.965479+00
cbb1f14a-2409-4c4b-9090-8a5f907688d5,SKU-11852,Body Shell Q86,CTRA1-O-045-1,2026-07-21 02:30:02.965479+00
cbb28ab5-c497-4cd7-9f99-149bbfd4f412,SKU-11108,Gearbox K64,CTRA1-I-051-1,2026-07-21 02:30:02.965479+00
cbd1be57-a61a-474b-be04-283a6e413e72,SKU-10720,Casing P19,CTRA1-F-046-1,2026-07-21 02:30:02.965479+00
cbd615db-5b37-4e70-b513-d68611013b53,SKU-10215,Sensor Component I54,CTRA1-B-045-2,2026-07-21 02:30:02.965479+00
cbee4daf-5ef3-4bcb-a6ff-cf82dd886bd4,SKU-10639,Panel M80,CTRA1-F-005-2,2026-07-21 02:30:02.965479+00
cc1cde76-1fc3-4f83-9259-cca37b450a6c,SKU-10189,Casing O86,CTRA1-B-032-2,2026-07-21 02:30:02.965479+00
cc240e69-0cdd-487f-9f17-98dca526c6ef,SKU-12002,Chassis S74,CTRA1-P-057-1,2026-07-21 02:30:02.965479+00
cc26086e-ca78-40c8-a464-474a35141034,SKU-10916,Wheel Axle L81,CTRA1-H-018-1,2026-07-21 02:30:02.965479+00
cc384bd8-f189-40f2-9e9a-26839d77391b,SKU-10558,Body Shell V98,CTRA1-E-028-1,2026-07-21 02:30:02.965479+00
cc592dd5-5cc9-420a-8f06-a54003a72f58,SKU-11018,Casing R3,CTRA1-I-006-1,2026-07-21 02:30:02.965479+00
cc78199d-60aa-47fa-bce8-09c0742610d2,SKU-10493,Gearbox S43,CTRA1-D-058-2,2026-07-21 02:30:02.965479+00
cc92074e-ddc6-4eaa-b5a9-023277d503bb,SKU-12244,Chassis T86,CTRA1-R-052-1,2026-07-21 02:30:02.965479+00
cca20bb4-9d01-49de-90ea-e49f3a048bbf,SKU-10831,Body Shell B57,CTRA1-G-038-2,2026-07-21 02:30:02.965479+00
ccab56eb-9bde-44d1-97dd-573ecd8983e7,SKU-12975,Casing G92,CTRA1-X-039-2,2026-07-21 02:30:02.965479+00
ccb523fd-b11a-4780-8270-4ee85af3375e,SKU-11109,Casing H68,CTRA1-I-051-2,2026-07-21 02:30:02.965479+00
ccb61f71-28f7-4275-8968-b1a8897eca9d,SKU-11626,Panel I48,CTRA1-M-058-1,2026-07-21 02:30:02.965479+00
ccbb2d9d-052d-4770-9b64-47223053215c,SKU-11893,Body Shell O49,CTRA1-P-002-2,2026-07-21 02:30:02.965479+00
ccc50d4e-cec5-45c0-aab5-0dfd522b3207,SKU-10476,Panel X28,CTRA1-D-050-1,2026-07-21 02:30:02.965479+00
ccc630cc-0dc9-456d-8de9-4461ebd2cf68,SKU-12579,Motor D33,CTRA1-U-030-2,2026-07-21 02:30:02.965479+00
ccd96ade-b79f-4950-b177-88f42ce0da01,SKU-12381,Wheel Axle H43,CTRA1-S-057-2,2026-07-21 02:30:02.965479+00
cce37e65-0b76-45b3-b46e-05a5513ed05a,SKU-10028,Chassis B23,CTRA1-A-015-1,2026-07-21 02:30:02.965479+00
ccf01f50-6153-4270-b44f-044581ee4e82,SKU-12818,Sensor Component O21,CTRA1-W-024-1,2026-07-21 02:30:02.965479+00
ccf1e043-ae83-417e-bb93-45452b2e9a2b,SKU-11719,Panel G56,CTRA1-N-041-2,2026-07-21 02:30:02.965479+00
cd192008-76fe-42e5-b594-9749c798c5cf,SKU-12102,Casing G66,CTRA1-Q-044-1,2026-07-21 02:30:02.965479+00
cd24c7c9-19e0-4d25-b094-392a420fe2f0,SKU-11176,Panel N97,CTRA1-J-022-1,2026-07-21 02:30:02.965479+00
cd6debef-dcae-4f94-a8c6-f7eddb2ab56c,SKU-12651,Sensor Component N51,CTRA1-V-003-2,2026-07-21 02:30:02.965479+00
cd76a0a3-4019-4e45-a666-1a56350d34e2,SKU-11887,Body Shell R29,CTRA1-O-062-2,2026-07-21 02:30:02.965479+00
cd8ca6be-08bc-4761-80eb-9275bfb5f79b,SKU-11411,Casing I18,CTRA1-L-013-2,2026-07-21 02:30:02.965479+00
cd8df616-bb9a-46bb-b9cc-31c663f2a04c,SKU-10673,Body Shell L97,CTRA1-F-022-2,2026-07-21 02:30:02.965479+00
cdbde9d4-62db-4835-b983-bbbf5c44fbf9,SKU-12160,Body Shell L68,CTRA1-R-010-1,2026-07-21 02:30:02.965479+00
cdc4f4ca-3008-47dc-a8fc-6cf917aa6ad9,SKU-12833,Sensor Component O68,CTRA1-W-031-2,2026-07-21 02:30:02.965479+00
cddcc526-c039-423e-a968-ff93f41eead1,SKU-10695,Wheel Axle A93,CTRA1-F-033-2,2026-07-21 02:30:02.965479+00
cdef6540-a6c0-4356-8ac4-3a0d598e63c0,SKU-11784,Gearbox O33,CTRA1-O-011-1,2026-07-21 02:30:02.965479+00
ce111e2e-f585-4daa-aaa7-d24bc36f6aa5,SKU-10830,Motor N37,CTRA1-G-038-1,2026-07-21 02:30:02.965479+00
ce17b469-81b9-40c6-aad5-77def5481d3e,SKU-11286,Body Shell W35,CTRA1-K-014-1,2026-07-21 02:30:02.965479+00
ce1d600e-d532-409a-a69d-5e079f5474d9,SKU-12407,Gearbox C98,CTRA1-T-007-2,2026-07-21 02:30:02.965479+00
ce2690ed-531c-4025-a1d1-920cbb8c5a6c,SKU-10770,Wheel Axle X15,CTRA1-G-008-1,2026-07-21 02:30:02.965479+00
ce33a94b-0f71-48c1-9c8f-813e463bfa82,SKU-12016,Body Shell B75,CTRA1-Q-001-1,2026-07-21 02:30:02.965479+00
ce461820-2312-49a1-9384-e9ccd604bad9,SKU-10987,Body Shell X53,CTRA1-H-053-2,2026-07-21 02:30:02.965479+00
ce48976a-b54d-4aa0-8ebb-65c017a6b7e9,SKU-10612,Wheel Axle F23,CTRA1-E-055-1,2026-07-21 02:30:02.965479+00
ce559e89-8523-49e1-8c6a-742915669674,SKU-12534,Panel M0,CTRA1-U-008-1,2026-07-21 02:30:02.965479+00
ce6d170f-53ae-4bc7-805c-28e50b7e9f53,SKU-10660,Wheel Axle W24,CTRA1-F-016-1,2026-07-21 02:30:02.965479+00
ce7b2f76-880a-49b6-9306-d60ef3aa3f18,SKU-10363,Motor V77,CTRA1-C-056-2,2026-07-21 02:30:02.965479+00
cea0af3b-f08b-4967-829d-4896d221f83d,SKU-12054,Sensor Component B61,CTRA1-Q-020-1,2026-07-21 02:30:02.965479+00
ceb3396a-6993-4926-a5a1-4f826ef0c69d,SKU-11378,Chassis K33,CTRA1-K-060-1,2026-07-21 02:30:02.965479+00
cec57025-929e-422f-9916-fe4a52891cf1,SKU-10355,Panel J70,CTRA1-C-052-2,2026-07-21 02:30:02.965479+00
ceea27f4-6bcd-4fc2-8d1e-d5629321ca3b,SKU-12107,Motor F30,CTRA1-Q-046-2,2026-07-21 02:30:02.965479+00
cf0cfd53-181f-41fd-987a-f1cc21eb1b29,SKU-10553,Sensor Component J85,CTRA1-E-025-2,2026-07-21 02:30:02.965479+00
cf25e8c2-2690-4769-a719-ec7cb6a011c7,SKU-11406,Motor S29,CTRA1-L-011-1,2026-07-21 02:30:02.965479+00
cf43df49-f2dc-484d-aab2-003f8b1b7b2d,SKU-12639,Body Shell R66,CTRA1-U-060-2,2026-07-21 02:30:02.965479+00
cf4b423a-dddf-4f40-aab5-bb5f7da8ff41,SKU-11694,Wheel Axle I13,CTRA1-N-029-1,2026-07-21 02:30:02.965479+00
cf69da0b-dee1-4d87-b390-b3436209d379,SKU-12124,Motor F43,CTRA1-Q-055-1,2026-07-21 02:30:02.965479+00
cf737261-ea45-433f-9f2b-c49619fe26c1,SKU-10688,Wheel Axle V94,CTRA1-F-030-1,2026-07-21 02:30:02.965479+00
cf74f86a-4475-44ce-971a-af5a70b53835,SKU-10793,Body Shell Y45,CTRA1-G-019-2,2026-07-21 02:30:02.965479+00
cf7f73a5-3f85-4df0-a392-58f385ef5562,SKU-11952,Panel N42,CTRA1-P-032-1,2026-07-21 02:30:02.965479+00
cf825dc0-c308-4dd6-a3a1-e6315f582962,SKU-12113,Chassis R69,CTRA1-Q-049-2,2026-07-21 02:30:02.965479+00
cf8929da-31c1-4c1d-bd14-52481f053074,SKU-10925,Wheel Axle Q5,CTRA1-H-022-2,2026-07-21 02:30:02.965479+00
cf9b49df-1547-47a1-a39d-7082c5e26232,SKU-11325,Panel O37,CTRA1-K-033-2,2026-07-21 02:30:02.965479+00
cfacb767-4ef4-4da1-9568-d14e3d746ff5,SKU-11587,Casing Y49,CTRA1-M-038-2,2026-07-21 02:30:02.965479+00
cfcc85b0-ef16-4d39-af33-abad954443ef,SKU-11443,Casing J68,CTRA1-L-029-2,2026-07-21 02:30:02.965479+00
cfdc956b-51ed-455a-adc3-1417ccf6bfad,SKU-11324,Sensor Component M43,CTRA1-K-033-1,2026-07-21 02:30:02.965479+00
cfe49f41-0575-42f5-8008-9784caa729af,SKU-10503,Motor Q34,CTRA1-D-063-2,2026-07-21 02:30:02.965479+00
cfe7d55e-6619-4247-a8a5-a289ee11aa32,SKU-11005,Motor L41,CTRA1-H-062-2,2026-07-21 02:30:02.965479+00
cffe0161-0f8a-40c0-af9d-c5f7f1d3d7fa,SKU-12467,Wheel Axle H11,CTRA1-T-037-2,2026-07-21 02:30:02.965479+00
d005fb22-63f3-4dc9-be2b-e7c8de862a20,SKU-12114,Sensor Component F76,CTRA1-Q-050-1,2026-07-21 02:30:02.965479+00
d044428e-4525-43bb-8a85-7098895142af,SKU-11202,Panel T37,CTRA1-J-035-1,2026-07-21 02:30:02.965479+00
d07132b3-538e-4ed1-915c-fd3ed44683bd,SKU-12954,Panel W54,CTRA1-X-029-1,2026-07-21 02:30:02.965479+00
d0955a1a-1c9d-4bd3-a9b8-dc6d47efd144,SKU-10422,Panel E55,CTRA1-D-023-1,2026-07-21 02:30:02.965479+00
d0ab4ff2-6ac1-4dc8-a261-40d46f049066,SKU-11196,Casing W20,CTRA1-J-032-1,2026-07-21 02:30:02.965479+00
d0ca6a97-dd0e-4ee3-8c21-90ddaf0b978a,SKU-12048,Body Shell M79,CTRA1-Q-017-1,2026-07-21 02:30:02.965479+00
d0d43dd4-e25e-47b1-907f-21f36cc9e62c,SKU-11853,Panel N10,CTRA1-O-045-2,2026-07-21 02:30:02.965479+00
d0e75ef9-343e-4c58-b4cc-006f628e8d15,SKU-12194,Panel I74,CTRA1-R-027-1,2026-07-21 02:30:02.965479+00
d10e8009-1841-4439-8cd7-4375b191903d,SKU-10513,Body Shell Y11,CTRA1-E-005-2,2026-07-21 02:30:02.965479+00
d11ae9ce-2c4c-448e-b98f-79aa12a4faed,SKU-12356,Panel O6,CTRA1-S-045-1,2026-07-21 02:30:02.965479+00
d11b3131-364e-4d65-9fed-1122936b70a0,SKU-10527,Motor Y6,CTRA1-E-012-2,2026-07-21 02:30:02.965479+00
d11ba613-4a7a-47dc-b549-038213b7265f,SKU-10994,Panel F74,CTRA1-H-057-1,2026-07-21 02:30:02.965479+00
d12e7ec1-cc63-4243-9c2e-f8882e5f8872,SKU-10204,Panel S79,CTRA1-B-040-1,2026-07-21 02:30:02.965479+00
d1608d75-593b-4057-af28-458dca95f0bd,SKU-11194,Casing V43,CTRA1-J-031-1,2026-07-21 02:30:02.965479+00
d16dde14-f40e-421a-90ec-11f44b1f7f0b,SKU-12963,Body Shell M13,CTRA1-X-033-2,2026-07-21 02:30:02.965479+00
d19bc2ea-2bdf-4092-90cb-7328023e76da,SKU-12787,Body Shell P31,CTRA1-W-008-2,2026-07-21 02:30:02.965479+00
d1a6187e-420d-4513-b7b0-948b9fe5fc48,SKU-12583,Panel J68,CTRA1-U-032-2,2026-07-21 02:30:02.965479+00
d1b2406a-2549-46ab-be17-68d80750e7ee,SKU-11823,Gearbox I3,CTRA1-O-030-2,2026-07-21 02:30:02.965479+00
d1c3f77d-9b4f-460a-aa08-375381d7a293,SKU-12106,Casing Q33,CTRA1-Q-046-1,2026-07-21 02:30:02.965479+00
d20fd48a-fae5-47f3-ac3e-f8c01bd8f379,SKU-10457,Panel K45,CTRA1-D-040-2,2026-07-21 02:30:02.965479+00
d2100d42-c2e3-4cd3-a677-08630facfa22,SKU-12409,Casing F64,CTRA1-T-008-2,2026-07-21 02:30:02.965479+00
d21076dc-c9f3-4c1a-821f-ecfb6b525853,SKU-10087,Motor V33,CTRA1-A-044-2,2026-07-21 02:30:02.965479+00
d245ae1b-209f-435a-819c-b1bfc1a80456,SKU-11417,Casing F64,CTRA1-L-016-2,2026-07-21 02:30:02.965479+00
d24cee5d-2df4-449c-827e-70b81eced091,SKU-12044,Gearbox G30,CTRA1-Q-015-1,2026-07-21 02:30:02.965479+00
d282953d-e144-427b-af62-ef7f5ca48797,SKU-10623,Motor B21,CTRA1-E-060-2,2026-07-21 02:30:02.965479+00
d2ae5801-0a99-409d-ae61-9f7f8e79ecf9,SKU-12649,Panel N58,CTRA1-V-002-2,2026-07-21 02:30:02.965479+00
d2b90cff-7e78-4c53-882b-a6606a427f60,SKU-10813,Body Shell Q99,CTRA1-G-029-2,2026-07-21 02:30:02.965479+00
d2d5ee9b-c718-4c62-8aad-14f9242ffd0a,SKU-10121,Panel D91,CTRA1-A-061-2,2026-07-21 02:30:02.965479+00
d2ea2379-c512-4b82-a67b-8cdddaa69bc9,SKU-12531,Wheel Axle Y80,CTRA1-U-006-2,2026-07-21 02:30:02.965479+00
d2ee7363-b088-474e-8c37-8968b0bb5f90,SKU-12803,Chassis V29,CTRA1-W-016-2,2026-07-21 02:30:02.965479+00
d3264727-edc1-4ba9-8e54-820b3624ae4c,SKU-10061,Gearbox P88,CTRA1-A-031-2,2026-07-21 02:30:02.965479+00
d33c2dc0-872b-41ae-b5cd-1f029205911a,SKU-10468,Gearbox Z64,CTRA1-D-046-1,2026-07-21 02:30:02.965479+00
d35589ff-750c-45fe-8ddb-ace1e62ba6fe,SKU-12418,Body Shell S12,CTRA1-T-013-1,2026-07-21 02:30:02.965479+00
d370ccbb-afcf-4024-aecd-63e469a0bebe,SKU-10297,Gearbox J29,CTRA1-C-023-2,2026-07-21 02:30:02.965479+00
d37a32a2-6b1c-43f2-9a38-b5c63ee22496,SKU-11578,Casing B45,CTRA1-M-034-1,2026-07-21 02:30:02.965479+00
d37fc4ec-4a20-421e-9641-32337c4f3db6,SKU-10201,Casing R68,CTRA1-B-038-2,2026-07-21 02:30:02.965479+00
d3828bcf-8f56-4c7a-8f2b-fd6594bec04b,SKU-10935,Body Shell Q6,CTRA1-H-027-2,2026-07-21 02:30:02.965479+00
d3c28008-df78-46c5-8730-a30431d3d130,SKU-12631,Wheel Axle M23,CTRA1-U-056-2,2026-07-21 02:30:02.965479+00
d3c9e695-0ba3-4281-b762-6a94ab8f880c,SKU-10861,Gearbox H1,CTRA1-G-053-2,2026-07-21 02:30:02.965479+00
d40b12ed-cee5-46d3-8c24-dc6ff448f1af,SKU-10736,Body Shell S66,CTRA1-F-054-1,2026-07-21 02:30:02.965479+00
d40bfe2a-e015-4473-8242-4459907d003d,SKU-11941,Motor Q24,CTRA1-P-026-2,2026-07-21 02:30:02.965479+00
d411fbc9-f65e-4ce9-bcd3-5eb9acc06d9d,SKU-12898,Casing N62,CTRA1-W-064-1,2026-07-21 02:30:02.965479+00
d42a56a0-d45a-4843-b3f7-6e50787492a7,SKU-12316,Panel R16,CTRA1-S-025-1,2026-07-21 02:30:02.965479+00
d44917cf-289f-4274-adb8-bf89a9493787,SKU-12072,Casing J42,CTRA1-Q-029-1,2026-07-21 02:30:02.965479+00
d4498551-2f27-4858-96f9-a560b8dbb9a6,SKU-12335,Body Shell X71,CTRA1-S-034-2,2026-07-21 02:30:02.965479+00
d44a7ea1-bf78-45b7-9789-9fa27e7bba1b,SKU-12821,Chassis D49,CTRA1-W-025-2,2026-07-21 02:30:02.965479+00
d450d19a-47ed-492a-83ce-682b56de4b70,SKU-10211,Casing M18,CTRA1-B-043-2,2026-07-21 02:30:02.965479+00
d45f2d8d-c52b-41ff-b501-6bc546b62a9e,SKU-11536,Chassis S92,CTRA1-M-013-1,2026-07-21 02:30:02.965479+00
d487a0a7-ba23-41e5-8507-66ea85e429ea,SKU-12004,Sensor Component R93,CTRA1-P-058-1,2026-07-21 02:30:02.965479+00
d4bf8268-0efc-4717-819c-10d91b933986,SKU-10969,Gearbox B50,CTRA1-H-044-2,2026-07-21 02:30:02.965479+00
d4f89efb-93fb-4a6a-b13e-697ee5895e11,SKU-12799,Panel C61,CTRA1-W-014-2,2026-07-21 02:30:02.965479+00
d4fdbbf7-2bca-41ca-a7ca-62f3f5083c2e,SKU-11150,Sensor Component C81,CTRA1-J-009-1,2026-07-21 02:30:02.965479+00
d511d7ae-ef49-4aab-ac9c-ebc4fd9a7a76,SKU-10580,Panel M89,CTRA1-E-039-1,2026-07-21 02:30:02.965479+00
d519414f-da9b-4b2b-b414-d1cc920a2066,SKU-12668,Body Shell W4,CTRA1-V-012-1,2026-07-21 02:30:02.965479+00
d527172a-3cf2-42cf-84c2-4931973ac1ff,SKU-12716,Casing K93,CTRA1-V-036-1,2026-07-21 02:30:02.965479+00
d52c70a0-23e9-48e8-b3f6-bf36781f8537,SKU-11162,Casing L70,CTRA1-J-015-1,2026-07-21 02:30:02.965479+00
d53fc294-6512-4cf3-884b-797187efbdc2,SKU-11723,Gearbox W80,CTRA1-N-043-2,2026-07-21 02:30:02.965479+00
d5780832-4b8c-41ad-bcd2-4665773b43a2,SKU-10640,Wheel Axle I60,CTRA1-F-006-1,2026-07-21 02:30:02.965479+00
d579d2e6-3f0c-4171-8a77-f90b6a375afa,SKU-10785,Body Shell E31,CTRA1-G-015-2,2026-07-21 02:30:02.965479+00
d58c8e8b-35a2-4e7c-a364-66030f03bd87,SKU-10958,Casing K34,CTRA1-H-039-1,2026-07-21 02:30:02.965479+00
d59bfee8-2f44-4596-8aab-7f5e9750a122,SKU-11031,Wheel Axle C89,CTRA1-I-012-2,2026-07-21 02:30:02.965479+00
d5a23976-f40e-449b-bbf9-aaf58e3fde92,SKU-12053,Panel R34,CTRA1-Q-019-2,2026-07-21 02:30:02.965479+00
d5b33c71-2339-4c33-8425-c0abb4025168,SKU-12676,Body Shell F24,CTRA1-V-016-1,2026-07-21 02:30:02.965479+00
d5b36e93-536f-4c28-ad8d-a0d08e21a3d2,SKU-10829,Casing C82,CTRA1-G-037-2,2026-07-21 02:30:02.965479+00
d5c99663-0c01-4c40-a465-b9597c57821e,SKU-12209,Wheel Axle B85,CTRA1-R-034-2,2026-07-21 02:30:02.965479+00
d5cf6de9-ed20-4317-9046-e9ebd25c1276,SKU-11413,Chassis V49,CTRA1-L-014-2,2026-07-21 02:30:02.965479+00
d5d6a861-166b-4933-a210-f74c2c17bc25,SKU-10887,Motor M83,CTRA1-H-003-2,2026-07-21 02:30:02.965479+00
d5e75834-fa7b-4eea-aeb5-146788a293ea,SKU-12014,Gearbox F95,CTRA1-P-063-1,2026-07-21 02:30:02.965479+00
d6021c32-de91-4b84-82d7-26d8c6cc5c6f,SKU-11359,Body Shell P2,CTRA1-K-050-2,2026-07-21 02:30:02.965479+00
d616a590-e9be-4644-8d2c-d51320e6e986,SKU-12859,Chassis I28,CTRA1-W-044-2,2026-07-21 02:30:02.965479+00
d64ebc39-380a-43c2-a588-b3b2fe23f8a6,SKU-12941,Sensor Component Y85,CTRA1-X-022-2,2026-07-21 02:30:02.965479+00
d6658fbe-96db-46d2-9dcc-e69f7b9537d6,SKU-10467,Casing Q21,CTRA1-D-045-2,2026-07-21 02:30:02.965479+00
d681ec4b-360e-4580-b648-8a9126b8785e,SKU-10104,Casing T41,CTRA1-A-053-1,2026-07-21 02:30:02.965479+00
d682ef0e-16f1-4f5e-b7c9-b9cf6c5df7ff,SKU-12123,Gearbox X36,CTRA1-Q-054-2,2026-07-21 02:30:02.965479+00
d6c65152-006f-431e-8207-2f4624af8766,SKU-12780,Panel P98,CTRA1-W-005-1,2026-07-21 02:30:02.965479+00
d6e9fca6-0441-434c-854b-80c90c75cacd,HW-TM-02,Dual Exposed Engines,CTRA1-B-015-1,2026-07-21 02:30:02.965479+00
d70d9de6-5590-463e-9c79-2d5be405161f,SKU-10220,Casing Q46,CTRA1-B-048-1,2026-07-21 02:30:02.965479+00
d72cfabb-2444-46b4-b6a3-f74c49e50ea9,SKU-11981,Sensor Component Y79,CTRA1-P-046-2,2026-07-21 02:30:02.965479+00
d75e771f-1b59-40de-bc8b-8b6b40f79478,SKU-12913,Wheel Axle U8,CTRA1-X-008-2,2026-07-21 02:30:02.965479+00
d7854813-32b1-4aea-9462-824babc8b8c7,SKU-12346,Motor L69,CTRA1-S-040-1,2026-07-21 02:30:02.965479+00
d78c3e70-cc37-4482-901c-b7da2af99776,SKU-12421,Wheel Axle X93,CTRA1-T-014-2,2026-07-21 02:30:02.965479+00
d79dcdff-fcfa-4270-a1fa-399caf4c78cc,SKU-12196,Panel T7,CTRA1-R-028-1,2026-07-21 02:30:02.965479+00
d7b17ff7-b717-4a2e-8664-8357c3c4750b,SKU-10893,Panel Y58,CTRA1-H-006-2,2026-07-21 02:30:02.965479+00
d7c9cf58-0d3f-43bd-8990-f91e916bbe4b,SKU-11933,Wheel Axle T42,CTRA1-P-022-2,2026-07-21 02:30:02.965479+00
d7e37486-fcc4-4bb5-8cad-cbb5f3b49042,SKU-11416,Sensor Component D29,CTRA1-L-016-1,2026-07-21 02:30:02.965479+00
d7e8a6e8-13a8-4419-a979-e7102f656389,SKU-12037,Panel N63,CTRA1-Q-011-2,2026-07-21 02:30:02.965479+00
d7fbba59-1227-4650-9d0f-130506b190c3,SKU-12683,Wheel Axle U14,CTRA1-V-019-2,2026-07-21 02:30:02.965479+00
d808d5d8-37af-4d0d-a4be-6ee3b6490f13,SKU-11837,Panel J69,CTRA1-O-037-2,2026-07-21 02:30:02.965479+00
d80e17a5-5f60-4646-b643-d0aea0be831c,SKU-11526,Panel V30,CTRA1-M-008-1,2026-07-21 02:30:02.965479+00
d810fce6-2fd2-4455-af80-766bf4548ade,SKU-11551,Gearbox L27,CTRA1-M-020-2,2026-07-21 02:30:02.965479+00
d8295775-4141-496a-96b9-e90756a26996,SKU-11159,Wheel Axle L23,CTRA1-J-013-2,2026-07-21 02:30:02.965479+00
d82d424e-13bd-4e4a-8149-66d204533bfc,SKU-12353,Gearbox W63,CTRA1-S-043-2,2026-07-21 02:30:02.965479+00
d83e7eb7-69d3-4fc6-809a-46cbe05837ad,SKU-12748,Panel D52,CTRA1-V-052-1,2026-07-21 02:30:02.965479+00
d846d91b-1263-4acf-9362-777c42a168ba,SKU-10248,Panel Y21,CTRA1-B-062-1,2026-07-21 02:30:02.965479+00
d85748db-e7f1-4cc7-8ce1-7dc3b4dabb7c,SKU-11760,Sensor Component T26,CTRA1-N-062-1,2026-07-21 02:30:02.965479+00
d85c554b-dbd9-4d0f-b204-342da9b4c021,SKU-12804,Wheel Axle Y54,CTRA1-W-017-1,2026-07-21 02:30:02.965479+00
d87bf918-8fe0-401c-9afd-2ef9e99cc2c3,SKU-10698,Motor R60,CTRA1-F-035-1,2026-07-21 02:30:02.965479+00
d884eeff-b85f-4757-84c4-e26c8e8f21e9,SKU-10917,Motor Z78,CTRA1-H-018-2,2026-07-21 02:30:02.965479+00
d8a65cb9-6f3a-4909-8c0d-207da9074d16,SKU-12586,Panel I32,CTRA1-U-034-1,2026-07-21 02:30:02.965479+00
d8ad1588-afe2-4382-b7f8-c024455ce872,SKU-12183,Motor R98,CTRA1-R-021-2,2026-07-21 02:30:02.965479+00
d8b21792-2f87-40ed-9343-1d15948d7781,SKU-10059,Gearbox I78,CTRA1-A-030-2,2026-07-21 02:30:02.965479+00
d8ce70fb-ee05-4792-a0ad-5e10d195ec45,SKU-12645,Body Shell M11,CTRA1-U-063-2,2026-07-21 02:30:02.965479+00
d8da2118-73a2-4a4a-92ba-d887ea229f09,SKU-11958,Casing Z61,CTRA1-P-035-1,2026-07-21 02:30:02.965479+00
d8fcfa97-a12b-4059-82ee-5b204e2d1ff8,SKU-10226,Casing R29,CTRA1-B-051-1,2026-07-21 02:30:02.965479+00
d92dbebd-e1bf-40d7-ba35-d85adeb26698,SKU-10009,Sensor Component G95,CTRA1-A-005-2,2026-07-21 02:30:02.965479+00
d931d91f-378d-4d9d-afe9-266cdff12bd1,SKU-10982,Panel L49,CTRA1-H-051-1,2026-07-21 02:30:02.965479+00
d939250e-4c75-42d8-bab6-c02027e0db17,SKU-11797,Gearbox A26,CTRA1-O-017-2,2026-07-21 02:30:02.965479+00
d93e0ad3-106d-419e-99e9-6921b1935bb1,SKU-11834,Casing O47,CTRA1-O-036-1,2026-07-21 02:30:02.965479+00
d950a256-4dda-4ab2-8c54-85d558c44e87,SKU-12097,Gearbox Y50,CTRA1-Q-041-2,2026-07-21 02:30:02.965479+00
d956f800-7099-4f0b-b4a0-387cd1b6bc69,SKU-11490,Panel J67,CTRA1-L-053-1,2026-07-21 02:30:02.965479+00
d976ded8-80df-49be-a1e7-a308118d4c4e,SKU-12516,Wheel Axle V46,CTRA1-T-062-1,2026-07-21 02:30:02.965479+00
d97d5c93-2d26-4b67-a70a-ca2da70494b5,SKU-11427,Panel H79,CTRA1-L-021-2,2026-07-21 02:30:02.965479+00
d9ee2bca-f60c-483f-bdbf-483d63f1235e,SKU-10444,Panel C89,CTRA1-D-034-1,2026-07-21 02:30:02.965479+00
da065db8-f835-43a8-bf09-8f7ac3118aaa,SKU-12319,Panel R27,CTRA1-S-026-2,2026-07-21 02:30:02.965479+00
da17df99-7fcd-4c43-a9fb-beb6be7ae63b,SKU-12802,Wheel Axle W21,CTRA1-W-016-1,2026-07-21 02:30:02.965479+00
da399d5e-f37c-4a93-86a0-4c3c2ab1d826,SKU-11730,Casing E33,CTRA1-N-047-1,2026-07-21 02:30:02.965479+00
da3a7085-3b74-4931-bd03-d31f03ec4a70,SKU-10224,Wheel Axle C32,CTRA1-B-050-1,2026-07-21 02:30:02.965479+00
da474c5d-748d-4436-bdfd-4bdb7278593f,SKU-11644,Panel O21,CTRA1-N-004-1,2026-07-21 02:30:02.965479+00
da491273-87bb-4ab0-becf-70d692a0b239,SKU-12677,Wheel Axle E39,CTRA1-V-016-2,2026-07-21 02:30:02.965479+00
da84b866-4640-4b55-87aa-c28fc040c57e,SKU-12633,Panel F24,CTRA1-U-057-2,2026-07-21 02:30:02.965479+00
da9bd4c1-b63b-40d0-864f-455358459c4d,SKU-12868,Wheel Axle Z50,CTRA1-W-049-1,2026-07-21 02:30:02.965479+00
dad0fce3-a99d-47bf-ba03-4fc9edf1c281,SKU-11542,Motor Y29,CTRA1-M-016-1,2026-07-21 02:30:02.965479+00
daddc8bb-9595-49ae-96a2-4afdc816c1e4,SKU-11277,Panel N98,CTRA1-K-009-2,2026-07-21 02:30:02.965479+00
dae6c9ac-4001-4b09-9258-0ebc577a5d4e,SKU-12024,Panel R98,CTRA1-Q-005-1,2026-07-21 02:30:02.965479+00
daea8839-2308-4b49-9907-4160fdb49398,SKU-10214,Motor L34,CTRA1-B-045-1,2026-07-21 02:30:02.965479+00
daeac26e-5647-4b08-bea3-54ba6b672b43,SKU-10332,Casing D15,CTRA1-C-041-1,2026-07-21 02:30:02.965479+00
daef9284-19d4-4410-ae46-4dbd93da6e66,SKU-10611,Motor B47,CTRA1-E-054-2,2026-07-21 02:30:02.965479+00
db091fb0-32d8-467c-8e75-dcecc97207c0,SKU-10202,Casing Y48,CTRA1-B-039-1,2026-07-21 02:30:02.965479+00
db120464-dea4-40b5-987b-cc48333f3322,SKU-10561,Gearbox F99,CTRA1-E-029-2,2026-07-21 02:30:02.965479+00
db1be560-dc52-415e-92c3-28984fcdfb58,SKU-11276,Sensor Component Y30,CTRA1-K-009-1,2026-07-21 02:30:02.965479+00
db25039f-1f80-4575-9bdf-39ac061ed3c4,SKU-12293,Body Shell J78,CTRA1-S-013-2,2026-07-21 02:30:02.965479+00
db3a9904-d4af-4ceb-9060-b9a2c24d824f,SKU-11335,Casing I33,CTRA1-K-038-2,2026-07-21 02:30:02.965479+00
db3b9cab-d61f-48db-a97f-3c411f7b8ebe,SKU-11247,Gearbox S15,CTRA1-J-057-2,2026-07-21 02:30:02.965479+00
db4476f5-d429-4b30-baf3-931a47bc8299,SKU-11030,Sensor Component C11,CTRA1-I-012-1,2026-07-21 02:30:02.965479+00
db4482f8-7f9a-437c-b705-ea4395062905,SKU-12033,Sensor Component X53,CTRA1-Q-009-2,2026-07-21 02:30:02.965479+00
db4b7e04-8346-49cc-b9f5-a70244806fe6,SKU-11520,Body Shell V51,CTRA1-M-005-1,2026-07-21 02:30:02.965479+00
db529793-a867-44a6-be10-900d8ebb9caa,SKU-11824,Chassis E74,CTRA1-O-031-1,2026-07-21 02:30:02.965479+00
db608ce8-24cd-4721-8e1a-38d2b4836f60,SKU-12096,Casing S15,CTRA1-Q-041-1,2026-07-21 02:30:02.965479+00
db707745-9b3c-4de8-a96f-f00961840ea4,SKU-11075,Panel W48,CTRA1-I-034-2,2026-07-21 02:30:02.965479+00
db8f94a8-48b9-4f7f-990a-2d8fd9ae6a4f,SKU-12490,Body Shell O85,CTRA1-T-049-1,2026-07-21 02:30:02.965479+00
db92e8f5-180d-4076-b32f-d05b2c9b1a78,SKU-12757,Panel I90,CTRA1-V-056-2,2026-07-21 02:30:02.965479+00
dbcac80f-12f3-4cb7-a7ec-1c51c7f31cba,SKU-12456,Chassis Z49,CTRA1-T-032-1,2026-07-21 02:30:02.965479+00
dbd153fe-bed4-4876-b6a5-f428de2a1dcb,SKU-10013,Panel X35,CTRA1-A-007-2,2026-07-21 02:30:02.965479+00
dbd946ee-17cc-4f03-8150-cc93c304a2b9,SKU-11398,Gearbox L26,CTRA1-L-007-1,2026-07-21 02:30:02.965479+00
dc045149-6b44-476a-86e1-e5fdee6e4969,SKU-10438,Wheel Axle H2,CTRA1-D-031-1,2026-07-21 02:30:02.965479+00
dc09690b-c730-4de0-95f8-6e34efe290cd,SKU-10103,Wheel Axle W41,CTRA1-A-052-2,2026-07-21 02:30:02.965479+00
dc0a9a56-fb99-4973-afa9-b7eef21d2986,SKU-10998,Sensor Component P61,CTRA1-H-059-1,2026-07-21 02:30:02.965479+00
dc0b8525-a237-4054-80db-67fda49e7cb6,SKU-12746,Wheel Axle M34,CTRA1-V-051-1,2026-07-21 02:30:02.965479+00
dc498d7b-38a8-4f9f-9e8e-3c3b05c7dcbf,SKU-10820,Motor L52,CTRA1-G-033-1,2026-07-21 02:30:02.965479+00
dc59ecbc-c0d2-4372-a435-1346c0ffc765,SKU-12308,Wheel Axle X50,CTRA1-S-021-1,2026-07-21 02:30:02.965479+00
dc6c7632-bb64-4e0a-9d14-667a022293da,SKU-12663,Wheel Axle P87,CTRA1-V-009-2,2026-07-21 02:30:02.965479+00
dc85d8ba-73b6-465b-8f18-e4c2eae4b12a,SKU-11666,Wheel Axle C78,CTRA1-N-015-1,2026-07-21 02:30:02.965479+00
dc8d7440-40d0-499c-a9de-4d6277ad1d33,SKU-11293,Panel G21,CTRA1-K-017-2,2026-07-21 02:30:02.965479+00
dc94970e-684a-4119-84f2-0b59bd12b3a4,SKU-12383,Casing Q64,CTRA1-S-058-2,2026-07-21 02:30:02.965479+00
dc9b59cf-32b2-4c86-8b67-c67001adeb31,SKU-10172,Wheel Axle L22,CTRA1-B-024-1,2026-07-21 02:30:02.965479+00
dcd172d5-0245-4cc7-9bd6-dc437487f55f,SKU-11412,Motor R59,CTRA1-L-014-1,2026-07-21 02:30:02.965479+00
dcd2bf7d-d854-483c-92c4-c4362ec2374a,SKU-11929,Panel K61,CTRA1-P-020-2,2026-07-21 02:30:02.965479+00
dcec62a9-8ffa-4aec-8ef2-7e392e68dc0b,SKU-10207,Motor H62,CTRA1-B-041-2,2026-07-21 02:30:02.965479+00
dcf1c013-fba6-4e33-8d3c-49f2dd21c6f6,SKU-10555,Motor H80,CTRA1-E-026-2,2026-07-21 02:30:02.965479+00
dd28c7c3-6a79-45c8-9f6a-38a7d9df9a9a,SKU-12703,Chassis K81,CTRA1-V-029-2,2026-07-21 02:30:02.965479+00
dd49470f-d2b2-406c-8d96-4f1508d4d2f2,SKU-12572,Body Shell N10,CTRA1-U-027-1,2026-07-21 02:30:02.965479+00
dd66a8db-1d46-489e-8076-927b296b3f2b,SKU-10835,Wheel Axle L38,CTRA1-G-040-2,2026-07-21 02:30:02.965479+00
dd8786ee-505b-4d80-91bd-f6f8c65897c4,SKU-11222,Panel I49,CTRA1-J-045-1,2026-07-21 02:30:02.965479+00
dd8f1bdb-4c0f-4d4f-aa40-02ed892ddf24,SKU-12770,Sensor Component J62,CTRA1-V-063-1,2026-07-21 02:30:02.965479+00
dd91a9c1-c8db-4d66-8a7c-6931969580f8,SKU-11830,Motor Q26,CTRA1-O-034-1,2026-07-21 02:30:02.965479+00
dd93a2d7-892a-44be-8742-1a95cbe751ec,SKU-10528,Gearbox C33,CTRA1-E-013-1,2026-07-21 02:30:02.965479+00
ddac4b25-9198-471e-982d-4307d6de7078,SKU-12095,Motor Y83,CTRA1-Q-040-2,2026-07-21 02:30:02.965479+00
ddb4615c-203f-4f40-92ba-05423598560e,SKU-11475,Sensor Component F57,CTRA1-L-045-2,2026-07-21 02:30:02.965479+00
ddb5f10a-0b1f-4255-aac4-4aac3ee0b357,SKU-12464,Panel E63,CTRA1-T-036-1,2026-07-21 02:30:02.965479+00
dddea7be-b3b4-47a2-aa01-8cbf7b2c9863,SKU-12285,Gearbox X4,CTRA1-S-009-2,2026-07-21 02:30:02.965479+00
dde4c59d-ddcd-466b-988f-df7ff556c7f5,SKU-12575,Gearbox X67,CTRA1-U-028-2,2026-07-21 02:30:02.965479+00
ddea2b69-e772-4e24-ae6d-cf060f35dffc,SKU-10629,Wheel Axle J71,CTRA1-E-063-2,2026-07-21 02:30:02.965479+00
ddf95102-524e-4cc2-8b58-aea022013969,SKU-12260,Motor H39,CTRA1-R-060-1,2026-07-21 02:30:02.965479+00
de01edc0-24d5-48da-b3d6-4bfbcbd5d81c,SKU-10082,Motor T49,CTRA1-A-042-1,2026-07-21 02:30:02.965479+00
debb1677-d864-4a0c-88be-0230d5496ce4,SKU-11171,Motor N17,CTRA1-J-019-2,2026-07-21 02:30:02.965479+00
df10cdc6-ba3a-454b-ab83-96f45ad409b1,SKU-12738,Gearbox D52,CTRA1-V-047-1,2026-07-21 02:30:02.965479+00
df2dadbf-c934-4257-b048-f91ce10d80de,SKU-11263,Sensor Component Y4,CTRA1-K-002-2,2026-07-21 02:30:02.965479+00
df397176-1dd5-44e3-92e5-23e7b8553030,SKU-10418,Motor E70,CTRA1-D-021-1,2026-07-21 02:30:02.965479+00
df9ebacc-676b-491b-ba4b-66a6a7075950,SKU-11800,Gearbox U58,CTRA1-O-019-1,2026-07-21 02:30:02.965479+00
dfab1839-4ce8-4c10-aeb0-f403e59725d8,SKU-12559,Body Shell U15,CTRA1-U-020-2,2026-07-21 02:30:02.965479+00
dfb2d095-476a-48ec-84ec-5a08602d9752,SKU-12872,Motor B63,CTRA1-W-051-1,2026-07-21 02:30:02.965479+00
e00c4fe6-8cf3-4fc4-bddf-50e726f92d4e,SKU-12510,Wheel Axle G52,CTRA1-T-059-1,2026-07-21 02:30:02.965479+00
e010db33-285f-4b88-942b-9f14d86bd7e6,SKU-12478,Motor C20,CTRA1-T-043-1,2026-07-21 02:30:02.965479+00
e03b7b56-a29c-4921-bfe0-8dd2175ba041,SKU-11333,Motor G44,CTRA1-K-037-2,2026-07-21 02:30:02.965479+00
e03f4007-a174-47bd-afc9-18dde849c983,SKU-11460,Wheel Axle T19,CTRA1-L-038-1,2026-07-21 02:30:02.965479+00
e043f1ce-0d75-4b73-b71d-250959365bf7,SKU-12721,Wheel Axle V94,CTRA1-V-038-2,2026-07-21 02:30:02.965479+00
e05dd9d2-a978-44f5-8afe-23a0b8b47951,SKU-12570,Motor U13,CTRA1-U-026-1,2026-07-21 02:30:02.965479+00
e07512cd-fe94-41ca-ab31-3a0aa4933cf8,SKU-11077,Body Shell O32,CTRA1-I-035-2,2026-07-21 02:30:02.965479+00
e079946b-97f4-4213-ba19-0cbfb7a824f3,SKU-10533,Panel R51,CTRA1-E-015-2,2026-07-21 02:30:02.965479+00
e0860197-c90c-4c7f-bdae-1ac2422f4508,SKU-12685,Motor S26,CTRA1-V-020-2,2026-07-21 02:30:02.965479+00
e08b6594-32cd-45f9-8ecb-05cc2cdd7b5d,SKU-11829,Wheel Axle N80,CTRA1-O-033-2,2026-07-21 02:30:02.965479+00
e08cd830-ea80-419b-858a-b3edad1bf208,SKU-11487,Motor Q80,CTRA1-L-051-2,2026-07-21 02:30:02.965479+00
e09cdef5-4234-426c-9f16-746ba3734ac5,SKU-12364,Casing I24,CTRA1-S-049-1,2026-07-21 02:30:02.965479+00
e0a69dbc-5687-4f2b-862e-2f51d758b156,SKU-11679,Sensor Component B25,CTRA1-N-021-2,2026-07-21 02:30:02.965479+00
e0ab3500-d12d-4c24-91f4-a27b1cc8560a,SKU-11642,Motor X55,CTRA1-N-003-1,2026-07-21 02:30:02.965479+00
e0d53f6f-4106-4d88-ba6d-55f5387fc586,SKU-10603,Panel Z73,CTRA1-E-050-2,2026-07-21 02:30:02.965479+00
e0e1ad57-8aff-420f-abe1-4aa93fe81f98,SKU-12178,Wheel Axle H15,CTRA1-R-019-1,2026-07-21 02:30:02.965479+00
e1146ba5-8a51-4c24-b6d5-ee1c2d58ad29,SKU-11234,Casing Q92,CTRA1-J-051-1,2026-07-21 02:30:02.965479+00
e11a4190-e8df-4e98-8aca-0df4f9072076,SKU-10959,Motor C78,CTRA1-H-039-2,2026-07-21 02:30:02.965479+00
e11e72e3-7a18-42fd-9a52-f786cfea032d,SKU-10017,Body Shell Q88,CTRA1-A-009-2,2026-07-21 02:30:02.965479+00
e1211bb3-8de0-4dcd-a99f-8a8001f15a4e,SKU-11429,Motor X71,CTRA1-L-022-2,2026-07-21 02:30:02.965479+00
e12bd15d-1c3e-46ca-b43f-4ce2cd396fc8,SKU-12632,Gearbox L61,CTRA1-U-057-1,2026-07-21 02:30:02.965479+00
e131b004-7975-4240-ad7d-84f0da873d09,SKU-12517,Panel Y26,CTRA1-T-062-2,2026-07-21 02:30:02.965479+00
e1361185-5e02-4eec-9fb8-0f5de27abb07,SKU-12538,Casing L63,CTRA1-U-010-1,2026-07-21 02:30:02.965479+00
e13670b1-4f39-46cc-8167-4c8a5b918a51,SKU-13020,Casing W99,CTRA1-X-062-1,2026-07-21 02:30:02.965479+00
e150152d-a693-4b52-9c3d-e82753f0e0e4,SKU-10571,Gearbox P75,CTRA1-E-034-2,2026-07-21 02:30:02.965479+00
e16de152-91e1-404c-a5da-560189fef0df,SKU-10832,Casing I48,CTRA1-G-039-1,2026-07-21 02:30:02.965479+00
e177c573-f0df-4710-b714-0a0c3c784d0f,SKU-13000,Gearbox U61,CTRA1-X-052-1,2026-07-21 02:30:02.965479+00
e21c136a-2599-48df-ad4e-bd4a67fb4455,SKU-10586,Wheel Axle Q15,CTRA1-E-042-1,2026-07-21 02:30:02.965479+00
e240a488-e8af-4cf4-9914-fbf59861f244,SKU-12214,Gearbox R38,CTRA1-R-037-1,2026-07-21 02:30:02.965479+00
e265e6f9-a410-4499-8f9b-9eed877f5f2b,SKU-10691,Body Shell C99,CTRA1-F-031-2,2026-07-21 02:30:02.965479+00
e26d75d2-5f2b-4712-ac1a-88ee0480b2ef,SKU-11451,Casing T75,CTRA1-L-033-2,2026-07-21 02:30:02.965479+00
e29806ee-deec-432b-97e3-c00a788c28e2,SKU-11501,Gearbox X98,CTRA1-L-058-2,2026-07-21 02:30:02.965479+00
e29b8376-de52-4df7-b9a3-249440fc0856,SKU-12521,Gearbox Y55,CTRA1-U-001-2,2026-07-21 02:30:02.965479+00
e29c5ae0-d3c8-488e-a634-2c3b12db5a8b,SKU-12306,Casing G73,CTRA1-S-020-1,2026-07-21 02:30:02.965479+00
e2c25803-f88a-4329-a672-2ac33de6699a,SKU-12104,Casing B29,CTRA1-Q-045-1,2026-07-21 02:30:02.965479+00
e2e26a25-70cb-46d7-b025-e31051ded1e0,SKU-12378,Panel L60,CTRA1-S-056-1,2026-07-21 02:30:02.965479+00
e2e3d268-5fc9-415c-ae8f-d3ad38cfc018,SKU-11945,Wheel Axle F84,CTRA1-P-028-2,2026-07-21 02:30:02.965479+00
e3177ded-79c3-4eed-ba72-4092328bc9f1,SKU-10416,Sensor Component N29,CTRA1-D-020-1,2026-07-21 02:30:02.965479+00
e332962e-1fa0-4ee3-9ed3-9564e0cf6148,SKU-12503,Gearbox B28,CTRA1-T-055-2,2026-07-21 02:30:02.965479+00
e3470029-4839-428e-829c-d91152f1b37e,SKU-12425,Body Shell V54,CTRA1-T-016-2,2026-07-21 02:30:02.965479+00
e38bf345-ef65-4834-b09f-dec48bfb15f7,SKU-10270,Panel R91,CTRA1-C-010-1,2026-07-21 02:30:02.965479+00
e391e9dd-5174-4196-acbb-88c480e34f95,SKU-12607,Gearbox T20,CTRA1-U-044-2,2026-07-21 02:30:02.965479+00
e3c00bba-9338-4d89-b824-ea3015b47639,SKU-12047,Gearbox L48,CTRA1-Q-016-2,2026-07-21 02:30:02.965479+00
e3c0ed17-9f30-48b1-886a-5f33cb816c18,SKU-10557,Gearbox E3,CTRA1-E-027-2,2026-07-21 02:30:02.965479+00
e3c61e8c-918d-472a-bfa5-d00b95117215,SKU-12939,Chassis Q61,CTRA1-X-021-2,2026-07-21 02:30:02.965479+00
e3d1b8e3-96a6-4326-b4de-beca9af4a83a,SKU-11951,Panel C12,CTRA1-P-031-2,2026-07-21 02:30:02.965479+00
e3def67a-acc1-429d-a545-bcc0641be37a,SKU-12606,Gearbox R14,CTRA1-U-044-1,2026-07-21 02:30:02.965479+00
e3e2c356-3a63-4da8-a0e1-546f467da33a,SKU-12238,Wheel Axle W29,CTRA1-R-049-1,2026-07-21 02:30:02.965479+00
e3f39d22-2967-4c2c-b39a-1903ce38d74c,SKU-11362,Motor O56,CTRA1-K-052-1,2026-07-21 02:30:02.965479+00
e4028c6e-c477-414f-bf1d-b3601ed9f9eb,SKU-12175,Casing L63,CTRA1-R-017-2,2026-07-21 02:30:02.965479+00
e41066f4-6b7e-41c9-9bee-74236ed39419,SKU-10920,Casing M56,CTRA1-H-020-1,2026-07-21 02:30:02.965479+00
e41e61f9-d88f-4903-bad8-01e7676963d7,SKU-12563,Wheel Axle D31,CTRA1-U-022-2,2026-07-21 02:30:02.965479+00
e42345d0-130d-4cd1-a126-050edc67d59a,SKU-12091,Gearbox J93,CTRA1-Q-038-2,2026-07-21 02:30:02.965479+00
e42f86c5-e8b2-4ea9-8859-5d67b3846c9f,SKU-11153,Panel W47,CTRA1-J-010-2,2026-07-21 02:30:02.965479+00
e443a225-3141-4908-8d47-e1b1f9889555,SKU-11120,Wheel Axle J54,CTRA1-I-057-1,2026-07-21 02:30:02.965479+00
e4772d1a-3ef3-48d7-b085-952eec93c2c9,SKU-11414,Wheel Axle P98,CTRA1-L-015-1,2026-07-21 02:30:02.965479+00
e48b3cbd-7a4c-4003-a17d-02eac8b62db1,SKU-10824,Motor S63,CTRA1-G-035-1,2026-07-21 02:30:02.965479+00
e493d04c-50cb-4a17-9e77-be97eed7f1b0,SKU-10903,Casing G66,CTRA1-H-011-2,2026-07-21 02:30:02.965479+00
e4ac522d-da9d-43d5-983f-72c629c9f465,SKU-10627,Casing L3,CTRA1-E-062-2,2026-07-21 02:30:02.965479+00
e4f7804b-e8b0-4f88-a609-996c9cb16527,SKU-12485,Casing F55,CTRA1-T-046-2,2026-07-21 02:30:02.965479+00
e4fab747-ee58-4f49-9f47-a08c66920570,SKU-11253,Casing E70,CTRA1-J-060-2,2026-07-21 02:30:02.965479+00
e51dd4ae-f747-4661-bd0d-fe26ab1d00a2,SKU-10384,Sensor Component J38,CTRA1-D-004-1,2026-07-21 02:30:02.965479+00
e53fe4c3-dcfd-42b1-9e5e-31ea7d65dbb4,SKU-11860,Chassis O69,CTRA1-O-049-1,2026-07-21 02:30:02.965479+00
e5558dfc-d480-4f25-bf35-201305ed1d82,SKU-12081,Panel D97,CTRA1-Q-033-2,2026-07-21 02:30:02.965479+00
e557817f-ac3e-41be-93e6-4403c22f121d,SKU-10401,Panel S27,CTRA1-D-012-2,2026-07-21 02:30:02.965479+00
e57ebcb6-d465-4bbd-a2f8-5829c06cb378,SKU-10447,Wheel Axle B19,CTRA1-D-035-2,2026-07-21 02:30:02.965479+00
e5d9bb3d-b57d-4cc1-98d0-2d8acdd13303,SKU-10264,Wheel Axle O29,CTRA1-C-007-1,2026-07-21 02:30:02.965479+00
e5e19acc-89ce-4568-9be0-ab95eb054780,SKU-12504,Casing C62,CTRA1-T-056-1,2026-07-21 02:30:02.965479+00
e5f40e8e-5a7b-4db2-97fa-fdf0fb6ca782,SKU-10129,Wheel Axle K51,CTRA1-B-002-2,2026-07-21 02:30:02.965479+00
e604e3da-f614-43b6-8a60-e0ef34ab4b80,SKU-12878,Gearbox H24,CTRA1-W-054-1,2026-07-21 02:30:02.965479+00
e629dbba-d49f-4414-a91f-eb2943f1b6a0,SKU-10651,Casing N72,CTRA1-F-011-2,2026-07-21 02:30:02.965479+00
e6686829-3051-49c5-a625-f7f871042ffd,SKU-12951,Casing G30,CTRA1-X-027-2,2026-07-21 02:30:02.965479+00
e67dca3d-d767-4586-9da7-1134d083c27e,SKU-12099,Wheel Axle F61,CTRA1-Q-042-2,2026-07-21 02:30:02.965479+00
e69e9f17-2d7f-4e85-82cc-051c068b2ae4,SKU-10262,Gearbox P30,CTRA1-C-006-1,2026-07-21 02:30:02.965479+00
e6a95f9d-5286-4027-b8c9-ccafb6831148,SKU-10522,Panel T98,CTRA1-E-010-1,2026-07-21 02:30:02.965479+00
e6af76ba-b4ec-43a7-b92e-ce6d41409a79,SKU-11010,Gearbox X9,CTRA1-I-002-1,2026-07-21 02:30:02.965479+00
e6bd2c5f-8687-4aec-b077-51d671b348d4,SKU-12791,Casing O95,CTRA1-W-010-2,2026-07-21 02:30:02.965479+00
e6d6e512-a265-4b0c-8f01-cad687a6663e,SKU-11717,Gearbox N39,CTRA1-N-040-2,2026-07-21 02:30:02.965479+00
e6d72168-d0a5-4dec-9f9d-70a957934f90,SKU-12894,Wheel Axle E79,CTRA1-W-062-1,2026-07-21 02:30:02.965479+00
e6f81a38-64a5-49b8-baf7-cea096f47f96,SKU-11734,Wheel Axle S86,CTRA1-N-049-1,2026-07-21 02:30:02.965479+00
e6fe7182-2ca5-4b2f-aaef-75d3cb4d4866,SKU-11959,Panel U29,CTRA1-P-035-2,2026-07-21 02:30:02.965479+00
e709065e-83c8-401e-bdbe-273f68558ee8,SKU-10019,Motor U46,CTRA1-A-010-2,2026-07-21 02:30:02.965479+00
e70dcce9-b4f7-4bc4-9838-e74bc62e8988,SKU-11182,Sensor Component X85,CTRA1-J-025-1,2026-07-21 02:30:02.965479+00
e71af8d3-6a4f-4459-b163-84f7bbb703ee,SKU-10030,Wheel Axle O51,CTRA1-A-016-1,2026-07-21 02:30:02.965479+00
e73f454c-4178-433b-b5f9-ed298c957e12,SKU-11479,Casing P62,CTRA1-L-047-2,2026-07-21 02:30:02.965479+00
e76210d3-b3cf-4ac8-8919-bf448dc75f63,SKU-12782,Gearbox H97,CTRA1-W-006-1,2026-07-21 02:30:02.965479+00
e78bb2e3-2001-4d09-ac74-265a31b01445,SKU-12217,Motor C13,CTRA1-R-038-2,2026-07-21 02:30:02.965479+00
e7a4a301-e9b0-4740-b19b-e9f38a99e094,SKU-10466,Casing M1,CTRA1-D-045-1,2026-07-21 02:30:02.965479+00
e7e6947e-3d5f-4abb-bec1-d37eda7a955b,SKU-12141,Panel H65,CTRA1-Q-063-2,2026-07-21 02:30:02.965479+00
e802c707-5e7b-46a1-90a8-93778cfc3762,SKU-12070,Gearbox Q68,CTRA1-Q-028-1,2026-07-21 02:30:02.965479+00
e807fbb2-9b9c-4802-ba14-9854b8ffcd01,SKU-10707,Body Shell G81,CTRA1-F-039-2,2026-07-21 02:30:02.965479+00
e8239b5d-baf5-4d49-9e13-216843ab59ca,SKU-12834,Panel M84,CTRA1-W-032-1,2026-07-21 02:30:02.965479+00
e823a4cb-9395-4173-9658-297470465f4a,SKU-12446,Motor U62,CTRA1-T-027-1,2026-07-21 02:30:02.965479+00
e839cf94-db57-4389-838e-1ebcec1dfced,SKU-10245,Gearbox O51,CTRA1-B-060-2,2026-07-21 02:30:02.965479+00
e83a6d26-d746-46da-b421-7020123aaac8,SKU-10288,Casing J83,CTRA1-C-019-1,2026-07-21 02:30:02.965479+00
e8455294-9a4c-48e8-b321-d845e3df2e8c,SKU-10007,Panel B1,CTRA1-A-004-2,2026-07-21 02:30:02.965479+00
e865a2ee-53bb-4102-b707-9d1113d2bffb,SKU-11539,Casing G2,CTRA1-M-014-2,2026-07-21 02:30:02.965479+00
e888ca13-09cc-45d2-ae98-b365084989a4,SKU-11885,Chassis K35,CTRA1-O-061-2,2026-07-21 02:30:02.965479+00
e8975992-9b10-4610-b6c2-ca81b8a9cfd1,SKU-11262,Wheel Axle J20,CTRA1-K-002-1,2026-07-21 02:30:02.965479+00
e8a988f8-fc1b-47b4-87f5-09255f98696d,SKU-12231,Motor E24,CTRA1-R-045-2,2026-07-21 02:30:02.965479+00
e8ca162a-91bc-4332-9e33-745570e76d31,SKU-11715,Wheel Axle L74,CTRA1-N-039-2,2026-07-21 02:30:02.965479+00
e8d83ec2-962a-4036-b0eb-e535d30483ce,SKU-11473,Motor G16,CTRA1-L-044-2,2026-07-21 02:30:02.965479+00
e8dbd247-8cdb-4bef-9045-c8e7857e47e5,SKU-11257,Sensor Component S43,CTRA1-J-062-2,2026-07-21 02:30:02.965479+00
e8ef1dab-99b5-4042-9032-e79ce39271e3,SKU-12908,Wheel Axle S23,CTRA1-X-006-1,2026-07-21 02:30:02.965479+00
e9040e3c-393d-4982-886f-2ff0b1729a4b,SKU-11040,Casing A91,CTRA1-I-017-1,2026-07-21 02:30:02.965479+00
e9280d80-918e-4d9f-8406-f99b722d9d80,SKU-12330,Wheel Axle Y72,CTRA1-S-032-1,2026-07-21 02:30:02.965479+00
e940c972-923d-4552-a954-8df831a71d75,SKU-12359,Casing V33,CTRA1-S-046-2,2026-07-21 02:30:02.965479+00
e959ef48-6ac7-4c6c-9da4-749ffd27c940,SKU-12019,Wheel Axle Q67,CTRA1-Q-002-2,2026-07-21 02:30:02.965479+00
e95ead73-e14f-4fbd-aa60-8022ae3856d1,SKU-11048,Sensor Component W73,CTRA1-I-021-1,2026-07-21 02:30:02.965479+00
e9665fd6-ffb1-4dea-924d-fc452a9397f4,SKU-12190,Body Shell X25,CTRA1-R-025-1,2026-07-21 02:30:02.965479+00
e973d3cc-c648-4e3a-a9fa-37699e557485,SKU-12620,Casing R97,CTRA1-U-051-1,2026-07-21 02:30:02.965479+00
e99ae9bc-bfe1-43af-8b77-79e487603f20,SKU-11671,Body Shell G60,CTRA1-N-017-2,2026-07-21 02:30:02.965479+00
e9bbc725-0dbe-4b9b-bf8f-eafee0eaaaa8,SKU-11971,Sensor Component Q33,CTRA1-P-041-2,2026-07-21 02:30:02.965479+00
e9bc1bfe-3f67-4c4a-ba2c-294cac22a00c,SKU-12996,Body Shell E15,CTRA1-X-050-1,2026-07-21 02:30:02.965479+00
e9c86ae1-fe29-4c7d-bed5-4e92f9942ab8,SKU-10852,Motor F10,CTRA1-G-049-1,2026-07-21 02:30:02.965479+00
e9cb0847-991a-4818-8c91-8802a6fd699f,SKU-10647,Wheel Axle P55,CTRA1-F-009-2,2026-07-21 02:30:02.965479+00
e9e1bb5c-4690-49f5-a8e2-dba444db34fa,SKU-11861,Body Shell Q32,CTRA1-O-049-2,2026-07-21 02:30:02.965479+00
e9e6af1d-123a-40ee-b3ac-7a460f8c289e,SKU-12528,Sensor Component L42,CTRA1-U-005-1,2026-07-21 02:30:02.965479+00
ea1e796a-5945-45f8-b5ea-a306ecbf4299,SKU-10763,Body Shell T51,CTRA1-G-004-2,2026-07-21 02:30:02.965479+00
ea3100be-db4b-4dbd-8a96-c31adce80dcc,SKU-11705,Gearbox E89,CTRA1-N-034-2,2026-07-21 02:30:02.965479+00
ea507b80-a173-4ff7-b1a0-3f9ac08aec37,SKU-10066,Panel T96,CTRA1-A-034-1,2026-07-21 02:30:02.965479+00
ea7f7902-8be5-4cac-8431-864a452fccfa,SKU-11911,Body Shell S96,CTRA1-P-011-2,2026-07-21 02:30:02.965479+00
ea8de92a-b5fa-40e1-a168-3430adc2027a,SKU-12569,Casing X56,CTRA1-U-025-2,2026-07-21 02:30:02.965479+00
eae5b0f8-5330-416e-9e4c-a59f78582f97,SKU-13017,Sensor Component T81,CTRA1-X-060-2,2026-07-21 02:30:02.965479+00
eaebdd44-2a9b-463c-b529-9f43697248f0,SKU-10794,Panel D58,CTRA1-G-020-1,2026-07-21 02:30:02.965479+00
eaf03291-f02a-43a3-9092-0558c6235d6c,SKU-11914,Casing S66,CTRA1-P-013-1,2026-07-21 02:30:02.965479+00
eaf70afc-02c9-4bd8-b5b3-f843321ceadc,SKU-11244,Gearbox Q6,CTRA1-J-056-1,2026-07-21 02:30:02.965479+00
eb10dc26-421c-4f96-b7d2-e1b3629aba2a,SKU-12237,Casing A84,CTRA1-R-048-2,2026-07-21 02:30:02.965479+00
eb3b0d66-b2b6-4046-9dcd-aa34bc38f940,SKU-10111,Motor K54,CTRA1-A-056-2,2026-07-21 02:30:02.965479+00
eb6972a8-57f4-49e7-b70b-756a04fe8f95,SKU-12361,Wheel Axle H79,CTRA1-S-047-2,2026-07-21 02:30:02.965479+00
eb6bb04a-4210-429f-9c46-b481c6569ca1,SKU-12873,Casing V5,CTRA1-W-051-2,2026-07-21 02:30:02.965479+00
eb7de21e-9270-4919-92a1-d707653391d3,SKU-10251,Casing U76,CTRA1-B-063-2,2026-07-21 02:30:02.965479+00
eb8e71de-774f-4b55-9923-3e12bec75c6b,SKU-12442,Casing Z39,CTRA1-T-025-1,2026-07-21 02:30:02.965479+00
eb9376c1-362f-46ad-aa38-c45b94e8780a,SKU-11599,Casing T29,CTRA1-M-044-2,2026-07-21 02:30:02.965479+00
eba9c5f0-0c88-4871-9a85-5ee7dee07ce3,SKU-10692,Gearbox Z97,CTRA1-F-032-1,2026-07-21 02:30:02.965479+00
ebb13ec0-8fa5-4338-9478-0769650294ec,SKU-10587,Motor Z40,CTRA1-E-042-2,2026-07-21 02:30:02.965479+00
ebb3eba9-b8ac-4ff4-9400-4b63f8a30083,SKU-11313,Gearbox P74,CTRA1-K-027-2,2026-07-21 02:30:02.965479+00
ec1df082-8a98-4d36-b089-9c8ed905865c,SKU-12084,Body Shell M44,CTRA1-Q-035-1,2026-07-21 02:30:02.965479+00
ec3317e2-4a5f-4901-9d7d-9bda5ba1d2a0,SKU-10353,Casing P64,CTRA1-C-051-2,2026-07-21 02:30:02.965479+00
ec42ff43-f200-47ac-a7d0-882c8e7df079,SKU-11399,Body Shell X97,CTRA1-L-007-2,2026-07-21 02:30:02.965479+00
ec70e020-9c1c-4002-8c9a-10b576f309be,SKU-11139,Casing N88,CTRA1-J-003-2,2026-07-21 02:30:02.965479+00
ec7a9763-947b-4a87-859a-e16ca446aadb,SKU-11125,Casing U49,CTRA1-I-059-2,2026-07-21 02:30:02.965479+00
ec8081c0-b68b-4df9-a432-11e18e18c9c5,SKU-10936,Chassis B55,CTRA1-H-028-1,2026-07-21 02:30:02.965479+00
ecab2671-d85f-4802-bc25-0dad77af5b48,SKU-10024,Body Shell Y79,CTRA1-A-013-1,2026-07-21 02:30:02.965479+00
ecaed750-626d-4794-b728-57eed61ecbd3,SKU-10165,Body Shell T60,CTRA1-B-020-2,2026-07-21 02:30:02.965479+00
eccee84c-c425-47bc-9a1b-faa4e678e8d6,SKU-10697,Gearbox W74,CTRA1-F-034-2,2026-07-21 02:30:02.965479+00
eceaa1c7-5608-4fa9-b4d6-d6a14d5e0bbf,SKU-11459,Body Shell T81,CTRA1-L-037-2,2026-07-21 02:30:02.965479+00
ecef72b6-9cdd-4553-b645-6fe1ebfe2aed,SKU-12449,Gearbox E49,CTRA1-T-028-2,2026-07-21 02:30:02.965479+00
ed17a13a-9c8f-4f8b-b866-d3497f958687,SKU-10044,Chassis Q4,CTRA1-A-023-1,2026-07-21 02:30:02.965479+00
ed1b73e5-3462-4cb9-bbb8-8291f9737c82,SKU-11691,Chassis B30,CTRA1-N-027-2,2026-07-21 02:30:02.965479+00
ed3455bf-358a-42d3-abb1-1f34c6f62d4a,SKU-10701,Motor M97,CTRA1-F-036-2,2026-07-21 02:30:02.965479+00
ed51e115-e88c-44d5-b784-970ae795df71,SKU-12303,Panel B8,CTRA1-S-018-2,2026-07-21 02:30:02.965479+00
ed8094ce-5114-46dc-a1e3-e0d538782b91,SKU-11261,Wheel Axle X60,CTRA1-K-001-2,2026-07-21 02:30:02.965479+00
ed951f6f-af59-4c1e-952c-2de02a30f237,SKU-10892,Wheel Axle D46,CTRA1-H-006-1,2026-07-21 02:30:02.965479+00
ed9d2c8b-15b0-48a5-8e4a-9eccdc592bbc,SKU-10413,Chassis R82,CTRA1-D-018-2,2026-07-21 02:30:02.965479+00
edaaf767-e4f2-420e-9d85-1e36195843b7,SKU-12440,Body Shell D84,CTRA1-T-024-1,2026-07-21 02:30:02.965479+00
edb6415e-45f7-4de3-bd8a-351da3891614,SKU-11317,Panel Q29,CTRA1-K-029-2,2026-07-21 02:30:02.965479+00
edb6bba2-3367-4942-9efb-07c6f3ff9662,SKU-11922,Motor Y44,CTRA1-P-017-1,2026-07-21 02:30:02.965479+00
edbddf11-0373-4e7f-b821-9082860a1391,SKU-12006,Gearbox K22,CTRA1-P-059-1,2026-07-21 02:30:02.965479+00
ede221ac-f0e8-4322-af8c-3ed28de02a64,SKU-11329,Panel R17,CTRA1-K-035-2,2026-07-21 02:30:02.965479+00
ede7100b-2932-44fa-bc28-ff21042232d6,SKU-12150,Gearbox A36,CTRA1-R-005-1,2026-07-21 02:30:02.965479+00
edf74999-170f-4215-be4e-35969205c51e,SKU-11632,Panel Z1,CTRA1-M-061-1,2026-07-21 02:30:02.965479+00
ee04dd55-3a06-4f5a-a644-0cbb5c2765b6,SKU-11703,Wheel Axle Y91,CTRA1-N-033-2,2026-07-21 02:30:02.965479+00
ee062bba-12fa-4481-8797-5126dfb3280d,SKU-11995,Body Shell X34,CTRA1-P-053-2,2026-07-21 02:30:02.965479+00
ee093679-f53d-4508-8345-3d4bc0c3b0ec,SKU-11979,Panel D46,CTRA1-P-045-2,2026-07-21 02:30:02.965479+00
ee1b70b6-bd93-45eb-bc8d-694744143d55,SKU-10500,Gearbox M15,CTRA1-D-062-1,2026-07-21 02:30:02.965479+00
ee1e357a-c60e-40fa-960e-a217ba6b48c1,SKU-11704,Gearbox M5,CTRA1-N-034-1,2026-07-21 02:30:02.965479+00
ee507267-6780-4dff-aab1-263432e31111,SKU-11298,Sensor Component X75,CTRA1-K-020-1,2026-07-21 02:30:02.965479+00
ee8cb713-cf6f-43e5-9e05-0e8df96ff613,SKU-11187,Wheel Axle S64,CTRA1-J-027-2,2026-07-21 02:30:02.965479+00
ee97d2ae-ec47-4c60-be43-dbfca82ac8e9,SKU-12945,Motor Q33,CTRA1-X-024-2,2026-07-21 02:30:02.965479+00
ee9b01a5-41da-49db-af34-b6026001b7c7,SKU-10266,Wheel Axle M40,CTRA1-C-008-1,2026-07-21 02:30:02.965479+00
eea7a140-a8ab-4f6d-8549-2508dca095ab,SKU-12862,Casing I59,CTRA1-W-046-1,2026-07-21 02:30:02.965479+00
eea89bc1-ba78-458d-804a-f57df9d6ae33,SKU-12758,Chassis W89,CTRA1-V-057-1,2026-07-21 02:30:02.965479+00
eebb5bb9-75f5-451a-97a5-d0c5360d6acf,SKU-10014,Sensor Component N98,CTRA1-A-008-1,2026-07-21 02:30:02.965479+00
eeeb199f-5442-44ac-977f-6aeed1ee47be,SKU-12103,Motor X53,CTRA1-Q-044-2,2026-07-21 02:30:02.965479+00
ef09aa7c-9ed8-4618-9649-2ac500481160,SKU-11840,Casing W50,CTRA1-O-039-1,2026-07-21 02:30:02.965479+00
ef2c37b3-be3f-4506-9ff7-957ede1279ae,SKU-11623,Wheel Axle I41,CTRA1-M-056-2,2026-07-21 02:30:02.965479+00
ef44c976-6e21-4bba-80c1-06be9ba8a460,SKU-12281,Wheel Axle H76,CTRA1-S-007-2,2026-07-21 02:30:02.965479+00
ef62c2a3-4ef0-4c2f-ac83-ded3a7a02779,SKU-12826,Chassis J2,CTRA1-W-028-1,2026-07-21 02:30:02.965479+00
efbedad8-1728-48d0-b714-977b2a2ef8ba,SKU-10403,Casing M53,CTRA1-D-013-2,2026-07-21 02:30:02.965479+00
efc7b463-32fb-4e47-965e-6e1af6c21296,SKU-12257,Motor C52,CTRA1-R-058-2,2026-07-21 02:30:02.965479+00
efcabbd1-c325-451a-bcc9-d287e7266f2e,SKU-12967,Body Shell D50,CTRA1-X-035-2,2026-07-21 02:30:02.965479+00
efdf249c-9800-4783-836a-5c20596adc49,SKU-11371,Panel W68,CTRA1-K-056-2,2026-07-21 02:30:02.965479+00
f006d95f-77fe-4d23-b869-e251a28ac8ee,SKU-12296,Chassis F93,CTRA1-S-015-1,2026-07-21 02:30:02.965479+00
f011f919-afda-488e-a844-c1395593ae05,SKU-11839,Wheel Axle P74,CTRA1-O-038-2,2026-07-21 02:30:02.965479+00
f025e829-6fd4-4635-8add-b26a5bc472c2,SKU-11656,Gearbox N19,CTRA1-N-010-1,2026-07-21 02:30:02.965479+00
f03ac45b-d00c-42d8-b38b-332d1c082bfa,SKU-12115,Body Shell E31,CTRA1-Q-050-2,2026-07-21 02:30:02.965479+00
f03c9df2-01b0-422a-9f52-b2c5fcb3fbdb,SKU-12750,Casing B59,CTRA1-V-053-1,2026-07-21 02:30:02.965479+00
f05e329d-7522-466f-8f5d-46c2e53180ca,SKU-11078,Panel W73,CTRA1-I-036-1,2026-07-21 02:30:02.965479+00
f06f02ca-42d5-4a64-9700-1fec8a3a4442,SKU-11736,Panel K56,CTRA1-N-050-1,2026-07-21 02:30:02.965479+00
f06fc11a-2396-4288-b171-7b100c38b86c,SKU-11106,Gearbox U81,CTRA1-I-050-1,2026-07-21 02:30:02.965479+00
f07e4a3b-d23c-405b-8063-c10723d0f227,SKU-10582,Body Shell J36,CTRA1-E-040-1,2026-07-21 02:30:02.965479+00
f080c2c4-8731-4c2b-8639-2680843ae628,SKU-10396,Casing B50,CTRA1-D-010-1,2026-07-21 02:30:02.965479+00
f09e0aff-a9b3-4a79-9885-54e4100549f6,SKU-13015,Body Shell Y10,CTRA1-X-059-2,2026-07-21 02:30:02.965479+00
f0af751d-85c8-41a6-a6d2-2ef9ee195313,SKU-12255,Chassis V38,CTRA1-R-057-2,2026-07-21 02:30:02.965479+00
f0b1fc1d-85b8-4b59-bf1c-f2fff2b5ba9b,SKU-11494,Casing S51,CTRA1-L-055-1,2026-07-21 02:30:02.965479+00
f0b58654-49c5-41f8-a2de-7b059fbc1f31,SKU-12783,Sensor Component B96,CTRA1-W-006-2,2026-07-21 02:30:02.965479+00
f0cb9e96-4c36-4be4-80b9-949334c3baf7,SKU-11643,Body Shell Y43,CTRA1-N-003-2,2026-07-21 02:30:02.965479+00
f0e46500-4940-4503-b04b-be2e5736a0a4,SKU-10687,Casing Y44,CTRA1-F-029-2,2026-07-21 02:30:02.965479+00
f0f6039a-5b19-4b1d-a083-3839013fae32,SKU-10267,Wheel Axle R80,CTRA1-C-008-2,2026-07-21 02:30:02.965479+00
f0f72204-2299-430f-b515-26124ac38e0a,SKU-10930,Body Shell B82,CTRA1-H-025-1,2026-07-21 02:30:02.965479+00
f11e6b6a-2d56-4c58-8fdf-2dd52d34e108,SKU-10710,Motor Y61,CTRA1-F-041-1,2026-07-21 02:30:02.965479+00
f1294cd5-b6f5-4a03-9f64-38cedf6c0225,SKU-12934,Wheel Axle B49,CTRA1-X-019-1,2026-07-21 02:30:02.965479+00
f139eaf3-45b3-432d-9b7c-56988664c0e5,SKU-10272,Gearbox E93,CTRA1-C-011-1,2026-07-21 02:30:02.965479+00
f14e0c2d-158a-42b1-a9b8-9a4f4b0d52b3,SKU-11994,Motor X30,CTRA1-P-053-1,2026-07-21 02:30:02.965479+00
f161e6de-9221-489d-9fd0-c810f5a31360,SKU-11216,Wheel Axle Q10,CTRA1-J-042-1,2026-07-21 02:30:02.965479+00
f176c22f-e6d8-4349-97b0-ee74a984c31a,SKU-11000,Motor K26,CTRA1-H-060-1,2026-07-21 02:30:02.965479+00
f177739b-d684-4771-9b83-76735d48ef05,SKU-10318,Wheel Axle P88,CTRA1-C-034-1,2026-07-21 02:30:02.965479+00
f186f941-6334-47fe-90b1-05a9e5b146a1,SKU-11144,Gearbox U59,CTRA1-J-006-1,2026-07-21 02:30:02.965479+00
f189cb09-3e0c-4f14-8dba-338bf3af86b4,SKU-12860,Body Shell L51,CTRA1-W-045-1,2026-07-21 02:30:02.965479+00
f18e67a3-e4a2-478f-80cd-199e8fa57d13,SKU-10843,Body Shell Z81,CTRA1-G-044-2,2026-07-21 02:30:02.965479+00
f19c9a9c-1842-454b-ae7a-14946dd4e441,SKU-10053,Casing Y29,CTRA1-A-027-2,2026-07-21 02:30:02.965479+00
f1d99e77-8be7-47ec-96d5-abf8800c4f3c,SKU-12762,Panel E56,CTRA1-V-059-1,2026-07-21 02:30:02.965479+00
f22e982a-425b-40e5-a83f-00cdd5dff038,SKU-12180,Panel V51,CTRA1-R-020-1,2026-07-21 02:30:02.965479+00
f2326c9e-ab5f-4dac-9a7e-a9c43081af4f,SKU-11949,Wheel Axle J58,CTRA1-P-030-2,2026-07-21 02:30:02.965479+00
f239eae6-dc5b-4e9d-b698-9fcafff20422,SKU-10789,Gearbox O15,CTRA1-G-017-2,2026-07-21 02:30:02.965479+00
f23f5e6d-071f-4561-aa0d-842b2864c50f,SKU-12795,Gearbox O62,CTRA1-W-012-2,2026-07-21 02:30:02.965479+00
f25a391a-6dab-49be-9905-2f67932a7b88,SKU-11844,Panel T26,CTRA1-O-041-1,2026-07-21 02:30:02.965479+00
f25f26f4-ca38-420b-9b24-476a82442d53,SKU-10326,Gearbox P35,CTRA1-C-038-1,2026-07-21 02:30:02.965479+00
f26d9593-8271-494e-a5d5-bbda8e51237c,SKU-10052,Casing G92,CTRA1-A-027-1,2026-07-21 02:30:02.965479+00
f271e9d2-674e-48f9-ad43-922e220a3544,SKU-11365,Sensor Component L89,CTRA1-K-053-2,2026-07-21 02:30:02.965479+00
f27596a7-734c-4a5d-ac14-05ffd6b7408a,SKU-11724,Body Shell T54,CTRA1-N-044-1,2026-07-21 02:30:02.965479+00
f277d325-a870-495f-9d83-85fc6c9ebc7f,HW-MT-01,Oversized Rubber Tires (Set of 4),CTRA1-M-032-1,2026-07-21 02:30:02.965479+00
f283f219-b876-4f10-a5b3-ef3856dc7cee,SKU-11148,Chassis F17,CTRA1-J-008-1,2026-07-21 02:30:02.965479+00
f29a2be5-12f3-4a05-b62d-01fa20f0a3ef,SKU-11481,Casing Q40,CTRA1-L-048-2,2026-07-21 02:30:02.965479+00
f2a43eca-9bc2-4cdd-a395-a43eaa4bf2a9,SKU-11404,Body Shell M78,CTRA1-L-010-1,2026-07-21 02:30:02.965479+00
f2e415dc-9e1a-47cf-a651-fc53eaf11ca9,SKU-11664,Body Shell P95,CTRA1-N-014-1,2026-07-21 02:30:02.965479+00
f302e843-8001-4099-8096-fb808bdd8f54,SKU-12098,Wheel Axle F26,CTRA1-Q-042-1,2026-07-21 02:30:02.965479+00
f337d175-3892-4458-8d93-1b4e053ab8a8,SKU-10122,Chassis F37,CTRA1-A-062-1,2026-07-21 02:30:02.965479+00
f33c6ccd-db23-4802-a7b7-9e9f7b28adc2,SKU-10847,Gearbox Q58,CTRA1-G-046-2,2026-07-21 02:30:02.965479+00
f3435dd9-19f1-48de-848e-5fe229bc40a5,SKU-12065,Gearbox S47,CTRA1-Q-025-2,2026-07-21 02:30:02.965479+00
f37f2598-01ac-4f5c-8165-acfe47287b5b,SKU-12495,Body Shell V8,CTRA1-T-051-2,2026-07-21 02:30:02.965479+00
f38eec7c-9d35-4689-aa2b-4f05d6456266,SKU-12591,Gearbox J36,CTRA1-U-036-2,2026-07-21 02:30:02.965479+00
f3c5ad68-a509-4302-a593-c7a37ad9ba52,SKU-10086,Body Shell L84,CTRA1-A-044-1,2026-07-21 02:30:02.965479+00
f3c9b2fe-76fb-43c4-bf20-a0d595367533,SKU-12909,Gearbox U87,CTRA1-X-006-2,2026-07-21 02:30:02.965479+00
f3db2e38-9022-4531-b29e-33fc52046b4c,SKU-10414,Chassis D2,CTRA1-D-019-1,2026-07-21 02:30:02.965479+00
f3e49521-b29f-4cde-9d8e-41aa8a3b5a89,SKU-11741,Sensor Component R75,CTRA1-N-052-2,2026-07-21 02:30:02.965479+00
f3e5bbc0-736b-4a9d-a218-4e66a458d8ca,SKU-10504,Casing Y27,CTRA1-E-001-1,2026-07-21 02:30:02.965479+00
f3e6cf36-31c1-434f-aa53-fc431a63a4a0,SKU-10148,Wheel Axle L20,CTRA1-B-012-1,2026-07-21 02:30:02.965479+00
f3f174c7-6b56-42f4-9aaf-4404b994eec6,SKU-10733,Body Shell K0,CTRA1-F-052-2,2026-07-21 02:30:02.965479+00
f3f63fc7-2c5c-4341-826f-c4065230443a,SKU-10034,Motor F68,CTRA1-A-018-1,2026-07-21 02:30:02.965479+00
f4047bb5-86fa-4668-a3e3-c0e1894d9107,SKU-12656,Chassis B80,CTRA1-V-006-1,2026-07-21 02:30:02.965479+00
f4160a5f-1799-4148-99c4-2b1696d92956,SKU-12700,Body Shell R70,CTRA1-V-028-1,2026-07-21 02:30:02.965479+00
f4212e12-ce3d-4501-9bea-7d4e86ab17d9,SKU-10576,Body Shell I52,CTRA1-E-037-1,2026-07-21 02:30:02.965479+00
f4266141-33c6-44f5-a36b-b289fa3e1afc,SKU-11107,Panel Y75,CTRA1-I-050-2,2026-07-21 02:30:02.965479+00
f429204b-80c4-475b-9b61-721128e4d970,SKU-10693,Motor B62,CTRA1-F-032-2,2026-07-21 02:30:02.965479+00
f435226b-59f2-4547-83a5-8b23da921ea2,SKU-10142,Body Shell Z62,CTRA1-B-009-1,2026-07-21 02:30:02.965479+00
f44dc40c-66bc-4620-8244-6ac255835e1f,SKU-11540,Motor B52,CTRA1-M-015-1,2026-07-21 02:30:02.965479+00
f4564dcc-696e-4ad6-a0b5-a342974b4c56,SKU-10838,Gearbox T46,CTRA1-G-042-1,2026-07-21 02:30:02.965479+00
f46764e9-c082-4ec6-a1c7-27a50a536723,SKU-11558,Casing N78,CTRA1-M-024-1,2026-07-21 02:30:02.965479+00
f47b35ca-ddf3-44ef-b521-c4e5df7c599f,SKU-11926,Motor X42,CTRA1-P-019-1,2026-07-21 02:30:02.965479+00
f49892e1-83e6-4315-8c85-f3ca3b0a0024,SKU-12849,Wheel Axle G28,CTRA1-W-039-2,2026-07-21 02:30:02.965479+00
f49c9a6c-3d11-46af-b177-3939ed543340,SKU-12352,Motor G25,CTRA1-S-043-1,2026-07-21 02:30:02.965479+00
f4c4c8fb-d025-4ea5-8d25-6d2984d3cfcb,SKU-12710,Wheel Axle O80,CTRA1-V-033-1,2026-07-21 02:30:02.965479+00
f4d4b87c-1f06-45ac-a40d-bfc79d8cd753,SKU-12722,Sensor Component G95,CTRA1-V-039-1,2026-07-21 02:30:02.965479+00
f4fbb202-340d-4a03-8d82-9364d1c951c8,SKU-12286,Body Shell O0,CTRA1-S-010-1,2026-07-21 02:30:02.965479+00
f5183205-8cd3-45e8-8a5d-e9b94cd2e3c7,SKU-11488,Gearbox R39,CTRA1-L-052-1,2026-07-21 02:30:02.965479+00
f5186de6-fb3c-4426-8951-86df710f97ee,SKU-11506,Motor F66,CTRA1-L-061-1,2026-07-21 02:30:02.965479+00
f51ceeef-8043-455f-9978-7e548b914b81,SKU-12730,Casing R38,CTRA1-V-043-1,2026-07-21 02:30:02.965479+00
f53abd43-85c8-4f15-9fdc-b78352362e5b,SKU-10572,Motor O24,CTRA1-E-035-1,2026-07-21 02:30:02.965479+00
f5455e69-5ec3-427a-a324-5f4171db6730,SKU-11812,Panel C44,CTRA1-O-025-1,2026-07-21 02:30:02.965479+00
f588dafd-fb90-4b20-b11e-4b26419e5d37,SKU-11038,Wheel Axle V47,CTRA1-I-016-1,2026-07-21 02:30:02.965479+00
f58ece85-6e50-40d3-876b-deca88946901,SKU-11891,Motor H89,CTRA1-O-064-2,2026-07-21 02:30:02.965479+00
f58f0382-f960-40eb-8611-b14eb90e15cf,SKU-10120,Motor Z71,CTRA1-A-061-1,2026-07-21 02:30:02.965479+00
f59d8a88-ff46-41d4-bde2-7267403c0bfe,SKU-10978,Gearbox T37,CTRA1-H-049-1,2026-07-21 02:30:02.965479+00
f5bd6644-f7d8-419c-b889-61bb8117aded,SKU-11674,Wheel Axle J44,CTRA1-N-019-1,2026-07-21 02:30:02.965479+00
f5d130fe-c25c-4fc1-9174-a8ed143e8b58,SKU-12109,Wheel Axle T24,CTRA1-Q-047-2,2026-07-21 02:30:02.965479+00
f63c4d4f-fd24-4765-90cb-89ee95ac5f78,SKU-10477,Motor Y81,CTRA1-D-050-2,2026-07-21 02:30:02.965479+00
f6492036-871e-4a00-9e39-b09119f1b94c,SKU-12416,Casing L86,CTRA1-T-012-1,2026-07-21 02:30:02.965479+00
f6549d75-2250-459b-bb06-db7781830fa9,SKU-10042,Gearbox G57,CTRA1-A-022-1,2026-07-21 02:30:02.965479+00
f67621d0-0932-4825-bfa5-91de13d8e874,SKU-11438,Wheel Axle U28,CTRA1-L-027-1,2026-07-21 02:30:02.965479+00
f6eaf416-529a-4d65-9b13-578924e4d2cb,SKU-11876,Panel R36,CTRA1-O-057-1,2026-07-21 02:30:02.965479+00
f6f70579-69fe-4017-b1c5-8401d283a83f,SKU-10894,Panel I89,CTRA1-H-007-1,2026-07-21 02:30:02.965479+00
f6fa7479-adc5-4f88-80dd-a77723bb0fcf,SKU-12910,Casing X56,CTRA1-X-007-1,2026-07-21 02:30:02.965479+00
f70f9524-dd91-4b29-99cf-f7dcd2273541,SKU-11512,Panel J43,CTRA1-M-001-1,2026-07-21 02:30:02.965479+00
f71b8369-8f4e-4c79-996c-f9b15c7569cf,SKU-11133,Motor X69,CTRA1-I-063-2,2026-07-21 02:30:02.965479+00
f72d85d2-f5ca-41ef-8e0a-f7ac33c03180,SKU-12005,Motor V24,CTRA1-P-058-2,2026-07-21 02:30:02.965479+00
f730d3ac-c964-45db-99df-bf4dcaf7dc41,SKU-10282,Motor J67,CTRA1-C-016-1,2026-07-21 02:30:02.965479+00
f745db9b-f3ee-45f0-a3ab-3a010628da6d,SKU-10800,Casing H76,CTRA1-G-023-1,2026-07-21 02:30:02.965479+00
f75485b6-3e46-4ede-9409-5cc428a9923e,SKU-12578,Casing P13,CTRA1-U-030-1,2026-07-21 02:30:02.965479+00
f764cf54-f30d-43c8-8383-56538649dfe4,SKU-11564,Body Shell K72,CTRA1-M-027-1,2026-07-21 02:30:02.965479+00
f76c172c-5f52-4cf7-bf84-8c254947a79e,SKU-10064,Panel Y74,CTRA1-A-033-1,2026-07-21 02:30:02.965479+00
f7706b3e-5881-4bf5-86d1-91d5d3bfdf8b,SKU-11084,Casing X22,CTRA1-I-039-1,2026-07-21 02:30:02.965479+00
f77837fa-8f31-4ed7-8949-fc72c93b3a79,SKU-12587,Body Shell C54,CTRA1-U-034-2,2026-07-21 02:30:02.965479+00
f77a2935-239c-4090-a12c-097977250aa9,SKU-11798,Gearbox C96,CTRA1-O-018-1,2026-07-21 02:30:02.965479+00
f7b03441-9e80-46c9-8a20-895da5116ca0,SKU-12947,Panel I37,CTRA1-X-025-2,2026-07-21 02:30:02.965479+00
f7b96938-b538-4265-9957-1db1cc31016c,SKU-10735,Panel S96,CTRA1-F-053-2,2026-07-21 02:30:02.965479+00
f7cb3eff-e39f-4e2e-9d34-9853361fc8a7,SKU-10237,Casing R64,CTRA1-B-056-2,2026-07-21 02:30:02.965479+00
f7cfc659-3c10-4279-a37b-f2b03c7eec5c,SKU-11434,Body Shell K2,CTRA1-L-025-1,2026-07-21 02:30:02.965479+00
f7d2141e-7a6d-48e7-8500-61b9b7bf877e,SKU-10675,Panel P98,CTRA1-F-023-2,2026-07-21 02:30:02.965479+00
f7d69eba-3f51-438a-a081-e625fb616e49,SKU-12203,Motor D25,CTRA1-R-031-2,2026-07-21 02:30:02.965479+00
f820ddb3-5e5f-4e74-8837-903f863a43ee,BB-DH-02,Dining Table Set,CTRA1-U-050-2,2026-07-21 02:30:02.965479+00
f8451d51-70ff-41a2-872f-c76af9b41b7e,SKU-11466,Panel W81,CTRA1-L-041-1,2026-07-21 02:30:02.965479+00
f85d0012-a525-4be4-969f-aa7c2d174123,SKU-11368,Panel O62,CTRA1-K-055-1,2026-07-21 02:30:02.965479+00
f860caed-31c4-4608-b4d0-de355b0fde90,SKU-11087,Wheel Axle A59,CTRA1-I-040-2,2026-07-21 02:30:02.965479+00
f86259ac-283d-46eb-bf34-d6d3348d303f,SKU-11101,Body Shell U28,CTRA1-I-047-2,2026-07-21 02:30:02.965479+00
f89dfe84-ee5c-41b0-8034-0d3e9ef06651,SKU-11690,Panel J90,CTRA1-N-027-1,2026-07-21 02:30:02.965479+00
f8d128f7-01cd-48c0-8cb3-b9ab6073c0d3,SKU-12400,Sensor Component V25,CTRA1-T-004-1,2026-07-21 02:30:02.965479+00
f8dffa1e-70de-4af1-b632-bf76452da2e8,SKU-11689,Body Shell Z46,CTRA1-N-026-2,2026-07-21 02:30:02.965479+00
f8fd2110-a9f0-4d9d-ab98-ea9dba522179,SKU-11500,Gearbox H40,CTRA1-L-058-1,2026-07-21 02:30:02.965479+00
f9006a99-f605-4ca9-9460-cfa38dc8d4ed,SKU-10240,Motor J30,CTRA1-B-058-1,2026-07-21 02:30:02.965479+00
f90eaae9-f6b6-4576-8d99-14fbc8984ad1,SKU-11595,Wheel Axle O93,CTRA1-M-042-2,2026-07-21 02:30:02.965479+00
f9228c55-078f-47b7-9a2b-dd10d0d851e5,SKU-11553,Wheel Axle S88,CTRA1-M-021-2,2026-07-21 02:30:02.965479+00
f93fcdc8-96f4-4e2f-91d8-2b69d18d9ebc,SKU-10996,Gearbox B70,CTRA1-H-058-1,2026-07-21 02:30:02.965479+00
f9470828-7125-4d15-bc86-dd38cdcdeffd,SKU-11688,Motor N4,CTRA1-N-026-1,2026-07-21 02:30:02.965479+00
f949ae4a-f634-43d7-8e05-5a1814a66981,SKU-12796,Motor E63,CTRA1-W-013-1,2026-07-21 02:30:02.965479+00
f95d1d26-191a-4747-955b-af342060db0b,SKU-11534,Panel O36,CTRA1-M-012-1,2026-07-21 02:30:02.965479+00
f96ab455-cd16-481f-b54b-25268d8fcba4,SKU-10931,Casing J97,CTRA1-H-025-2,2026-07-21 02:30:02.965479+00
f970a930-2b95-4154-a6c7-278bbbd0bdaa,SKU-10063,Casing B14,CTRA1-A-032-2,2026-07-21 02:30:02.965479+00
f9989680-5b18-4ccf-9092-55694a96d848,SKU-12764,Casing K42,CTRA1-V-060-1,2026-07-21 02:30:02.965479+00
f9e56fc4-760b-4d18-bf52-15a0f4cd2f9d,SKU-10371,Wheel Axle N34,CTRA1-C-060-2,2026-07-21 02:30:02.965479+00
f9e9d53e-f25c-4fdf-a8a6-cced6f4ab67b,SKU-12892,Casing R71,CTRA1-W-061-1,2026-07-21 02:30:02.965479+00
fa168304-8c61-429c-abf1-ec40b80ca4a7,SKU-11252,Gearbox G86,CTRA1-J-060-1,2026-07-21 02:30:02.965479+00
fa19caf5-1078-47e1-a646-e6f3e1deb2e4,SKU-10246,Casing F39,CTRA1-B-061-1,2026-07-21 02:30:02.965479+00
fa2f7ace-439f-4078-a69a-dd9b1af8f987,BB-DH-03,Staircase Assembly,CTRA1-W-060-1,2026-07-21 02:30:02.965479+00
fa3c0231-5d7f-4160-9db8-d1826ffafe81,SKU-12398,Gearbox G4,CTRA1-T-003-1,2026-07-21 02:30:02.965479+00
fa567669-516b-4eba-a0ca-91d4ac4629c9,SKU-12574,Wheel Axle I83,CTRA1-U-028-1,2026-07-21 02:30:02.965479+00
fa7ddabc-34d6-410c-98f3-f851e943051a,SKU-12816,Panel W52,CTRA1-W-023-1,2026-07-21 02:30:02.965479+00
faa18f62-a308-4520-a917-eb395b0080e1,SKU-11206,Body Shell G86,CTRA1-J-037-1,2026-07-21 02:30:02.965479+00
faab500d-72a5-431c-80e4-5a9898fcb78f,SKU-13010,Gearbox V10,CTRA1-X-057-1,2026-07-21 02:30:02.965479+00
faca6191-cc82-459f-90e5-9c2fb993b16b,SKU-11886,Panel L97,CTRA1-O-062-1,2026-07-21 02:30:02.965479+00
fb058a41-550d-4c4a-8179-dfaf12b3f781,SKU-12788,Panel Y35,CTRA1-W-009-1,2026-07-21 02:30:02.965479+00
fb348562-637d-4b0a-8a26-f6314755f0d9,SKU-10594,Wheel Axle X23,CTRA1-E-046-1,2026-07-21 02:30:02.965479+00
fb7399ff-d3a5-4b0f-bd4e-eb6d2263481a,SKU-10782,Body Shell F3,CTRA1-G-014-1,2026-07-21 02:30:02.965479+00
fbbaca5d-c59b-4238-bcbf-3caccda382d4,SKU-11178,Motor H75,CTRA1-J-023-1,2026-07-21 02:30:02.965479+00
fbbc95c2-74bf-4299-90d8-0f6dee5888dc,SKU-11453,Casing D58,CTRA1-L-034-2,2026-07-21 02:30:02.965479+00
fbc3b19b-f2e8-4cd2-addf-14312e40e009,SKU-10977,Motor M68,CTRA1-H-048-2,2026-07-21 02:30:02.965479+00
fbe70231-7a72-429d-8309-3f9148ce61c4,SKU-12121,Gearbox C79,CTRA1-Q-053-2,2026-07-21 02:30:02.965479+00
fbf51c0a-98a6-41a1-9f3c-56f3e501c185,SKU-12885,Wheel Axle G33,CTRA1-W-057-2,2026-07-21 02:30:02.965479+00
fbf93475-0b32-440d-9a8a-a39dcb3dc2fc,SKU-13008,Chassis M39,CTRA1-X-056-1,2026-07-21 02:30:02.965479+00
fbfc0b6a-5bc0-41d6-8f7c-f6b426a86272,SKU-10655,Body Shell B64,CTRA1-F-013-2,2026-07-21 02:30:02.965479+00
fbfe58f3-9e4b-4ef8-9cd1-bfcc7b00caf4,SKU-12952,Panel S97,CTRA1-X-028-1,2026-07-21 02:30:02.965479+00
fc028770-c87d-47be-97e3-87e3e5266c49,SKU-12108,Motor L38,CTRA1-Q-047-1,2026-07-21 02:30:02.965479+00
fc0d5dd7-b178-4ee0-9d67-8de930d7cc12,SKU-12432,Wheel Axle L89,CTRA1-T-020-1,2026-07-21 02:30:02.965479+00
fc14480e-6274-4b3c-b678-b28e1c2442d2,SKU-12525,Chassis X34,CTRA1-U-003-2,2026-07-21 02:30:02.965479+00
fc1d4e04-469b-4197-8509-1c00ad9e8a91,SKU-12075,Sensor Component L75,CTRA1-Q-030-2,2026-07-21 02:30:02.965479+00
fc3d472b-a264-460a-a31f-938aa1d8c6c7,SKU-11987,Body Shell L13,CTRA1-P-049-2,2026-07-21 02:30:02.965479+00
fc4206b7-7838-462a-b2f5-21c841ce458f,SKU-10005,Body Shell D90,CTRA1-A-003-2,2026-07-21 02:30:02.965479+00
fc42bb21-2b4a-4f7e-af5a-1ab4d3ffc5b8,SKU-10076,Panel F49,CTRA1-A-039-1,2026-07-21 02:30:02.965479+00
fc453047-f4d6-42ef-8818-d0a81353efad,SKU-12447,Wheel Axle P57,CTRA1-T-027-2,2026-07-21 02:30:02.965479+00
fc45e791-eacf-40aa-a307-d269d31bd646,SKU-10393,Gearbox I19,CTRA1-D-008-2,2026-07-21 02:30:02.965479+00
fc7a52c1-ecc0-4acb-abd6-5af837571194,SKU-12539,Gearbox B69,CTRA1-U-010-2,2026-07-21 02:30:02.965479+00
fc815d46-94f4-474d-8829-72cf11536b96,SKU-12515,Wheel Axle Z19,CTRA1-T-061-2,2026-07-21 02:30:02.965479+00
fc86257f-c666-41ed-b1ca-29e119d72ab9,SKU-10029,Wheel Axle M82,CTRA1-A-015-2,2026-07-21 02:30:02.965479+00
fc899cec-5c24-456e-adc1-35c16bbc23bf,SKU-10683,Body Shell J4,CTRA1-F-027-2,2026-07-21 02:30:02.965479+00
fc89c6da-0919-4df6-a354-996ab3b49fed,SKU-12727,Gearbox Z93,CTRA1-V-041-2,2026-07-21 02:30:02.965479+00
fcbb6f50-d6e6-43d9-9240-444c812a4169,SKU-11814,Wheel Axle E50,CTRA1-O-026-1,2026-07-21 02:30:02.965479+00
fcc60252-1837-4e4c-bda3-6c09404be018,SKU-12323,Casing E17,CTRA1-S-028-2,2026-07-21 02:30:02.965479+00
fcd8b628-ca5f-4df7-bc41-ae3324e2afd1,SKU-11816,Gearbox O35,CTRA1-O-027-1,2026-07-21 02:30:02.965479+00
fce26adf-2291-4801-8438-310b2dfd791d,SKU-10740,Body Shell Z74,CTRA1-F-056-1,2026-07-21 02:30:02.965479+00
fceb1e54-3e45-4682-8a4a-ca0a989ed30c,SKU-12287,Sensor Component B83,CTRA1-S-010-2,2026-07-21 02:30:02.965479+00
fcecedd1-4863-4958-9918-b350e5bc591e,SKU-10388,Wheel Axle S79,CTRA1-D-006-1,2026-07-21 02:30:02.965479+00
fd01373a-7b3d-4969-907f-93a24b9746a1,SKU-11348,Sensor Component P21,CTRA1-K-045-1,2026-07-21 02:30:02.965479+00
fd45d37c-3a51-41c8-8767-8b84740ee049,SKU-12641,Gearbox J12,CTRA1-U-061-2,2026-07-21 02:30:02.965479+00
fd5b816d-0c6e-4a74-81e9-c567ebdda6b2,SKU-10547,Wheel Axle C3,CTRA1-E-022-2,2026-07-21 02:30:02.965479+00
fd6db8ac-449a-435e-b258-985085fb45cc,SKU-12512,Body Shell F39,CTRA1-T-060-1,2026-07-21 02:30:02.965479+00
fd83b43d-0709-48e1-b6eb-35dc35171182,SKU-11982,Sensor Component Y76,CTRA1-P-047-1,2026-07-21 02:30:02.965479+00
fd84be48-0d40-4f12-a14a-9952c7b75cd4,SKU-11683,Casing Y78,CTRA1-N-023-2,2026-07-21 02:30:02.965479+00
fd85f483-3bc7-44ce-a777-c4ea549a390a,SKU-12342,Gearbox L68,CTRA1-S-038-1,2026-07-21 02:30:02.965479+00
fd9bf0e9-303c-4825-88de-effa74f682ce,SKU-12684,Motor U2,CTRA1-V-020-1,2026-07-21 02:30:02.965479+00
fdb64987-36ed-4cee-bf9a-2134098678ea,SKU-11385,Casing P64,CTRA1-K-063-2,2026-07-21 02:30:02.965479+00
fdcacbd4-b3fc-4bb0-823d-c74c715ae48e,SKU-11541,Casing W61,CTRA1-M-015-2,2026-07-21 02:30:02.965479+00
fdd68c4b-98bf-43d2-88f6-31678f1ebb2a,SKU-10589,Motor Q98,CTRA1-E-043-2,2026-07-21 02:30:02.965479+00
fde639c2-c3be-4074-af82-6acda8468125,SKU-11768,Panel O41,CTRA1-O-003-1,2026-07-21 02:30:02.965479+00
fdf4dcbd-e25c-455e-86c6-e7de915922ad,SKU-10302,Wheel Axle T5,CTRA1-C-026-1,2026-07-21 02:30:02.965479+00
fe013312-c10d-4033-9bce-4ec582a14633,SKU-10809,Gearbox A74,CTRA1-G-027-2,2026-07-21 02:30:02.965479+00
fe045fab-5caf-40ff-8925-a40534a4eb3f,SKU-10646,Panel M58,CTRA1-F-009-1,2026-07-21 02:30:02.965479+00
fe2eb9aa-e3ce-4406-a761-4f9d166a66d6,SKU-12959,Motor E4,CTRA1-X-031-2,2026-07-21 02:30:02.965479+00
fe2f9284-38de-46e6-b8bd-b150348aa6f5,SKU-11744,Motor M69,CTRA1-N-054-1,2026-07-21 02:30:02.965479+00
fe565f1c-fc87-4b2b-a3c3-55bf663afc8c,SKU-12169,Body Shell P46,CTRA1-R-014-2,2026-07-21 02:30:02.965479+00
fe5ffa30-e2d7-4363-b296-aa9c112b67ea,SKU-10922,Body Shell P78,CTRA1-H-021-1,2026-07-21 02:30:02.965479+00
fe6a5aea-29de-41d4-a730-d1909f77e604,SKU-11355,Panel G68,CTRA1-K-048-2,2026-07-21 02:30:02.965479+00
fe6fa6cc-b263-4e64-afd3-530092d03d90,SKU-11026,Body Shell L75,CTRA1-I-010-1,2026-07-21 02:30:02.965479+00
fec52b8e-0e04-40d9-8f85-8fb0d17f669a,SKU-12252,Panel S91,CTRA1-R-056-1,2026-07-21 02:30:02.965479+00
fedc9147-2c4d-428e-87a2-8f83663a5ec2,SKU-11753,Casing V41,CTRA1-N-058-2,2026-07-21 02:30:02.965479+00
feeceedd-78e6-45eb-b1f2-140850e076aa,SKU-10786,Casing X83,CTRA1-G-016-1,2026-07-21 02:30:02.965479+00
fef06c20-bbe3-4672-9da8-2c05771aec57,SKU-11305,Gearbox T56,CTRA1-K-023-2,2026-07-21 02:30:02.965479+00
ff2cf052-1d12-4d01-90d3-577d98411222,SKU-10552,Motor J85,CTRA1-E-025-1,2026-07-21 02:30:02.965479+00
ff2ee2ba-9de8-4030-bcc0-3fa9d01fafe2,SKU-12978,Gearbox G1,CTRA1-X-041-1,2026-07-21 02:30:02.965479+00
ff30d737-7000-4d98-bb28-48a3f5ee19b4,SKU-12142,Body Shell W75,CTRA1-Q-064-1,2026-07-21 02:30:02.965479+00
ff59707a-91b2-4841-b0c5-a34efc257319,SKU-10805,Casing K79,CTRA1-G-025-2,2026-07-21 02:30:02.965479+00
ff60b24a-f0a3-4554-983d-404422c57442,SKU-11996,Wheel Axle E36,CTRA1-P-054-1,2026-07-21 02:30:02.965479+00
ff6276ed-62ad-4ea5-a4c2-b01f5796bc5b,SKU-12520,Casing K13,CTRA1-U-001-1,2026-07-21 02:30:02.965479+00
ff6c652a-7e61-4e6e-a744-5623d5e10575,SKU-11278,Casing I88,CTRA1-K-010-1,2026-07-21 02:30:02.965479+00
ff712ad5-39c1-4acc-9d99-fcd21078f626,SKU-12289,Chassis X27,CTRA1-S-011-2,2026-07-21 02:30:02.965479+00
ff9eb0f1-6dcc-4a43-ae64-c392453908f5,SKU-10217,Body Shell U21,CTRA1-B-046-2,2026-07-21 02:30:02.965479+00
ffa7a392-2925-4e6b-9a2a-74cce475f1a0,SKU-10192,Body Shell V11,CTRA1-B-034-1,2026-07-21 02:30:02.965479+00
ffadf248-136b-4f8f-a1fd-5e6b108e78f1,SKU-10871,Body Shell D85,CTRA1-G-058-2,2026-07-21 02:30:02.965479+00
ffb77629-4b8f-4c95-8324-5292bdacdfe7,SKU-10107,Gearbox S97,CTRA1-A-054-2,2026-07-21 02:30:02.965479+00
ffbf6cfa-df85-4d45-aa07-85bbd22b6c77,SKU-12138,Panel L59,CTRA1-Q-062-1,2026-07-21 02:30:02.965479+00
ffc84ccf-cd4a-497c-b07b-8e5ca71f6b96,SKU-11499,Body Shell A57,CTRA1-L-057-2,2026-07-21 02:30:02.965479+00
ffe04989-16a3-4a49-bbaa-8d0957b04729,SKU-10221,Gearbox H42,CTRA1-B-048-2,2026-07-21 02:30:02.965479+00
ffe4356e-405f-4b29-870f-6494c6cf077a,SKU-12343,Chassis N40,CTRA1-S-038-2,2026-07-21 02:30:02.965479+00
fff96af4-1ab3-4e0f-bfbb-dce5bdf9322c,SKU-10628,Casing O24,CTRA1-E-063-1,2026-07-21 02:30:02.965479+00
fffafdbf-d75f-4eb6-8dfd-1c4b8b08fe9c,SKU-12089,Body Shell U40,CTRA1-Q-037-2,2026-07-21 02:30:02.965479+00
fffc3c12-bccf-4c11-816f-57096d3504dd,BB-FA-03,Sunglasses and Hats,CTRA1-X-015-2,2026-07-21 02:30:02.965479+00